filename,abs_path,parent_dir
 blue strip thin fabric_BaseColor.jpg,/Volumes/Data/University/PPMGR/Blender_Mat_Generator_PPMGR/Projects/textures/ blue strip thin fabric_BaseColor.jpg,/Volumes/Data/University/PPMGR/Blender_Mat_Generator_PPMGR/Projects/textures
 bluerock pavement b_BaseColor.jpg,/Volumes/Data/University/PPMGR/Blender_Mat_Generator_PPMGR/Projects/textures/ bluerock pavement b_BaseColor.jpg,/Volumes/Data/University/PPMGR/Blender_Mat_Generator_PPMGR/Projects/textures
 bluerock pavement moss_BaseColor.jpg,/Volumes/Data/University/PPMGR/Blender_Mat_Generator_PPMGR/Projects/textures/ bluerock pavement moss_BaseColor.jpg,/Volumes/Data/University/PPMGR/Blender_Mat_Generator_PPMGR/Projects/textures
 bluerock pavement snow_BaseColor.jpg,/Volumes/Data/University/PPMGR/Blender_Mat_Generator_PPMGR/Projects/textures/ bluerock pavement snow_BaseColor.jpg,/Volumes/Data/University/PPMGR/Blender_Mat_Generator_PPMGR/Projects/textures
 bluerock pavement_BaseColor.jpg,/Volumes/Data/University/PPMGR/Blender_Mat_Generator_PPMGR/Projects/textures/ bluerock pavement_BaseColor.jpg,/Volumes/Data/University/PPMGR/Blender_Mat_Generator_PPMGR/Projects/textures
 marble square basket_BaseColor.jpg,/Volumes/Data/University/PPMGR/Blender_Mat_Generator_PPMGR/Projects/textures/ marble square basket_BaseColor.jpg,/Volumes/Data/University/PPMGR/Blender_Mat_Generator_PPMGR/Projects/textures
 red double zig zag fabric_BaseColor.jpg,/Volumes/Data/University/PPMGR/Blender_Mat_Generator_PPMGR/Projects/textures/ red double zig zag fabric_BaseColor.jpg,/Volumes/Data/University/PPMGR/Blender_Mat_Generator_PPMGR/Projects/textures
 red small dot fabric_BaseColor.jpg,/Volumes/Data/University/PPMGR/Blender_Mat_Generator_PPMGR/Projects/textures/ red small dot fabric_BaseColor.jpg,/Volumes/Data/University/PPMGR/Blender_Mat_Generator_PPMGR/Projects/textures
 sheet damaged rusted metal  2_BaseColor.jpg,/Volumes/Data/University/PPMGR/Blender_Mat_Generator_PPMGR/Projects/textures/ sheet damaged rusted metal  2_BaseColor.jpg,/Volumes/Data/University/PPMGR/Blender_Mat_Generator_PPMGR/Projects/textures
 silver small dot fabric_BaseColor.jpg,/Volumes/Data/University/PPMGR/Blender_Mat_Generator_PPMGR/Projects/textures/ silver small dot fabric_BaseColor.jpg,/Volumes/Data/University/PPMGR/Blender_Mat_Generator_PPMGR/Projects/textures
-basecolor.jpg,/Volumes/Data/University/PPMGR/Blender_Mat_Generator_PPMGR/Projects/textures/-basecolor.jpg,/Volumes/Data/University/PPMGR/Blender_Mat_Generator_PPMGR/Projects/textures
00000-2494854407.jpg,/Volumes/Data/University/PPMGR/Blender_Mat_Generator_PPMGR/Projects/textures/00000-2494854407.jpg,/Volumes/Data/University/PPMGR/Blender_Mat_Generator_PPMGR/Projects/textures
00000.jpg,/Volumes/Data/University/PPMGR/Blender_Mat_Generator_PPMGR/Projects/textures/00000.jpg,/Volumes/Data/University/PPMGR/Blender_Mat_Generator_PPMGR/Projects/textures
00002-2494854409.jpg,/Volumes/Data/University/PPMGR/Blender_Mat_Generator_PPMGR/Projects/textures/00002-2494854409.jpg,/Volumes/Data/University/PPMGR/Blender_Mat_Generator_PPMGR/Projects/textures
00002-2494854409_normals.jpg,/Volumes/Data/University/PPMGR/Blender_Mat_Generator_PPMGR/Projects/textures/00002-2494854409_normals.jpg,/Volumes/Data/University/PPMGR/Blender_Mat_Generator_PPMGR/Projects/textures
00007-2494854414.jpg,/Volumes/Data/University/PPMGR/Blender_Mat_Generator_PPMGR/Projects/textures/00007-2494854414.jpg,/Volumes/Data/University/PPMGR/Blender_Mat_Generator_PPMGR/Projects/textures
00009-2494854416.jpg,/Volumes/Data/University/PPMGR/Blender_Mat_Generator_PPMGR/Projects/textures/00009-2494854416.jpg,/Volumes/Data/University/PPMGR/Blender_Mat_Generator_PPMGR/Projects/textures
02 GraniteTilesSandyGrout Diffuse.jpg,/Volumes/Data/University/PPMGR/Blender_Mat_Generator_PPMGR/Projects/textures/02 GraniteTilesSandyGrout Diffuse.jpg,/Volumes/Data/University/PPMGR/Blender_Mat_Generator_PPMGR/Projects/textures
05.jpg,/Volumes/Data/University/PPMGR/Blender_Mat_Generator_PPMGR/Projects/textures/05.jpg,/Volumes/Data/University/PPMGR/Blender_Mat_Generator_PPMGR/Projects/textures
06.jpg,/Volumes/Data/University/PPMGR/Blender_Mat_Generator_PPMGR/Projects/textures/06.jpg,/Volumes/Data/University/PPMGR/Blender_Mat_Generator_PPMGR/Projects/textures
08.jpg,/Volumes/Data/University/PPMGR/Blender_Mat_Generator_PPMGR/Projects/textures/08.jpg,/Volumes/Data/University/PPMGR/Blender_Mat_Generator_PPMGR/Projects/textures
12.jpg,/Volumes/Data/University/PPMGR/Blender_Mat_Generator_PPMGR/Projects/textures/12.jpg,/Volumes/Data/University/PPMGR/Blender_Mat_Generator_PPMGR/Projects/textures
123_diffuseOriginal.jpg,/Volumes/Data/University/PPMGR/Blender_Mat_Generator_PPMGR/Projects/textures/123_diffuseOriginal.jpg,/Volumes/Data/University/PPMGR/Blender_Mat_Generator_PPMGR/Projects/textures
123_diffuseOriginal.png,/Volumes/Data/University/PPMGR/Blender_Mat_Generator_PPMGR/Projects/textures/123_diffuseOriginal.png,/Volumes/Data/University/PPMGR/Blender_Mat_Generator_PPMGR/Projects/textures
125_diffuseOriginal.jpg,/Volumes/Data/University/PPMGR/Blender_Mat_Generator_PPMGR/Projects/textures/125_diffuseOriginal.jpg,/Volumes/Data/University/PPMGR/Blender_Mat_Generator_PPMGR/Projects/textures
1_diffuse.jpg,/Volumes/Data/University/PPMGR/Blender_Mat_Generator_PPMGR/Projects/textures/1_diffuse.jpg,/Volumes/Data/University/PPMGR/Blender_Mat_Generator_PPMGR/Projects/textures
1_diffuseOriginal.jpg,/Volumes/Data/University/PPMGR/Blender_Mat_Generator_PPMGR/Projects/textures/1_diffuseOriginal.jpg,/Volumes/Data/University/PPMGR/Blender_Mat_Generator_PPMGR/Projects/textures
222222222222_diffuseOriginal.jpg,/Volumes/Data/University/PPMGR/Blender_Mat_Generator_PPMGR/Projects/textures/222222222222_diffuseOriginal.jpg,/Volumes/Data/University/PPMGR/Blender_Mat_Generator_PPMGR/Projects/textures
222_diffuseOriginal.jpg,/Volumes/Data/University/PPMGR/Blender_Mat_Generator_PPMGR/Projects/textures/222_diffuseOriginal.jpg,/Volumes/Data/University/PPMGR/Blender_Mat_Generator_PPMGR/Projects/textures
24 k gold layer_BaseColor.jpg,/Volumes/Data/University/PPMGR/Blender_Mat_Generator_PPMGR/Projects/textures/24 k gold layer_BaseColor.jpg,/Volumes/Data/University/PPMGR/Blender_Mat_Generator_PPMGR/Projects/textures
2K-Leather_22_Base Color.jpg,/Volumes/Data/University/PPMGR/Blender_Mat_Generator_PPMGR/Projects/textures/2K-Leather_22_Base Color.jpg,/Volumes/Data/University/PPMGR/Blender_Mat_Generator_PPMGR/Projects/textures
2K-Leather_23_Base Color.jpg,/Volumes/Data/University/PPMGR/Blender_Mat_Generator_PPMGR/Projects/textures/2K-Leather_23_Base Color.jpg,/Volumes/Data/University/PPMGR/Blender_Mat_Generator_PPMGR/Projects/textures
2K-Leather_25_Base Color.jpg,/Volumes/Data/University/PPMGR/Blender_Mat_Generator_PPMGR/Projects/textures/2K-Leather_25_Base Color.jpg,/Volumes/Data/University/PPMGR/Blender_Mat_Generator_PPMGR/Projects/textures
2K-Soil puddle_Diffuse.jpg,/Volumes/Data/University/PPMGR/Blender_Mat_Generator_PPMGR/Projects/textures/2K-Soil puddle_Diffuse.jpg,/Volumes/Data/University/PPMGR/Blender_Mat_Generator_PPMGR/Projects/textures
2K-Untitled_Diffuse.jpg,/Volumes/Data/University/PPMGR/Blender_Mat_Generator_PPMGR/Projects/textures/2K-Untitled_Diffuse.jpg,/Volumes/Data/University/PPMGR/Blender_Mat_Generator_PPMGR/Projects/textures
2K-alien_skin_1-diffuse.jpg,/Volumes/Data/University/PPMGR/Blender_Mat_Generator_PPMGR/Projects/textures/2K-alien_skin_1-diffuse.jpg,/Volumes/Data/University/PPMGR/Blender_Mat_Generator_PPMGR/Projects/textures
2K-alien_skin_1-specular.jpg,/Volumes/Data/University/PPMGR/Blender_Mat_Generator_PPMGR/Projects/textures/2K-alien_skin_1-specular.jpg,/Volumes/Data/University/PPMGR/Blender_Mat_Generator_PPMGR/Projects/textures
2K-alien_skin_3-diffuse.jpg,/Volumes/Data/University/PPMGR/Blender_Mat_Generator_PPMGR/Projects/textures/2K-alien_skin_3-diffuse.jpg,/Volumes/Data/University/PPMGR/Blender_Mat_Generator_PPMGR/Projects/textures
2K-alien_skin_3-specular.jpg,/Volumes/Data/University/PPMGR/Blender_Mat_Generator_PPMGR/Projects/textures/2K-alien_skin_3-specular.jpg,/Volumes/Data/University/PPMGR/Blender_Mat_Generator_PPMGR/Projects/textures
2K-alien_skin_5-diffuse.jpg,/Volumes/Data/University/PPMGR/Blender_Mat_Generator_PPMGR/Projects/textures/2K-alien_skin_5-diffuse.jpg,/Volumes/Data/University/PPMGR/Blender_Mat_Generator_PPMGR/Projects/textures
2K-american_oak_1_basecolor.png,/Volumes/Data/University/PPMGR/Blender_Mat_Generator_PPMGR/Projects/textures/2K-american_oak_1_basecolor.png,/Volumes/Data/University/PPMGR/Blender_Mat_Generator_PPMGR/Projects/textures
2K-american_oak_1_basecolor.png.png,/Volumes/Data/University/PPMGR/Blender_Mat_Generator_PPMGR/Projects/textures/2K-american_oak_1_basecolor.png.png,/Volumes/Data/University/PPMGR/Blender_Mat_Generator_PPMGR/Projects/textures
2K-american_walnut_1_basecolor.png,/Volumes/Data/University/PPMGR/Blender_Mat_Generator_PPMGR/Projects/textures/2K-american_walnut_1_basecolor.png,/Volumes/Data/University/PPMGR/Blender_Mat_Generator_PPMGR/Projects/textures
2K-american_walnut_1_basecolor.png.png,/Volumes/Data/University/PPMGR/Blender_Mat_Generator_PPMGR/Projects/textures/2K-american_walnut_1_basecolor.png.png,/Volumes/Data/University/PPMGR/Blender_Mat_Generator_PPMGR/Projects/textures
2K-anigre_basecolor.png,/Volumes/Data/University/PPMGR/Blender_Mat_Generator_PPMGR/Projects/textures/2K-anigre_basecolor.png,/Volumes/Data/University/PPMGR/Blender_Mat_Generator_PPMGR/Projects/textures
2K-anigre_basecolor.png.png,/Volumes/Data/University/PPMGR/Blender_Mat_Generator_PPMGR/Projects/textures/2K-anigre_basecolor.png.png,/Volumes/Data/University/PPMGR/Blender_Mat_Generator_PPMGR/Projects/textures
2K-anzem_basecolor.png,/Volumes/Data/University/PPMGR/Blender_Mat_Generator_PPMGR/Projects/textures/2K-anzem_basecolor.png,/Volumes/Data/University/PPMGR/Blender_Mat_Generator_PPMGR/Projects/textures
2K-anzem_basecolor.png.png,/Volumes/Data/University/PPMGR/Blender_Mat_Generator_PPMGR/Projects/textures/2K-anzem_basecolor.png.png,/Volumes/Data/University/PPMGR/Blender_Mat_Generator_PPMGR/Projects/textures
2K-bamboo_fence_2_basecolor.png,/Volumes/Data/University/PPMGR/Blender_Mat_Generator_PPMGR/Projects/textures/2K-bamboo_fence_2_basecolor.png,/Volumes/Data/University/PPMGR/Blender_Mat_Generator_PPMGR/Projects/textures
2K-bamboo_fence_2_basecolor.png.png,/Volumes/Data/University/PPMGR/Blender_Mat_Generator_PPMGR/Projects/textures/2K-bamboo_fence_2_basecolor.png.png,/Volumes/Data/University/PPMGR/Blender_Mat_Generator_PPMGR/Projects/textures
2K-blackboard-diffuse.jpg,/Volumes/Data/University/PPMGR/Blender_Mat_Generator_PPMGR/Projects/textures/2K-blackboard-diffuse.jpg,/Volumes/Data/University/PPMGR/Blender_Mat_Generator_PPMGR/Projects/textures
2K-carbon_fiber-diffuse.jpg,/Volumes/Data/University/PPMGR/Blender_Mat_Generator_PPMGR/Projects/textures/2K-carbon_fiber-diffuse.jpg,/Volumes/Data/University/PPMGR/Blender_Mat_Generator_PPMGR/Projects/textures
2K-carbon_fiber-diffuse.jpg.png,/Volumes/Data/University/PPMGR/Blender_Mat_Generator_PPMGR/Projects/textures/2K-carbon_fiber-diffuse.jpg.png,/Volumes/Data/University/PPMGR/Blender_Mat_Generator_PPMGR/Projects/textures
2K-carpet_floor_1-diffuse.jpg,/Volumes/Data/University/PPMGR/Blender_Mat_Generator_PPMGR/Projects/textures/2K-carpet_floor_1-diffuse.jpg,/Volumes/Data/University/PPMGR/Blender_Mat_Generator_PPMGR/Projects/textures
2K-carpet_floor_2-diffuse.jpg,/Volumes/Data/University/PPMGR/Blender_Mat_Generator_PPMGR/Projects/textures/2K-carpet_floor_2-diffuse.jpg,/Volumes/Data/University/PPMGR/Blender_Mat_Generator_PPMGR/Projects/textures
2K-carpet_floor_5-diffuse.jpg,/Volumes/Data/University/PPMGR/Blender_Mat_Generator_PPMGR/Projects/textures/2K-carpet_floor_5-diffuse.jpg,/Volumes/Data/University/PPMGR/Blender_Mat_Generator_PPMGR/Projects/textures
2K-carpet_floor_6_diffuse.jpg,/Volumes/Data/University/PPMGR/Blender_Mat_Generator_PPMGR/Projects/textures/2K-carpet_floor_6_diffuse.jpg,/Volumes/Data/University/PPMGR/Blender_Mat_Generator_PPMGR/Projects/textures
2K-carpet_floor_6_specular.jpg,/Volumes/Data/University/PPMGR/Blender_Mat_Generator_PPMGR/Projects/textures/2K-carpet_floor_6_specular.jpg,/Volumes/Data/University/PPMGR/Blender_Mat_Generator_PPMGR/Projects/textures
2K-carpet_floor_7_basecolor.jpg,/Volumes/Data/University/PPMGR/Blender_Mat_Generator_PPMGR/Projects/textures/2K-carpet_floor_7_basecolor.jpg,/Volumes/Data/University/PPMGR/Blender_Mat_Generator_PPMGR/Projects/textures
2K-casino_carpet_1-diffuse.jpg,/Volumes/Data/University/PPMGR/Blender_Mat_Generator_PPMGR/Projects/textures/2K-casino_carpet_1-diffuse.jpg,/Volumes/Data/University/PPMGR/Blender_Mat_Generator_PPMGR/Projects/textures
2K-casino_carpet_2-diffuse.jpg,/Volumes/Data/University/PPMGR/Blender_Mat_Generator_PPMGR/Projects/textures/2K-casino_carpet_2-diffuse.jpg,/Volumes/Data/University/PPMGR/Blender_Mat_Generator_PPMGR/Projects/textures
2K-casino_carpet_3-diffuse.jpg,/Volumes/Data/University/PPMGR/Blender_Mat_Generator_PPMGR/Projects/textures/2K-casino_carpet_3-diffuse.jpg,/Volumes/Data/University/PPMGR/Blender_Mat_Generator_PPMGR/Projects/textures
2K-casino_carpet_4-diffuse.jpg,/Volumes/Data/University/PPMGR/Blender_Mat_Generator_PPMGR/Projects/textures/2K-casino_carpet_4-diffuse.jpg,/Volumes/Data/University/PPMGR/Blender_Mat_Generator_PPMGR/Projects/textures
2K-concratetile_1_basecolor.jpg,/Volumes/Data/University/PPMGR/Blender_Mat_Generator_PPMGR/Projects/textures/2K-concratetile_1_basecolor.jpg,/Volumes/Data/University/PPMGR/Blender_Mat_Generator_PPMGR/Projects/textures
2K-concratetile_2_basecolor.jpg,/Volumes/Data/University/PPMGR/Blender_Mat_Generator_PPMGR/Projects/textures/2K-concratetile_2_basecolor.jpg,/Volumes/Data/University/PPMGR/Blender_Mat_Generator_PPMGR/Projects/textures
2K-concratetile_3_basecolor.jpg,/Volumes/Data/University/PPMGR/Blender_Mat_Generator_PPMGR/Projects/textures/2K-concratetile_3_basecolor.jpg,/Volumes/Data/University/PPMGR/Blender_Mat_Generator_PPMGR/Projects/textures
2K-concrete_49_basecolor.png,/Volumes/Data/University/PPMGR/Blender_Mat_Generator_PPMGR/Projects/textures/2K-concrete_49_basecolor.png,/Volumes/Data/University/PPMGR/Blender_Mat_Generator_PPMGR/Projects/textures
2K-concrete_50_basecolor.png,/Volumes/Data/University/PPMGR/Blender_Mat_Generator_PPMGR/Projects/textures/2K-concrete_50_basecolor.png,/Volumes/Data/University/PPMGR/Blender_Mat_Generator_PPMGR/Projects/textures
2K-concretetile_6_basecolor.jpg,/Volumes/Data/University/PPMGR/Blender_Mat_Generator_PPMGR/Projects/textures/2K-concretetile_6_basecolor.jpg,/Volumes/Data/University/PPMGR/Blender_Mat_Generator_PPMGR/Projects/textures
2K-cream_leather_3_basecolor.png,/Volumes/Data/University/PPMGR/Blender_Mat_Generator_PPMGR/Projects/textures/2K-cream_leather_3_basecolor.png,/Volumes/Data/University/PPMGR/Blender_Mat_Generator_PPMGR/Projects/textures
2K-fabric_54_baseColor.jpg,/Volumes/Data/University/PPMGR/Blender_Mat_Generator_PPMGR/Projects/textures/2K-fabric_54_baseColor.jpg,/Volumes/Data/University/PPMGR/Blender_Mat_Generator_PPMGR/Projects/textures
2K-fabric_57_baseColor.jpg,/Volumes/Data/University/PPMGR/Blender_Mat_Generator_PPMGR/Projects/textures/2K-fabric_57_baseColor.jpg,/Volumes/Data/University/PPMGR/Blender_Mat_Generator_PPMGR/Projects/textures
2K-fabric_60_baseColor.jpg,/Volumes/Data/University/PPMGR/Blender_Mat_Generator_PPMGR/Projects/textures/2K-fabric_60_baseColor.jpg,/Volumes/Data/University/PPMGR/Blender_Mat_Generator_PPMGR/Projects/textures
2K-fabric_60_normal.jpg,/Volumes/Data/University/PPMGR/Blender_Mat_Generator_PPMGR/Projects/textures/2K-fabric_60_normal.jpg,/Volumes/Data/University/PPMGR/Blender_Mat_Generator_PPMGR/Projects/textures
2K-fabric_76_basecolor.png,/Volumes/Data/University/PPMGR/Blender_Mat_Generator_PPMGR/Projects/textures/2K-fabric_76_basecolor.png,/Volumes/Data/University/PPMGR/Blender_Mat_Generator_PPMGR/Projects/textures
2K-fabric_77_basecolor.png,/Volumes/Data/University/PPMGR/Blender_Mat_Generator_PPMGR/Projects/textures/2K-fabric_77_basecolor.png,/Volumes/Data/University/PPMGR/Blender_Mat_Generator_PPMGR/Projects/textures
2K-fabric_80_basecolor.png,/Volumes/Data/University/PPMGR/Blender_Mat_Generator_PPMGR/Projects/textures/2K-fabric_80_basecolor.png,/Volumes/Data/University/PPMGR/Blender_Mat_Generator_PPMGR/Projects/textures
2K-fabric_81_basecolor.png,/Volumes/Data/University/PPMGR/Blender_Mat_Generator_PPMGR/Projects/textures/2K-fabric_81_basecolor.png,/Volumes/Data/University/PPMGR/Blender_Mat_Generator_PPMGR/Projects/textures
2K-fabric_82_basecolor.png,/Volumes/Data/University/PPMGR/Blender_Mat_Generator_PPMGR/Projects/textures/2K-fabric_82_basecolor.png,/Volumes/Data/University/PPMGR/Blender_Mat_Generator_PPMGR/Projects/textures
2K-facade_1_basecolor.png,/Volumes/Data/University/PPMGR/Blender_Mat_Generator_PPMGR/Projects/textures/2K-facade_1_basecolor.png,/Volumes/Data/University/PPMGR/Blender_Mat_Generator_PPMGR/Projects/textures
2K-facade_2_basecolor.png,/Volumes/Data/University/PPMGR/Blender_Mat_Generator_PPMGR/Projects/textures/2K-facade_2_basecolor.png,/Volumes/Data/University/PPMGR/Blender_Mat_Generator_PPMGR/Projects/textures
2K-facade_3_basecolor.png,/Volumes/Data/University/PPMGR/Blender_Mat_Generator_PPMGR/Projects/textures/2K-facade_3_basecolor.png,/Volumes/Data/University/PPMGR/Blender_Mat_Generator_PPMGR/Projects/textures
2K-ground_11_basecolor.png,/Volumes/Data/University/PPMGR/Blender_Mat_Generator_PPMGR/Projects/textures/2K-ground_11_basecolor.png,/Volumes/Data/University/PPMGR/Blender_Mat_Generator_PPMGR/Projects/textures
2K-ground_12_basecolor.png,/Volumes/Data/University/PPMGR/Blender_Mat_Generator_PPMGR/Projects/textures/2K-ground_12_basecolor.png,/Volumes/Data/University/PPMGR/Blender_Mat_Generator_PPMGR/Projects/textures
2K-ovankol_basecolor.png,/Volumes/Data/University/PPMGR/Blender_Mat_Generator_PPMGR/Projects/textures/2K-ovankol_basecolor.png,/Volumes/Data/University/PPMGR/Blender_Mat_Generator_PPMGR/Projects/textures
2K-padded_leather_2_basecolor.png,/Volumes/Data/University/PPMGR/Blender_Mat_Generator_PPMGR/Projects/textures/2K-padded_leather_2_basecolor.png,/Volumes/Data/University/PPMGR/Blender_Mat_Generator_PPMGR/Projects/textures
2K-papertowel_1_basecolor.jpg,/Volumes/Data/University/PPMGR/Blender_Mat_Generator_PPMGR/Projects/textures/2K-papertowel_1_basecolor.jpg,/Volumes/Data/University/PPMGR/Blender_Mat_Generator_PPMGR/Projects/textures
2K-papertowel_2_basecolor.jpg,/Volumes/Data/University/PPMGR/Blender_Mat_Generator_PPMGR/Projects/textures/2K-papertowel_2_basecolor.jpg,/Volumes/Data/University/PPMGR/Blender_Mat_Generator_PPMGR/Projects/textures
2K-papertowel_4_basecolor.jpg,/Volumes/Data/University/PPMGR/Blender_Mat_Generator_PPMGR/Projects/textures/2K-papertowel_4_basecolor.jpg,/Volumes/Data/University/PPMGR/Blender_Mat_Generator_PPMGR/Projects/textures
2K-papertowel_5_basecolor.jpg,/Volumes/Data/University/PPMGR/Blender_Mat_Generator_PPMGR/Projects/textures/2K-papertowel_5_basecolor.jpg,/Volumes/Data/University/PPMGR/Blender_Mat_Generator_PPMGR/Projects/textures
2K-plasteR_8-diffuse.jpg,/Volumes/Data/University/PPMGR/Blender_Mat_Generator_PPMGR/Projects/textures/2K-plasteR_8-diffuse.jpg,/Volumes/Data/University/PPMGR/Blender_Mat_Generator_PPMGR/Projects/textures
2K-plaster_33_basecolor.png,/Volumes/Data/University/PPMGR/Blender_Mat_Generator_PPMGR/Projects/textures/2K-plaster_33_basecolor.png,/Volumes/Data/University/PPMGR/Blender_Mat_Generator_PPMGR/Projects/textures
2K-snow_3_Base Color.jpg,/Volumes/Data/University/PPMGR/Blender_Mat_Generator_PPMGR/Projects/textures/2K-snow_3_Base Color.jpg,/Volumes/Data/University/PPMGR/Blender_Mat_Generator_PPMGR/Projects/textures
2K-terrazzo_light_basecolor.jpg,/Volumes/Data/University/PPMGR/Blender_Mat_Generator_PPMGR/Projects/textures/2K-terrazzo_light_basecolor.jpg,/Volumes/Data/University/PPMGR/Blender_Mat_Generator_PPMGR/Projects/textures
2K-tiling_30_basecolor.jpg,/Volumes/Data/University/PPMGR/Blender_Mat_Generator_PPMGR/Projects/textures/2K-tiling_30_basecolor.jpg,/Volumes/Data/University/PPMGR/Blender_Mat_Generator_PPMGR/Projects/textures
2K-wall_random_1-diffuse.jpg,/Volumes/Data/University/PPMGR/Blender_Mat_Generator_PPMGR/Projects/textures/2K-wall_random_1-diffuse.jpg,/Volumes/Data/University/PPMGR/Blender_Mat_Generator_PPMGR/Projects/textures
2K-wall_random_4-diffuse.jpg,/Volumes/Data/University/PPMGR/Blender_Mat_Generator_PPMGR/Projects/textures/2K-wall_random_4-diffuse.jpg,/Volumes/Data/University/PPMGR/Blender_Mat_Generator_PPMGR/Projects/textures
2K-wood_frame_3_basecolor.png,/Volumes/Data/University/PPMGR/Blender_Mat_Generator_PPMGR/Projects/textures/2K-wood_frame_3_basecolor.png,/Volumes/Data/University/PPMGR/Blender_Mat_Generator_PPMGR/Projects/textures
2K-wood_frame_3_basecolor.png.png,/Volumes/Data/University/PPMGR/Blender_Mat_Generator_PPMGR/Projects/textures/2K-wood_frame_3_basecolor.png.png,/Volumes/Data/University/PPMGR/Blender_Mat_Generator_PPMGR/Projects/textures
2K-wood_frame_5_basecolor.png,/Volumes/Data/University/PPMGR/Blender_Mat_Generator_PPMGR/Projects/textures/2K-wood_frame_5_basecolor.png,/Volumes/Data/University/PPMGR/Blender_Mat_Generator_PPMGR/Projects/textures
2K-wood_frame_5_basecolor.png.png,/Volumes/Data/University/PPMGR/Blender_Mat_Generator_PPMGR/Projects/textures/2K-wood_frame_5_basecolor.png.png,/Volumes/Data/University/PPMGR/Blender_Mat_Generator_PPMGR/Projects/textures
2K-wood_frame_6_basecolor.png,/Volumes/Data/University/PPMGR/Blender_Mat_Generator_PPMGR/Projects/textures/2K-wood_frame_6_basecolor.png,/Volumes/Data/University/PPMGR/Blender_Mat_Generator_PPMGR/Projects/textures
2K-wood_frame_6_basecolor.png.png,/Volumes/Data/University/PPMGR/Blender_Mat_Generator_PPMGR/Projects/textures/2K-wood_frame_6_basecolor.png.png,/Volumes/Data/University/PPMGR/Blender_Mat_Generator_PPMGR/Projects/textures
2K-wood_frame_7_basecolor.png,/Volumes/Data/University/PPMGR/Blender_Mat_Generator_PPMGR/Projects/textures/2K-wood_frame_7_basecolor.png,/Volumes/Data/University/PPMGR/Blender_Mat_Generator_PPMGR/Projects/textures
2K-woodparquet_14_basecolor.jpg,/Volumes/Data/University/PPMGR/Blender_Mat_Generator_PPMGR/Projects/textures/2K-woodparquet_14_basecolor.jpg,/Volumes/Data/University/PPMGR/Blender_Mat_Generator_PPMGR/Projects/textures
2K_afromosia_basecolor.png,/Volumes/Data/University/PPMGR/Blender_Mat_Generator_PPMGR/Projects/textures/2K_afromosia_basecolor.png,/Volumes/Data/University/PPMGR/Blender_Mat_Generator_PPMGR/Projects/textures
2K_afromosia_basecolor.png.png,/Volumes/Data/University/PPMGR/Blender_Mat_Generator_PPMGR/Projects/textures/2K_afromosia_basecolor.png.png,/Volumes/Data/University/PPMGR/Blender_Mat_Generator_PPMGR/Projects/textures
2K_fabric_basecolor.jpg,/Volumes/Data/University/PPMGR/Blender_Mat_Generator_PPMGR/Projects/textures/2K_fabric_basecolor.jpg,/Volumes/Data/University/PPMGR/Blender_Mat_Generator_PPMGR/Projects/textures
2K_mud_ground_basecolor.jpg,/Volumes/Data/University/PPMGR/Blender_Mat_Generator_PPMGR/Projects/textures/2K_mud_ground_basecolor.jpg,/Volumes/Data/University/PPMGR/Blender_Mat_Generator_PPMGR/Projects/textures
2K_rusty_metal_8_basecolor.jpg,/Volumes/Data/University/PPMGR/Blender_Mat_Generator_PPMGR/Projects/textures/2K_rusty_metal_8_basecolor.jpg,/Volumes/Data/University/PPMGR/Blender_Mat_Generator_PPMGR/Projects/textures
2K_rusty_metal_8_basecolor000.jpg,/Volumes/Data/University/PPMGR/Blender_Mat_Generator_PPMGR/Projects/textures/2K_rusty_metal_8_basecolor000.jpg,/Volumes/Data/University/PPMGR/Blender_Mat_Generator_PPMGR/Projects/textures
2K_snow_basecolor.jpg,/Volumes/Data/University/PPMGR/Blender_Mat_Generator_PPMGR/Projects/textures/2K_snow_basecolor.jpg,/Volumes/Data/University/PPMGR/Blender_Mat_Generator_PPMGR/Projects/textures
2K_teak_tree_basecolor.png,/Volumes/Data/University/PPMGR/Blender_Mat_Generator_PPMGR/Projects/textures/2K_teak_tree_basecolor.png,/Volumes/Data/University/PPMGR/Blender_Mat_Generator_PPMGR/Projects/textures
2_diffuseOriginal.jpg,/Volumes/Data/University/PPMGR/Blender_Mat_Generator_PPMGR/Projects/textures/2_diffuseOriginal.jpg,/Volumes/Data/University/PPMGR/Blender_Mat_Generator_PPMGR/Projects/textures
33_diffuseOriginal.jpg,/Volumes/Data/University/PPMGR/Blender_Mat_Generator_PPMGR/Projects/textures/33_diffuseOriginal.jpg,/Volumes/Data/University/PPMGR/Blender_Mat_Generator_PPMGR/Projects/textures
3D_illusion_marble_Base_Color.jpg,/Volumes/Data/University/PPMGR/Blender_Mat_Generator_PPMGR/Projects/textures/3D_illusion_marble_Base_Color.jpg,/Volumes/Data/University/PPMGR/Blender_Mat_Generator_PPMGR/Projects/textures
3D_illusion_marble_black_Base_Color.jpg,/Volumes/Data/University/PPMGR/Blender_Mat_Generator_PPMGR/Projects/textures/3D_illusion_marble_black_Base_Color.jpg,/Volumes/Data/University/PPMGR/Blender_Mat_Generator_PPMGR/Projects/textures
3D_visual_Illusion_wallpaper_Base_Color.jpg,/Volumes/Data/University/PPMGR/Blender_Mat_Generator_PPMGR/Projects/textures/3D_visual_Illusion_wallpaper_Base_Color.jpg,/Volumes/Data/University/PPMGR/Blender_Mat_Generator_PPMGR/Projects/textures
3_BaseColor.png,/Volumes/Data/University/PPMGR/Blender_Mat_Generator_PPMGR/Projects/textures/3_BaseColor.png,/Volumes/Data/University/PPMGR/Blender_Mat_Generator_PPMGR/Projects/textures
3d_illusion_checker_Marble_var_Base_Color.jpg,/Volumes/Data/University/PPMGR/Blender_Mat_Generator_PPMGR/Projects/textures/3d_illusion_checker_Marble_var_Base_Color.jpg,/Volumes/Data/University/PPMGR/Blender_Mat_Generator_PPMGR/Projects/textures
3dwrinkles-diffuse.jpg,/Volumes/Data/University/PPMGR/Blender_Mat_Generator_PPMGR/Projects/textures/3dwrinkles-diffuse.jpg,/Volumes/Data/University/PPMGR/Blender_Mat_Generator_PPMGR/Projects/textures
4K-Plaster_11-diffuse.jpg,/Volumes/Data/University/PPMGR/Blender_Mat_Generator_PPMGR/Projects/textures/4K-Plaster_11-diffuse.jpg,/Volumes/Data/University/PPMGR/Blender_Mat_Generator_PPMGR/Projects/textures
4K-brick_wall_wet_18_baseColor.jpeg,/Volumes/Data/University/PPMGR/Blender_Mat_Generator_PPMGR/Projects/textures/4K-brick_wall_wet_18_baseColor.jpeg,/Volumes/Data/University/PPMGR/Blender_Mat_Generator_PPMGR/Projects/textures
4K-brown_sand_plaster-diffuse.jpg,/Volumes/Data/University/PPMGR/Blender_Mat_Generator_PPMGR/Projects/textures/4K-brown_sand_plaster-diffuse.jpg,/Volumes/Data/University/PPMGR/Blender_Mat_Generator_PPMGR/Projects/textures
4K-chainmail_1_basecolor.jpg,/Volumes/Data/University/PPMGR/Blender_Mat_Generator_PPMGR/Projects/textures/4K-chainmail_1_basecolor.jpg,/Volumes/Data/University/PPMGR/Blender_Mat_Generator_PPMGR/Projects/textures
4K-concrete_36-diffuse.jpg,/Volumes/Data/University/PPMGR/Blender_Mat_Generator_PPMGR/Projects/textures/4K-concrete_36-diffuse.jpg,/Volumes/Data/University/PPMGR/Blender_Mat_Generator_PPMGR/Projects/textures
4K-concrete_40-diffuse.jpg,/Volumes/Data/University/PPMGR/Blender_Mat_Generator_PPMGR/Projects/textures/4K-concrete_40-diffuse.jpg,/Volumes/Data/University/PPMGR/Blender_Mat_Generator_PPMGR/Projects/textures
4K-concrete_44-diffuse.jpg,/Volumes/Data/University/PPMGR/Blender_Mat_Generator_PPMGR/Projects/textures/4K-concrete_44-diffuse.jpg,/Volumes/Data/University/PPMGR/Blender_Mat_Generator_PPMGR/Projects/textures
4K-fabric_white_baseColor.jpg,/Volumes/Data/University/PPMGR/Blender_Mat_Generator_PPMGR/Projects/textures/4K-fabric_white_baseColor.jpg,/Volumes/Data/University/PPMGR/Blender_Mat_Generator_PPMGR/Projects/textures
4K-fence_3_basecolor.png,/Volumes/Data/University/PPMGR/Blender_Mat_Generator_PPMGR/Projects/textures/4K-fence_3_basecolor.png,/Volumes/Data/University/PPMGR/Blender_Mat_Generator_PPMGR/Projects/textures
4K-green_plaster-diffuse.jpg,/Volumes/Data/University/PPMGR/Blender_Mat_Generator_PPMGR/Projects/textures/4K-green_plaster-diffuse.jpg,/Volumes/Data/University/PPMGR/Blender_Mat_Generator_PPMGR/Projects/textures
4K-grunge_wall_2_basecolor.jpg,/Volumes/Data/University/PPMGR/Blender_Mat_Generator_PPMGR/Projects/textures/4K-grunge_wall_2_basecolor.jpg,/Volumes/Data/University/PPMGR/Blender_Mat_Generator_PPMGR/Projects/textures
4K-painted_wall_4-diffuse.jpg,/Volumes/Data/University/PPMGR/Blender_Mat_Generator_PPMGR/Projects/textures/4K-painted_wall_4-diffuse.jpg,/Volumes/Data/University/PPMGR/Blender_Mat_Generator_PPMGR/Projects/textures
4K-plaster_1-diffuse.jpg,/Volumes/Data/University/PPMGR/Blender_Mat_Generator_PPMGR/Projects/textures/4K-plaster_1-diffuse.jpg,/Volumes/Data/University/PPMGR/Blender_Mat_Generator_PPMGR/Projects/textures
4K-plaster_13-diffuse.jpg,/Volumes/Data/University/PPMGR/Blender_Mat_Generator_PPMGR/Projects/textures/4K-plaster_13-diffuse.jpg,/Volumes/Data/University/PPMGR/Blender_Mat_Generator_PPMGR/Projects/textures
4K-plaster_14-diffuse.jpg,/Volumes/Data/University/PPMGR/Blender_Mat_Generator_PPMGR/Projects/textures/4K-plaster_14-diffuse.jpg,/Volumes/Data/University/PPMGR/Blender_Mat_Generator_PPMGR/Projects/textures
4K-plaster_16-diffuse.jpg,/Volumes/Data/University/PPMGR/Blender_Mat_Generator_PPMGR/Projects/textures/4K-plaster_16-diffuse.jpg,/Volumes/Data/University/PPMGR/Blender_Mat_Generator_PPMGR/Projects/textures
4K-plaster_17-diffuse.jpg,/Volumes/Data/University/PPMGR/Blender_Mat_Generator_PPMGR/Projects/textures/4K-plaster_17-diffuse.jpg,/Volumes/Data/University/PPMGR/Blender_Mat_Generator_PPMGR/Projects/textures
4K-plaster_18.jpg-diffuse.jpg,/Volumes/Data/University/PPMGR/Blender_Mat_Generator_PPMGR/Projects/textures/4K-plaster_18.jpg-diffuse.jpg,/Volumes/Data/University/PPMGR/Blender_Mat_Generator_PPMGR/Projects/textures
4K-plaster_19.jpg-diffuse.jpg,/Volumes/Data/University/PPMGR/Blender_Mat_Generator_PPMGR/Projects/textures/4K-plaster_19.jpg-diffuse.jpg,/Volumes/Data/University/PPMGR/Blender_Mat_Generator_PPMGR/Projects/textures
4K-plaster_2-diffuse.jpg,/Volumes/Data/University/PPMGR/Blender_Mat_Generator_PPMGR/Projects/textures/4K-plaster_2-diffuse.jpg,/Volumes/Data/University/PPMGR/Blender_Mat_Generator_PPMGR/Projects/textures
4K-plaster_20.jpg-diffuse.jpg,/Volumes/Data/University/PPMGR/Blender_Mat_Generator_PPMGR/Projects/textures/4K-plaster_20.jpg-diffuse.jpg,/Volumes/Data/University/PPMGR/Blender_Mat_Generator_PPMGR/Projects/textures
4K-plaster_22-diffuse.jpg,/Volumes/Data/University/PPMGR/Blender_Mat_Generator_PPMGR/Projects/textures/4K-plaster_22-diffuse.jpg,/Volumes/Data/University/PPMGR/Blender_Mat_Generator_PPMGR/Projects/textures
4K-plaster_25_basecolor.jpg,/Volumes/Data/University/PPMGR/Blender_Mat_Generator_PPMGR/Projects/textures/4K-plaster_25_basecolor.jpg,/Volumes/Data/University/PPMGR/Blender_Mat_Generator_PPMGR/Projects/textures
4K-plaster_32_basecolor.jpg,/Volumes/Data/University/PPMGR/Blender_Mat_Generator_PPMGR/Projects/textures/4K-plaster_32_basecolor.jpg,/Volumes/Data/University/PPMGR/Blender_Mat_Generator_PPMGR/Projects/textures
4K-plaster_5-diffuse.jpg,/Volumes/Data/University/PPMGR/Blender_Mat_Generator_PPMGR/Projects/textures/4K-plaster_5-diffuse.jpg,/Volumes/Data/University/PPMGR/Blender_Mat_Generator_PPMGR/Projects/textures
4K-wall_plaser_concrete-diffuse.jpg,/Volumes/Data/University/PPMGR/Blender_Mat_Generator_PPMGR/Projects/textures/4K-wall_plaser_concrete-diffuse.jpg,/Volumes/Data/University/PPMGR/Blender_Mat_Generator_PPMGR/Projects/textures
4K-wallpaper_39_basecolor.jpg,/Volumes/Data/University/PPMGR/Blender_Mat_Generator_PPMGR/Projects/textures/4K-wallpaper_39_basecolor.jpg,/Volumes/Data/University/PPMGR/Blender_Mat_Generator_PPMGR/Projects/textures
4_BaseColor.jpg,/Volumes/Data/University/PPMGR/Blender_Mat_Generator_PPMGR/Projects/textures/4_BaseColor.jpg,/Volumes/Data/University/PPMGR/Blender_Mat_Generator_PPMGR/Projects/textures
6x6_basecolor_Grey_Mosiac.jpg,/Volumes/Data/University/PPMGR/Blender_Mat_Generator_PPMGR/Projects/textures/6x6_basecolor_Grey_Mosiac.jpg,/Volumes/Data/University/PPMGR/Blender_Mat_Generator_PPMGR/Projects/textures
8starmarble_basecolor.jpg,/Volumes/Data/University/PPMGR/Blender_Mat_Generator_PPMGR/Projects/textures/8starmarble_basecolor.jpg,/Volumes/Data/University/PPMGR/Blender_Mat_Generator_PPMGR/Projects/textures
90s arcade carpet 1-basecolor.jpg,/Volumes/Data/University/PPMGR/Blender_Mat_Generator_PPMGR/Projects/textures/90s arcade carpet 1-basecolor.jpg,/Volumes/Data/University/PPMGR/Blender_Mat_Generator_PPMGR/Projects/textures
AGed_Decking_Wood__Base_Color.jpg,/Volumes/Data/University/PPMGR/Blender_Mat_Generator_PPMGR/Projects/textures/AGed_Decking_Wood__Base_Color.jpg,/Volumes/Data/University/PPMGR/Blender_Mat_Generator_PPMGR/Projects/textures
ALAMONT TAUPE PORCELAIN TILE_BaseColor.jpg,/Volumes/Data/University/PPMGR/Blender_Mat_Generator_PPMGR/Projects/textures/ALAMONT TAUPE PORCELAIN TILE_BaseColor.jpg,/Volumes/Data/University/PPMGR/Blender_Mat_Generator_PPMGR/Projects/textures
AR3Dmat_Gypsum_Board_4X8FT_8K_Diffuse.jpg,/Volumes/Data/University/PPMGR/Blender_Mat_Generator_PPMGR/Projects/textures/AR3Dmat_Gypsum_Board_4X8FT_8K_Diffuse.jpg,/Volumes/Data/University/PPMGR/Blender_Mat_Generator_PPMGR/Projects/textures
AR3Dmat_Gypsum_Board_Lighted_8K_Diffuse.jpg,/Volumes/Data/University/PPMGR/Blender_Mat_Generator_PPMGR/Projects/textures/AR3Dmat_Gypsum_Board_Lighted_8K_Diffuse.jpg,/Volumes/Data/University/PPMGR/Blender_Mat_Generator_PPMGR/Projects/textures
A_normal.jpg,/Volumes/Data/University/PPMGR/Blender_Mat_Generator_PPMGR/Projects/textures/A_normal.jpg,/Volumes/Data/University/PPMGR/Blender_Mat_Generator_PPMGR/Projects/textures
Abalone-muschel2_BaseColor.jpg,/Volumes/Data/University/PPMGR/Blender_Mat_Generator_PPMGR/Projects/textures/Abalone-muschel2_BaseColor.jpg,/Volumes/Data/University/PPMGR/Blender_Mat_Generator_PPMGR/Projects/textures
Abstract Painting 01_BaseColor.jpg,/Volumes/Data/University/PPMGR/Blender_Mat_Generator_PPMGR/Projects/textures/Abstract Painting 01_BaseColor.jpg,/Volumes/Data/University/PPMGR/Blender_Mat_Generator_PPMGR/Projects/textures
Abstract Painting 02_BaseColor.jpg,/Volumes/Data/University/PPMGR/Blender_Mat_Generator_PPMGR/Projects/textures/Abstract Painting 02_BaseColor.jpg,/Volumes/Data/University/PPMGR/Blender_Mat_Generator_PPMGR/Projects/textures
Abstract Painting 03_BaseColor.jpg,/Volumes/Data/University/PPMGR/Blender_Mat_Generator_PPMGR/Projects/textures/Abstract Painting 03_BaseColor.jpg,/Volumes/Data/University/PPMGR/Blender_Mat_Generator_PPMGR/Projects/textures
Abstract Painting 04_BaseColor.jpg,/Volumes/Data/University/PPMGR/Blender_Mat_Generator_PPMGR/Projects/textures/Abstract Painting 04_BaseColor.jpg,/Volumes/Data/University/PPMGR/Blender_Mat_Generator_PPMGR/Projects/textures
Abstract Painting 05_BaseColor.jpg,/Volumes/Data/University/PPMGR/Blender_Mat_Generator_PPMGR/Projects/textures/Abstract Painting 05_BaseColor.jpg,/Volumes/Data/University/PPMGR/Blender_Mat_Generator_PPMGR/Projects/textures
Acker_Albedo_8192x8192.jpg,/Volumes/Data/University/PPMGR/Blender_Mat_Generator_PPMGR/Projects/textures/Acker_Albedo_8192x8192.jpg,/Volumes/Data/University/PPMGR/Blender_Mat_Generator_PPMGR/Projects/textures
Aged_decking_wood_Base_Color.jpg,/Volumes/Data/University/PPMGR/Blender_Mat_Generator_PPMGR/Projects/textures/Aged_decking_wood_Base_Color.jpg,/Volumes/Data/University/PPMGR/Blender_Mat_Generator_PPMGR/Projects/textures
AiRock01_BaseColor.jpg,/Volumes/Data/University/PPMGR/Blender_Mat_Generator_PPMGR/Projects/textures/AiRock01_BaseColor.jpg,/Volumes/Data/University/PPMGR/Blender_Mat_Generator_PPMGR/Projects/textures
AiRock2_BaseColor.jpg,/Volumes/Data/University/PPMGR/Blender_Mat_Generator_PPMGR/Projects/textures/AiRock2_BaseColor.jpg,/Volumes/Data/University/PPMGR/Blender_Mat_Generator_PPMGR/Projects/textures
AlfombraTerciopeloRosaGris_basecolor.jpg,/Volumes/Data/University/PPMGR/Blender_Mat_Generator_PPMGR/Projects/textures/AlfombraTerciopeloRosaGris_basecolor.jpg,/Volumes/Data/University/PPMGR/Blender_Mat_Generator_PPMGR/Projects/textures
Alfombra_Tejida_Verde_basecolor.jpg,/Volumes/Data/University/PPMGR/Blender_Mat_Generator_PPMGR/Projects/textures/Alfombra_Tejida_Verde_basecolor.jpg,/Volumes/Data/University/PPMGR/Blender_Mat_Generator_PPMGR/Projects/textures
Alien Planet Surface 02_BaseColor.jpg,/Volumes/Data/University/PPMGR/Blender_Mat_Generator_PPMGR/Projects/textures/Alien Planet Surface 02_BaseColor.jpg,/Volumes/Data/University/PPMGR/Blender_Mat_Generator_PPMGR/Projects/textures
Alien Surface 01_BaseColor.jpg,/Volumes/Data/University/PPMGR/Blender_Mat_Generator_PPMGR/Projects/textures/Alien Surface 01_BaseColor.jpg,/Volumes/Data/University/PPMGR/Blender_Mat_Generator_PPMGR/Projects/textures
Alien01_diffuseOriginal.jpg,/Volumes/Data/University/PPMGR/Blender_Mat_Generator_PPMGR/Projects/textures/Alien01_diffuseOriginal.jpg,/Volumes/Data/University/PPMGR/Blender_Mat_Generator_PPMGR/Projects/textures
Alien_diffuseOriginal.jpg,/Volumes/Data/University/PPMGR/Blender_Mat_Generator_PPMGR/Projects/textures/Alien_diffuseOriginal.jpg,/Volumes/Data/University/PPMGR/Blender_Mat_Generator_PPMGR/Projects/textures
Alligator_Brown_Leather_Base_Color.jpg,/Volumes/Data/University/PPMGR/Blender_Mat_Generator_PPMGR/Projects/textures/Alligator_Brown_Leather_Base_Color.jpg,/Volumes/Data/University/PPMGR/Blender_Mat_Generator_PPMGR/Projects/textures
Aluminium_BaseColor.jpg,/Volumes/Data/University/PPMGR/Blender_Mat_Generator_PPMGR/Projects/textures/Aluminium_BaseColor.jpg,/Volumes/Data/University/PPMGR/Blender_Mat_Generator_PPMGR/Projects/textures
Aluminium_old_Base Color.jpeg,/Volumes/Data/University/PPMGR/Blender_Mat_Generator_PPMGR/Projects/textures/Aluminium_old_Base Color.jpeg,/Volumes/Data/University/PPMGR/Blender_Mat_Generator_PPMGR/Projects/textures
An_tique_Tiles_Base_Color.jpg,/Volumes/Data/University/PPMGR/Blender_Mat_Generator_PPMGR/Projects/textures/An_tique_Tiles_Base_Color.jpg,/Volumes/Data/University/PPMGR/Blender_Mat_Generator_PPMGR/Projects/textures
An_tique_Tiles_chceker_Base_Color.jpg,/Volumes/Data/University/PPMGR/Blender_Mat_Generator_PPMGR/Projects/textures/An_tique_Tiles_chceker_Base_Color.jpg,/Volumes/Data/University/PPMGR/Blender_Mat_Generator_PPMGR/Projects/textures
Ancient building_Base_Color_1001.jpg,/Volumes/Data/University/PPMGR/Blender_Mat_Generator_PPMGR/Projects/textures/Ancient building_Base_Color_1001.jpg,/Volumes/Data/University/PPMGR/Blender_Mat_Generator_PPMGR/Projects/textures
Angled_Damaged_square_Bricks_Base_Color.jpg,/Volumes/Data/University/PPMGR/Blender_Mat_Generator_PPMGR/Projects/textures/Angled_Damaged_square_Bricks_Base_Color.jpg,/Volumes/Data/University/PPMGR/Blender_Mat_Generator_PPMGR/Projects/textures
Animal Fur_diffuseOriginal.jpg,/Volumes/Data/University/PPMGR/Blender_Mat_Generator_PPMGR/Projects/textures/Animal Fur_diffuseOriginal.jpg,/Volumes/Data/University/PPMGR/Blender_Mat_Generator_PPMGR/Projects/textures
Animals Forest - Black_BaseColor.jpg,/Volumes/Data/University/PPMGR/Blender_Mat_Generator_PPMGR/Projects/textures/Animals Forest - Black_BaseColor.jpg,/Volumes/Data/University/PPMGR/Blender_Mat_Generator_PPMGR/Projects/textures
Animals Forest - DarkRed_BaseColor.jpg,/Volumes/Data/University/PPMGR/Blender_Mat_Generator_PPMGR/Projects/textures/Animals Forest - DarkRed_BaseColor.jpg,/Volumes/Data/University/PPMGR/Blender_Mat_Generator_PPMGR/Projects/textures
Animals Forest - Green_BaseColor.jpg,/Volumes/Data/University/PPMGR/Blender_Mat_Generator_PPMGR/Projects/textures/Animals Forest - Green_BaseColor.jpg,/Volumes/Data/University/PPMGR/Blender_Mat_Generator_PPMGR/Projects/textures
Animals Forest - lightblue_BaseColor.jpg,/Volumes/Data/University/PPMGR/Blender_Mat_Generator_PPMGR/Projects/textures/Animals Forest - lightblue_BaseColor.jpg,/Volumes/Data/University/PPMGR/Blender_Mat_Generator_PPMGR/Projects/textures
Animals Forest - yellow_BaseColor.jpg,/Volumes/Data/University/PPMGR/Blender_Mat_Generator_PPMGR/Projects/textures/Animals Forest - yellow_BaseColor.jpg,/Volumes/Data/University/PPMGR/Blender_Mat_Generator_PPMGR/Projects/textures
Antique_Dirty_clay_tile_Base_Color.jpg,/Volumes/Data/University/PPMGR/Blender_Mat_Generator_PPMGR/Projects/textures/Antique_Dirty_clay_tile_Base_Color.jpg,/Volumes/Data/University/PPMGR/Blender_Mat_Generator_PPMGR/Projects/textures
Antique_Flooring_tiles_Base_Color.jpg,/Volumes/Data/University/PPMGR/Blender_Mat_Generator_PPMGR/Projects/textures/Antique_Flooring_tiles_Base_Color.jpg,/Volumes/Data/University/PPMGR/Blender_Mat_Generator_PPMGR/Projects/textures
Antique_Red_clay_tile_Base_Color.jpg,/Volumes/Data/University/PPMGR/Blender_Mat_Generator_PPMGR/Projects/textures/Antique_Red_clay_tile_Base_Color.jpg,/Volumes/Data/University/PPMGR/Blender_Mat_Generator_PPMGR/Projects/textures
Antique_Terracotta_tiles_Base_Color.jpg,/Volumes/Data/University/PPMGR/Blender_Mat_Generator_PPMGR/Projects/textures/Antique_Terracotta_tiles_Base_Color.jpg,/Volumes/Data/University/PPMGR/Blender_Mat_Generator_PPMGR/Projects/textures
Antique_Tiles_Brown_Base_Color.jpg,/Volumes/Data/University/PPMGR/Blender_Mat_Generator_PPMGR/Projects/textures/Antique_Tiles_Brown_Base_Color.jpg,/Volumes/Data/University/PPMGR/Blender_Mat_Generator_PPMGR/Projects/textures
Antique_cement_black_tile_Base_Color.jpg,/Volumes/Data/University/PPMGR/Blender_Mat_Generator_PPMGR/Projects/textures/Antique_cement_black_tile_Base_Color.jpg,/Volumes/Data/University/PPMGR/Blender_Mat_Generator_PPMGR/Projects/textures
Antique_cement_tile_Base_Color.jpg,/Volumes/Data/University/PPMGR/Blender_Mat_Generator_PPMGR/Projects/textures/Antique_cement_tile_Base_Color.jpg,/Volumes/Data/University/PPMGR/Blender_Mat_Generator_PPMGR/Projects/textures
Apple_Base_Color.jpg,/Volumes/Data/University/PPMGR/Blender_Mat_Generator_PPMGR/Projects/textures/Apple_Base_Color.jpg,/Volumes/Data/University/PPMGR/Blender_Mat_Generator_PPMGR/Projects/textures
Arabesco_Wall_Paper_basecolor.jpg,/Volumes/Data/University/PPMGR/Blender_Mat_Generator_PPMGR/Projects/textures/Arabesco_Wall_Paper_basecolor.jpg,/Volumes/Data/University/PPMGR/Blender_Mat_Generator_PPMGR/Projects/textures
Arid Soil_Base_Color_1001.jpg,/Volumes/Data/University/PPMGR/Blender_Mat_Generator_PPMGR/Projects/textures/Arid Soil_Base_Color_1001.jpg,/Volumes/Data/University/PPMGR/Blender_Mat_Generator_PPMGR/Projects/textures
Artistic ethnic patern fabric_BaseColor.jpg,/Volumes/Data/University/PPMGR/Blender_Mat_Generator_PPMGR/Projects/textures/Artistic ethnic patern fabric_BaseColor.jpg,/Volumes/Data/University/PPMGR/Blender_Mat_Generator_PPMGR/Projects/textures
Ash 001_BaseColor.jpg,/Volumes/Data/University/PPMGR/Blender_Mat_Generator_PPMGR/Projects/textures/Ash 001_BaseColor.jpg,/Volumes/Data/University/PPMGR/Blender_Mat_Generator_PPMGR/Projects/textures
Ash 001_BaseColor.jpg.png,/Volumes/Data/University/PPMGR/Blender_Mat_Generator_PPMGR/Projects/textures/Ash 001_BaseColor.jpg.png,/Volumes/Data/University/PPMGR/Blender_Mat_Generator_PPMGR/Projects/textures
Ash_Wood_Plank_Base_Color.jpg,/Volumes/Data/University/PPMGR/Blender_Mat_Generator_PPMGR/Projects/textures/Ash_Wood_Plank_Base_Color.jpg,/Volumes/Data/University/PPMGR/Blender_Mat_Generator_PPMGR/Projects/textures
Ash_Wood_Plank_Base_Color.jpg.png,/Volumes/Data/University/PPMGR/Blender_Mat_Generator_PPMGR/Projects/textures/Ash_Wood_Plank_Base_Color.jpg.png,/Volumes/Data/University/PPMGR/Blender_Mat_Generator_PPMGR/Projects/textures
Ashby Truffle E_diffuse.jpg,/Volumes/Data/University/PPMGR/Blender_Mat_Generator_PPMGR/Projects/textures/Ashby Truffle E_diffuse.jpg,/Volumes/Data/University/PPMGR/Blender_Mat_Generator_PPMGR/Projects/textures
Ask_Wood_Plank_Base_Color.jpg,/Volumes/Data/University/PPMGR/Blender_Mat_Generator_PPMGR/Projects/textures/Ask_Wood_Plank_Base_Color.jpg,/Volumes/Data/University/PPMGR/Blender_Mat_Generator_PPMGR/Projects/textures
Ask_Wood_Plank_Base_Color.jpg.png,/Volumes/Data/University/PPMGR/Blender_Mat_Generator_PPMGR/Projects/textures/Ask_Wood_Plank_Base_Color.jpg.png,/Volumes/Data/University/PPMGR/Blender_Mat_Generator_PPMGR/Projects/textures
Asphalt_02_basecolor.jpg,/Volumes/Data/University/PPMGR/Blender_Mat_Generator_PPMGR/Projects/textures/Asphalt_02_basecolor.jpg,/Volumes/Data/University/PPMGR/Blender_Mat_Generator_PPMGR/Projects/textures
Asphalt_Rooftop_Base_Color.jpg,/Volumes/Data/University/PPMGR/Blender_Mat_Generator_PPMGR/Projects/textures/Asphalt_Rooftop_Base_Color.jpg,/Volumes/Data/University/PPMGR/Blender_Mat_Generator_PPMGR/Projects/textures
Asphalt_Rooftop_brown_Base_Color.jpg,/Volumes/Data/University/PPMGR/Blender_Mat_Generator_PPMGR/Projects/textures/Asphalt_Rooftop_brown_Base_Color.jpg,/Volumes/Data/University/PPMGR/Blender_Mat_Generator_PPMGR/Projects/textures
Asphalt_Street_Old_1_diffuseOriginal.png,/Volumes/Data/University/PPMGR/Blender_Mat_Generator_PPMGR/Projects/textures/Asphalt_Street_Old_1_diffuseOriginal.png,/Volumes/Data/University/PPMGR/Blender_Mat_Generator_PPMGR/Projects/textures
Atlas Hydra_234352_BaseColor.jpg,/Volumes/Data/University/PPMGR/Blender_Mat_Generator_PPMGR/Projects/textures/Atlas Hydra_234352_BaseColor.jpg,/Volumes/Data/University/PPMGR/Blender_Mat_Generator_PPMGR/Projects/textures
Atlas_Anguila_5x5_54336_BaseColor.jpg,/Volumes/Data/University/PPMGR/Blender_Mat_Generator_PPMGR/Projects/textures/Atlas_Anguila_5x5_54336_BaseColor.jpg,/Volumes/Data/University/PPMGR/Blender_Mat_Generator_PPMGR/Projects/textures
Balsa wood_Base Color.jpg,/Volumes/Data/University/PPMGR/Blender_Mat_Generator_PPMGR/Projects/textures/Balsa wood_Base Color.jpg,/Volumes/Data/University/PPMGR/Blender_Mat_Generator_PPMGR/Projects/textures
Balsa wood_Base Color.jpg.png,/Volumes/Data/University/PPMGR/Blender_Mat_Generator_PPMGR/Projects/textures/Balsa wood_Base Color.jpg.png,/Volumes/Data/University/PPMGR/Blender_Mat_Generator_PPMGR/Projects/textures
Bamboo_Fence_Base_Color.jpg,/Volumes/Data/University/PPMGR/Blender_Mat_Generator_PPMGR/Projects/textures/Bamboo_Fence_Base_Color.jpg,/Volumes/Data/University/PPMGR/Blender_Mat_Generator_PPMGR/Projects/textures
Bamboo_Fence_Base_Color.jpg.png,/Volumes/Data/University/PPMGR/Blender_Mat_Generator_PPMGR/Projects/textures/Bamboo_Fence_Base_Color.jpg.png,/Volumes/Data/University/PPMGR/Blender_Mat_Generator_PPMGR/Projects/textures
Bamboo_Fence_Normal.jpg,/Volumes/Data/University/PPMGR/Blender_Mat_Generator_PPMGR/Projects/textures/Bamboo_Fence_Normal.jpg,/Volumes/Data/University/PPMGR/Blender_Mat_Generator_PPMGR/Projects/textures
Bamboo_Fence_Normal.jpg.png,/Volumes/Data/University/PPMGR/Blender_Mat_Generator_PPMGR/Projects/textures/Bamboo_Fence_Normal.jpg.png,/Volumes/Data/University/PPMGR/Blender_Mat_Generator_PPMGR/Projects/textures
Bamboo_Weave_A_R_M.jpg,/Volumes/Data/University/PPMGR/Blender_Mat_Generator_PPMGR/Projects/textures/Bamboo_Weave_A_R_M.jpg,/Volumes/Data/University/PPMGR/Blender_Mat_Generator_PPMGR/Projects/textures
Bamboo_Weave_A_R_M.jpg.png,/Volumes/Data/University/PPMGR/Blender_Mat_Generator_PPMGR/Projects/textures/Bamboo_Weave_A_R_M.jpg.png,/Volumes/Data/University/PPMGR/Blender_Mat_Generator_PPMGR/Projects/textures
Bamboo_Weave_basecolor.jpg,/Volumes/Data/University/PPMGR/Blender_Mat_Generator_PPMGR/Projects/textures/Bamboo_Weave_basecolor.jpg,/Volumes/Data/University/PPMGR/Blender_Mat_Generator_PPMGR/Projects/textures
Bamboo_Weave_basecolor.jpg.png,/Volumes/Data/University/PPMGR/Blender_Mat_Generator_PPMGR/Projects/textures/Bamboo_Weave_basecolor.jpg.png,/Volumes/Data/University/PPMGR/Blender_Mat_Generator_PPMGR/Projects/textures
Banana_Base_Color.jpg,/Volumes/Data/University/PPMGR/Blender_Mat_Generator_PPMGR/Projects/textures/Banana_Base_Color.jpg,/Volumes/Data/University/PPMGR/Blender_Mat_Generator_PPMGR/Projects/textures
Bark with Small Plants_Albedo.jpg,/Volumes/Data/University/PPMGR/Blender_Mat_Generator_PPMGR/Projects/textures/Bark with Small Plants_Albedo.jpg,/Volumes/Data/University/PPMGR/Blender_Mat_Generator_PPMGR/Projects/textures
Bark with Small Plants_Albedo.jpg.png,/Volumes/Data/University/PPMGR/Blender_Mat_Generator_PPMGR/Projects/textures/Bark with Small Plants_Albedo.jpg.png,/Volumes/Data/University/PPMGR/Blender_Mat_Generator_PPMGR/Projects/textures
Bark_BaseColor.jpg,/Volumes/Data/University/PPMGR/Blender_Mat_Generator_PPMGR/Projects/textures/Bark_BaseColor.jpg,/Volumes/Data/University/PPMGR/Blender_Mat_Generator_PPMGR/Projects/textures
Bark_BaseColor.jpg.001.png,/Volumes/Data/University/PPMGR/Blender_Mat_Generator_PPMGR/Projects/textures/Bark_BaseColor.jpg.001.png,/Volumes/Data/University/PPMGR/Blender_Mat_Generator_PPMGR/Projects/textures
Basalt-basecolor.jpg,/Volumes/Data/University/PPMGR/Blender_Mat_Generator_PPMGR/Projects/textures/Basalt-basecolor.jpg,/Volumes/Data/University/PPMGR/Blender_Mat_Generator_PPMGR/Projects/textures
Base Color.jpg,/Volumes/Data/University/PPMGR/Blender_Mat_Generator_PPMGR/Projects/textures/Base Color.jpg,/Volumes/Data/University/PPMGR/Blender_Mat_Generator_PPMGR/Projects/textures
Base Color.png,/Volumes/Data/University/PPMGR/Blender_Mat_Generator_PPMGR/Projects/textures/Base Color.png,/Volumes/Data/University/PPMGR/Blender_Mat_Generator_PPMGR/Projects/textures
BaseColor1.jpg,/Volumes/Data/University/PPMGR/Blender_Mat_Generator_PPMGR/Projects/textures/BaseColor1.jpg,/Volumes/Data/University/PPMGR/Blender_Mat_Generator_PPMGR/Projects/textures
BaseStoneWall_Base_color.jpg,/Volumes/Data/University/PPMGR/Blender_Mat_Generator_PPMGR/Projects/textures/BaseStoneWall_Base_color.jpg,/Volumes/Data/University/PPMGR/Blender_Mat_Generator_PPMGR/Projects/textures
Base_Color_2k.jpg,/Volumes/Data/University/PPMGR/Blender_Mat_Generator_PPMGR/Projects/textures/Base_Color_2k.jpg,/Volumes/Data/University/PPMGR/Blender_Mat_Generator_PPMGR/Projects/textures
Basecolor.jpg,/Volumes/Data/University/PPMGR/Blender_Mat_Generator_PPMGR/Projects/textures/Basecolor.jpg,/Volumes/Data/University/PPMGR/Blender_Mat_Generator_PPMGR/Projects/textures
Basket pattern_Diffuse.jpg,/Volumes/Data/University/PPMGR/Blender_Mat_Generator_PPMGR/Projects/textures/Basket pattern_Diffuse.jpg,/Volumes/Data/University/PPMGR/Blender_Mat_Generator_PPMGR/Projects/textures
Basket_weave_tile_design_Base_Color.jpg,/Volumes/Data/University/PPMGR/Blender_Mat_Generator_PPMGR/Projects/textures/Basket_weave_tile_design_Base_Color.jpg,/Volumes/Data/University/PPMGR/Blender_Mat_Generator_PPMGR/Projects/textures
BathroomTilesDamaged_basecolor.jpg,/Volumes/Data/University/PPMGR/Blender_Mat_Generator_PPMGR/Projects/textures/BathroomTilesDamaged_basecolor.jpg,/Volumes/Data/University/PPMGR/Blender_Mat_Generator_PPMGR/Projects/textures
BathroomTilesNormal_basecolor.jpg,/Volumes/Data/University/PPMGR/Blender_Mat_Generator_PPMGR/Projects/textures/BathroomTilesNormal_basecolor.jpg,/Volumes/Data/University/PPMGR/Blender_Mat_Generator_PPMGR/Projects/textures
Batik kawung Indonesian traditional cloth_BaseColor.jpg,/Volumes/Data/University/PPMGR/Blender_Mat_Generator_PPMGR/Projects/textures/Batik kawung Indonesian traditional cloth_BaseColor.jpg,/Volumes/Data/University/PPMGR/Blender_Mat_Generator_PPMGR/Projects/textures
Beach_Base_Color.jpg,/Volumes/Data/University/PPMGR/Blender_Mat_Generator_PPMGR/Projects/textures/Beach_Base_Color.jpg,/Volumes/Data/University/PPMGR/Blender_Mat_Generator_PPMGR/Projects/textures
Beach_Sand_and_Pebbles_basecolor.jpg,/Volumes/Data/University/PPMGR/Blender_Mat_Generator_PPMGR/Projects/textures/Beach_Sand_and_Pebbles_basecolor.jpg,/Volumes/Data/University/PPMGR/Blender_Mat_Generator_PPMGR/Projects/textures
Beaf_Steak_Base_Color.jpg,/Volumes/Data/University/PPMGR/Blender_Mat_Generator_PPMGR/Projects/textures/Beaf_Steak_Base_Color.jpg,/Volumes/Data/University/PPMGR/Blender_Mat_Generator_PPMGR/Projects/textures
Beam Wall_basecolor.jpg,/Volumes/Data/University/PPMGR/Blender_Mat_Generator_PPMGR/Projects/textures/Beam Wall_basecolor.jpg,/Volumes/Data/University/PPMGR/Blender_Mat_Generator_PPMGR/Projects/textures
Beam Wall_basecolor.jpg.png,/Volumes/Data/University/PPMGR/Blender_Mat_Generator_PPMGR/Projects/textures/Beam Wall_basecolor.jpg.png,/Volumes/Data/University/PPMGR/Blender_Mat_Generator_PPMGR/Projects/textures
Beech_Wood_Plank_Base_Color.jpg,/Volumes/Data/University/PPMGR/Blender_Mat_Generator_PPMGR/Projects/textures/Beech_Wood_Plank_Base_Color.jpg,/Volumes/Data/University/PPMGR/Blender_Mat_Generator_PPMGR/Projects/textures
Beech_Wood_Plank_Base_Color.jpg.png,/Volumes/Data/University/PPMGR/Blender_Mat_Generator_PPMGR/Projects/textures/Beech_Wood_Plank_Base_Color.jpg.png,/Volumes/Data/University/PPMGR/Blender_Mat_Generator_PPMGR/Projects/textures
Benchmark Straw_diffuse.jpg,/Volumes/Data/University/PPMGR/Blender_Mat_Generator_PPMGR/Projects/textures/Benchmark Straw_diffuse.jpg,/Volumes/Data/University/PPMGR/Blender_Mat_Generator_PPMGR/Projects/textures
Bentley-005.jpg,/Volumes/Data/University/PPMGR/Blender_Mat_Generator_PPMGR/Projects/textures/Bentley-005.jpg,/Volumes/Data/University/PPMGR/Blender_Mat_Generator_PPMGR/Projects/textures
Beton 1_color.jpg,/Volumes/Data/University/PPMGR/Blender_Mat_Generator_PPMGR/Projects/textures/Beton 1_color.jpg,/Volumes/Data/University/PPMGR/Blender_Mat_Generator_PPMGR/Projects/textures
Beton_color.jpg,/Volumes/Data/University/PPMGR/Blender_Mat_Generator_PPMGR/Projects/textures/Beton_color.jpg,/Volumes/Data/University/PPMGR/Blender_Mat_Generator_PPMGR/Projects/textures
BigRockMountain-basecolor.jpg,/Volumes/Data/University/PPMGR/Blender_Mat_Generator_PPMGR/Projects/textures/BigRockMountain-basecolor.jpg,/Volumes/Data/University/PPMGR/Blender_Mat_Generator_PPMGR/Projects/textures
Biomech_Mask.png,/Volumes/Data/University/PPMGR/Blender_Mat_Generator_PPMGR/Projects/textures/Biomech_Mask.png,/Volumes/Data/University/PPMGR/Blender_Mat_Generator_PPMGR/Projects/textures
Biomech_Mask.png.png,/Volumes/Data/University/PPMGR/Blender_Mat_Generator_PPMGR/Projects/textures/Biomech_Mask.png.png,/Volumes/Data/University/PPMGR/Blender_Mat_Generator_PPMGR/Projects/textures
Biomech_basecolor.jpg,/Volumes/Data/University/PPMGR/Blender_Mat_Generator_PPMGR/Projects/textures/Biomech_basecolor.jpg,/Volumes/Data/University/PPMGR/Blender_Mat_Generator_PPMGR/Projects/textures
Biomech_basecolor.jpg.png,/Volumes/Data/University/PPMGR/Blender_Mat_Generator_PPMGR/Projects/textures/Biomech_basecolor.jpg.png,/Volumes/Data/University/PPMGR/Blender_Mat_Generator_PPMGR/Projects/textures
Birch_Tree_Bark__Base_Color.jpg,/Volumes/Data/University/PPMGR/Blender_Mat_Generator_PPMGR/Projects/textures/Birch_Tree_Bark__Base_Color.jpg,/Volumes/Data/University/PPMGR/Blender_Mat_Generator_PPMGR/Projects/textures
Birch_Tree_Bark__Base_Color.jpg.png,/Volumes/Data/University/PPMGR/Blender_Mat_Generator_PPMGR/Projects/textures/Birch_Tree_Bark__Base_Color.jpg.png,/Volumes/Data/University/PPMGR/Blender_Mat_Generator_PPMGR/Projects/textures
Black Nickel_old_Base Color.jpeg,/Volumes/Data/University/PPMGR/Blender_Mat_Generator_PPMGR/Projects/textures/Black Nickel_old_Base Color.jpeg,/Volumes/Data/University/PPMGR/Blender_Mat_Generator_PPMGR/Projects/textures
Black and white traditional ethnic patern fabric_BaseColor.jpg,/Volumes/Data/University/PPMGR/Blender_Mat_Generator_PPMGR/Projects/textures/Black and white traditional ethnic patern fabric_BaseColor.jpg,/Volumes/Data/University/PPMGR/Blender_Mat_Generator_PPMGR/Projects/textures
Black&greenMarble-basecolor.jpg,/Volumes/Data/University/PPMGR/Blender_Mat_Generator_PPMGR/Projects/textures/Black&greenMarble-basecolor.jpg,/Volumes/Data/University/PPMGR/Blender_Mat_Generator_PPMGR/Projects/textures
BlackBerry_Base_Color.jpg,/Volumes/Data/University/PPMGR/Blender_Mat_Generator_PPMGR/Projects/textures/BlackBerry_Base_Color.jpg,/Volumes/Data/University/PPMGR/Blender_Mat_Generator_PPMGR/Projects/textures
BlackDenimFabric_BaseColor.jpg,/Volumes/Data/University/PPMGR/Blender_Mat_Generator_PPMGR/Projects/textures/BlackDenimFabric_BaseColor.jpg,/Volumes/Data/University/PPMGR/Blender_Mat_Generator_PPMGR/Projects/textures
BlackMarble2-basecolor.jpg,/Volumes/Data/University/PPMGR/Blender_Mat_Generator_PPMGR/Projects/textures/BlackMarble2-basecolor.jpg,/Volumes/Data/University/PPMGR/Blender_Mat_Generator_PPMGR/Projects/textures
Black_Antique_Terracotta_tiles_Base_Color.jpg,/Volumes/Data/University/PPMGR/Blender_Mat_Generator_PPMGR/Projects/textures/Black_Antique_Terracotta_tiles_Base_Color.jpg,/Volumes/Data/University/PPMGR/Blender_Mat_Generator_PPMGR/Projects/textures
Black_Bamboo_Woven_Base_Color.jpg,/Volumes/Data/University/PPMGR/Blender_Mat_Generator_PPMGR/Projects/textures/Black_Bamboo_Woven_Base_Color.jpg,/Volumes/Data/University/PPMGR/Blender_Mat_Generator_PPMGR/Projects/textures
Black_Fabric_sofa_texture_Base_Color.jpg,/Volumes/Data/University/PPMGR/Blender_Mat_Generator_PPMGR/Projects/textures/Black_Fabric_sofa_texture_Base_Color.jpg,/Volumes/Data/University/PPMGR/Blender_Mat_Generator_PPMGR/Projects/textures
Black_Hex_Pattern_basecolor.jpg,/Volumes/Data/University/PPMGR/Blender_Mat_Generator_PPMGR/Projects/textures/Black_Hex_Pattern_basecolor.jpg,/Volumes/Data/University/PPMGR/Blender_Mat_Generator_PPMGR/Projects/textures
Black_Hex_Pattern_basecolor.jpg.png,/Volumes/Data/University/PPMGR/Blender_Mat_Generator_PPMGR/Projects/textures/Black_Hex_Pattern_basecolor.jpg.png,/Volumes/Data/University/PPMGR/Blender_Mat_Generator_PPMGR/Projects/textures
Black_Padded_coat__Base_Color.jpg,/Volumes/Data/University/PPMGR/Blender_Mat_Generator_PPMGR/Projects/textures/Black_Padded_coat__Base_Color.jpg,/Volumes/Data/University/PPMGR/Blender_Mat_Generator_PPMGR/Projects/textures
Black_Paving_Cobelstone_Base_Color.jpg,/Volumes/Data/University/PPMGR/Blender_Mat_Generator_PPMGR/Projects/textures/Black_Paving_Cobelstone_Base_Color.jpg,/Volumes/Data/University/PPMGR/Blender_Mat_Generator_PPMGR/Projects/textures
Black_Pyramid_Decor_wall_Base_Color.jpg,/Volumes/Data/University/PPMGR/Blender_Mat_Generator_PPMGR/Projects/textures/Black_Pyramid_Decor_wall_Base_Color.jpg,/Volumes/Data/University/PPMGR/Blender_Mat_Generator_PPMGR/Projects/textures
Black_Wool_and_yarn_Base_Color.jpg,/Volumes/Data/University/PPMGR/Blender_Mat_Generator_PPMGR/Projects/textures/Black_Wool_and_yarn_Base_Color.jpg,/Volumes/Data/University/PPMGR/Blender_Mat_Generator_PPMGR/Projects/textures
Black_Woven_Leather_Base_Color.jpg,/Volumes/Data/University/PPMGR/Blender_Mat_Generator_PPMGR/Projects/textures/Black_Woven_Leather_Base_Color.jpg,/Volumes/Data/University/PPMGR/Blender_Mat_Generator_PPMGR/Projects/textures
Black__Triangular_tile_Base_Color.jpg,/Volumes/Data/University/PPMGR/Blender_Mat_Generator_PPMGR/Projects/textures/Black__Triangular_tile_Base_Color.jpg,/Volumes/Data/University/PPMGR/Blender_Mat_Generator_PPMGR/Projects/textures
Black__leaf_shape_pattern_tile_Base_Color.jpg,/Volumes/Data/University/PPMGR/Blender_Mat_Generator_PPMGR/Projects/textures/Black__leaf_shape_pattern_tile_Base_Color.jpg,/Volumes/Data/University/PPMGR/Blender_Mat_Generator_PPMGR/Projects/textures
Black__procelain_Base_Color.jpg,/Volumes/Data/University/PPMGR/Blender_Mat_Generator_PPMGR/Projects/textures/Black__procelain_Base_Color.jpg,/Volumes/Data/University/PPMGR/Blender_Mat_Generator_PPMGR/Projects/textures
Black_and_brown_checker_Tiles_Base_Color.jpg,/Volumes/Data/University/PPMGR/Blender_Mat_Generator_PPMGR/Projects/textures/Black_and_brown_checker_Tiles_Base_Color.jpg,/Volumes/Data/University/PPMGR/Blender_Mat_Generator_PPMGR/Projects/textures
Black_clay_Rooftop_Tiles__Base_Color.jpg,/Volumes/Data/University/PPMGR/Blender_Mat_Generator_PPMGR/Projects/textures/Black_clay_Rooftop_Tiles__Base_Color.jpg,/Volumes/Data/University/PPMGR/Blender_Mat_Generator_PPMGR/Projects/textures
Black_concerete_plate__Base_Color.jpg,/Volumes/Data/University/PPMGR/Blender_Mat_Generator_PPMGR/Projects/textures/Black_concerete_plate__Base_Color.jpg,/Volumes/Data/University/PPMGR/Blender_Mat_Generator_PPMGR/Projects/textures
Black_cracks_Marble_Base_Color.jpg,/Volumes/Data/University/PPMGR/Blender_Mat_Generator_PPMGR/Projects/textures/Black_cracks_Marble_Base_Color.jpg,/Volumes/Data/University/PPMGR/Blender_Mat_Generator_PPMGR/Projects/textures
Black_decorative_tile_Base_Color.jpg,/Volumes/Data/University/PPMGR/Blender_Mat_Generator_PPMGR/Projects/textures/Black_decorative_tile_Base_Color.jpg,/Volumes/Data/University/PPMGR/Blender_Mat_Generator_PPMGR/Projects/textures
Black_decorative_tile_Normal.jpg,/Volumes/Data/University/PPMGR/Blender_Mat_Generator_PPMGR/Projects/textures/Black_decorative_tile_Normal.jpg,/Volumes/Data/University/PPMGR/Blender_Mat_Generator_PPMGR/Projects/textures
Black_terrazzo_tiles_Base_Color.jpg,/Volumes/Data/University/PPMGR/Blender_Mat_Generator_PPMGR/Projects/textures/Black_terrazzo_tiles_Base_Color.jpg,/Volumes/Data/University/PPMGR/Blender_Mat_Generator_PPMGR/Projects/textures
Black_wave_pattern_Decor_Base_Color.jpg,/Volumes/Data/University/PPMGR/Blender_Mat_Generator_PPMGR/Projects/textures/Black_wave_pattern_Decor_Base_Color.jpg,/Volumes/Data/University/PPMGR/Blender_Mat_Generator_PPMGR/Projects/textures
Black_wave_pattern_Decor_Normal.jpg,/Volumes/Data/University/PPMGR/Blender_Mat_Generator_PPMGR/Projects/textures/Black_wave_pattern_Decor_Normal.jpg,/Volumes/Data/University/PPMGR/Blender_Mat_Generator_PPMGR/Projects/textures
Black_wavy_wall_Decor_Base_Color.jpg,/Volumes/Data/University/PPMGR/Blender_Mat_Generator_PPMGR/Projects/textures/Black_wavy_wall_Decor_Base_Color.jpg,/Volumes/Data/University/PPMGR/Blender_Mat_Generator_PPMGR/Projects/textures
Black_whites_Marble_Base_Color.jpg,/Volumes/Data/University/PPMGR/Blender_Mat_Generator_PPMGR/Projects/textures/Black_whites_Marble_Base_Color.jpg,/Volumes/Data/University/PPMGR/Blender_Mat_Generator_PPMGR/Projects/textures
Blackish_Tiles_Base_Color.jpg,/Volumes/Data/University/PPMGR/Blender_Mat_Generator_PPMGR/Projects/textures/Blackish_Tiles_Base_Color.jpg,/Volumes/Data/University/PPMGR/Blender_Mat_Generator_PPMGR/Projects/textures
Blistred_Paint_Base_Color.jpg,/Volumes/Data/University/PPMGR/Blender_Mat_Generator_PPMGR/Projects/textures/Blistred_Paint_Base_Color.jpg,/Volumes/Data/University/PPMGR/Blender_Mat_Generator_PPMGR/Projects/textures
BlueFlowerWallpaper-basecolor.jpg,/Volumes/Data/University/PPMGR/Blender_Mat_Generator_PPMGR/Projects/textures/BlueFlowerWallpaper-basecolor.jpg,/Volumes/Data/University/PPMGR/Blender_Mat_Generator_PPMGR/Projects/textures
Blue_BaseColor.jpg,/Volumes/Data/University/PPMGR/Blender_Mat_Generator_PPMGR/Projects/textures/Blue_BaseColor.jpg,/Volumes/Data/University/PPMGR/Blender_Mat_Generator_PPMGR/Projects/textures
Blue_Checkers_pyramid_Acoustic_Panels_foam_Base_Color.jpg,/Volumes/Data/University/PPMGR/Blender_Mat_Generator_PPMGR/Projects/textures/Blue_Checkers_pyramid_Acoustic_Panels_foam_Base_Color.jpg,/Volumes/Data/University/PPMGR/Blender_Mat_Generator_PPMGR/Projects/textures
Blue_Fabric__Base_Color.jpg,/Volumes/Data/University/PPMGR/Blender_Mat_Generator_PPMGR/Projects/textures/Blue_Fabric__Base_Color.jpg,/Volumes/Data/University/PPMGR/Blender_Mat_Generator_PPMGR/Projects/textures
Blue_Pyramid_Decor_wall_Base_Color.jpg,/Volumes/Data/University/PPMGR/Blender_Mat_Generator_PPMGR/Projects/textures/Blue_Pyramid_Decor_wall_Base_Color.jpg,/Volumes/Data/University/PPMGR/Blender_Mat_Generator_PPMGR/Projects/textures
Blue_Tile_Base.jpg,/Volumes/Data/University/PPMGR/Blender_Mat_Generator_PPMGR/Projects/textures/Blue_Tile_Base.jpg,/Volumes/Data/University/PPMGR/Blender_Mat_Generator_PPMGR/Projects/textures
Blue_Tufted_Leather_Base_Color.jpg,/Volumes/Data/University/PPMGR/Blender_Mat_Generator_PPMGR/Projects/textures/Blue_Tufted_Leather_Base_Color.jpg,/Volumes/Data/University/PPMGR/Blender_Mat_Generator_PPMGR/Projects/textures
Blue_chair_upholstery_Base_Color.jpg,/Volumes/Data/University/PPMGR/Blender_Mat_Generator_PPMGR/Projects/textures/Blue_chair_upholstery_Base_Color.jpg,/Volumes/Data/University/PPMGR/Blender_Mat_Generator_PPMGR/Projects/textures
Blue_clay_Roof_Tiles__Base_Color.jpg,/Volumes/Data/University/PPMGR/Blender_Mat_Generator_PPMGR/Projects/textures/Blue_clay_Roof_Tiles__Base_Color.jpg,/Volumes/Data/University/PPMGR/Blender_Mat_Generator_PPMGR/Projects/textures
Blue_worn_Sofa_Base_Color.jpg,/Volumes/Data/University/PPMGR/Blender_Mat_Generator_PPMGR/Projects/textures/Blue_worn_Sofa_Base_Color.jpg,/Volumes/Data/University/PPMGR/Blender_Mat_Generator_PPMGR/Projects/textures
Blueberry_BaseColor.jpg,/Volumes/Data/University/PPMGR/Blender_Mat_Generator_PPMGR/Projects/textures/Blueberry_BaseColor.jpg,/Volumes/Data/University/PPMGR/Blender_Mat_Generator_PPMGR/Projects/textures
Blueish_Tiles_Base_Color.jpg,/Volumes/Data/University/PPMGR/Blender_Mat_Generator_PPMGR/Projects/textures/Blueish_Tiles_Base_Color.jpg,/Volumes/Data/University/PPMGR/Blender_Mat_Generator_PPMGR/Projects/textures
Bluetowel-basecolor.jpg,/Volumes/Data/University/PPMGR/Blender_Mat_Generator_PPMGR/Projects/textures/Bluetowel-basecolor.jpg,/Volumes/Data/University/PPMGR/Blender_Mat_Generator_PPMGR/Projects/textures
Blurshowcase.jpg,/Volumes/Data/University/PPMGR/Blender_Mat_Generator_PPMGR/Projects/textures/Blurshowcase.jpg,/Volumes/Data/University/PPMGR/Blender_Mat_Generator_PPMGR/Projects/textures
Board_Formed_Concrete_basecolor.jpg,/Volumes/Data/University/PPMGR/Blender_Mat_Generator_PPMGR/Projects/textures/Board_Formed_Concrete_basecolor.jpg,/Volumes/Data/University/PPMGR/Blender_Mat_Generator_PPMGR/Projects/textures
BoardsWall_basecolor.jpg,/Volumes/Data/University/PPMGR/Blender_Mat_Generator_PPMGR/Projects/textures/BoardsWall_basecolor.jpg,/Volumes/Data/University/PPMGR/Blender_Mat_Generator_PPMGR/Projects/textures
BoardsWall_basecolor.jpg.png,/Volumes/Data/University/PPMGR/Blender_Mat_Generator_PPMGR/Projects/textures/BoardsWall_basecolor.jpg.png,/Volumes/Data/University/PPMGR/Blender_Mat_Generator_PPMGR/Projects/textures
Bone_Texture_01-albedo.jpg,/Volumes/Data/University/PPMGR/Blender_Mat_Generator_PPMGR/Projects/textures/Bone_Texture_01-albedo.jpg,/Volumes/Data/University/PPMGR/Blender_Mat_Generator_PPMGR/Projects/textures
Boulder Rock sept1223 2_BaseColor.jpg,/Volumes/Data/University/PPMGR/Blender_Mat_Generator_PPMGR/Projects/textures/Boulder Rock sept1223 2_BaseColor.jpg,/Volumes/Data/University/PPMGR/Blender_Mat_Generator_PPMGR/Projects/textures
Boulder Rock sept1223_BaseColor.jpg,/Volumes/Data/University/PPMGR/Blender_Mat_Generator_PPMGR/Projects/textures/Boulder Rock sept1223_BaseColor.jpg,/Volumes/Data/University/PPMGR/Blender_Mat_Generator_PPMGR/Projects/textures
Box_diffuseOriginal.jpg,/Volumes/Data/University/PPMGR/Blender_Mat_Generator_PPMGR/Projects/textures/Box_diffuseOriginal.jpg,/Volumes/Data/University/PPMGR/Blender_Mat_Generator_PPMGR/Projects/textures
Braided_Woven_Cotton_Fabric_Base_Color.jpg,/Volumes/Data/University/PPMGR/Blender_Mat_Generator_PPMGR/Projects/textures/Braided_Woven_Cotton_Fabric_Base_Color.jpg,/Volumes/Data/University/PPMGR/Blender_Mat_Generator_PPMGR/Projects/textures
Braided_Woven_Cotton_Fabric_yellow_Base_Color.jpg,/Volumes/Data/University/PPMGR/Blender_Mat_Generator_PPMGR/Projects/textures/Braided_Woven_Cotton_Fabric_yellow_Base_Color.jpg,/Volumes/Data/University/PPMGR/Blender_Mat_Generator_PPMGR/Projects/textures
Brain_diffuseOriginal.jpg,/Volumes/Data/University/PPMGR/Blender_Mat_Generator_PPMGR/Projects/textures/Brain_diffuseOriginal.jpg,/Volumes/Data/University/PPMGR/Blender_Mat_Generator_PPMGR/Projects/textures
Brass_old_Base Color.jpeg,/Volumes/Data/University/PPMGR/Blender_Mat_Generator_PPMGR/Projects/textures/Brass_old_Base Color.jpeg,/Volumes/Data/University/PPMGR/Blender_Mat_Generator_PPMGR/Projects/textures
Brick Floors_BaseColor.jpg,/Volumes/Data/University/PPMGR/Blender_Mat_Generator_PPMGR/Projects/textures/Brick Floors_BaseColor.jpg,/Volumes/Data/University/PPMGR/Blender_Mat_Generator_PPMGR/Projects/textures
Brick Litter Rock_Albedo.jpg,/Volumes/Data/University/PPMGR/Blender_Mat_Generator_PPMGR/Projects/textures/Brick Litter Rock_Albedo.jpg,/Volumes/Data/University/PPMGR/Blender_Mat_Generator_PPMGR/Projects/textures
Brick_wall_Partially_plasterd_Base_Color.jpg,/Volumes/Data/University/PPMGR/Blender_Mat_Generator_PPMGR/Projects/textures/Brick_wall_Partially_plasterd_Base_Color.jpg,/Volumes/Data/University/PPMGR/Blender_Mat_Generator_PPMGR/Projects/textures
Bricks_Wall_Base_color.jpg,/Volumes/Data/University/PPMGR/Blender_Mat_Generator_PPMGR/Projects/textures/Bricks_Wall_Base_color.jpg,/Volumes/Data/University/PPMGR/Blender_Mat_Generator_PPMGR/Projects/textures
Bright Blue Jean Fabric_BaseColor.jpg,/Volumes/Data/University/PPMGR/Blender_Mat_Generator_PPMGR/Projects/textures/Bright Blue Jean Fabric_BaseColor.jpg,/Volumes/Data/University/PPMGR/Blender_Mat_Generator_PPMGR/Projects/textures
Bright_brown_fine_pine_wood_basecolor.jpg,/Volumes/Data/University/PPMGR/Blender_Mat_Generator_PPMGR/Projects/textures/Bright_brown_fine_pine_wood_basecolor.jpg,/Volumes/Data/University/PPMGR/Blender_Mat_Generator_PPMGR/Projects/textures
Bright_brown_fine_pine_wood_basecolor.jpg.png,/Volumes/Data/University/PPMGR/Blender_Mat_Generator_PPMGR/Projects/textures/Bright_brown_fine_pine_wood_basecolor.jpg.png,/Volumes/Data/University/PPMGR/Blender_Mat_Generator_PPMGR/Projects/textures
BrokenGround_basecolor.jpg,/Volumes/Data/University/PPMGR/Blender_Mat_Generator_PPMGR/Projects/textures/BrokenGround_basecolor.jpg,/Volumes/Data/University/PPMGR/Blender_Mat_Generator_PPMGR/Projects/textures
Broken_Black_tiles_Base_Color.jpg,/Volumes/Data/University/PPMGR/Blender_Mat_Generator_PPMGR/Projects/textures/Broken_Black_tiles_Base_Color.jpg,/Volumes/Data/University/PPMGR/Blender_Mat_Generator_PPMGR/Projects/textures
Broken_Square_tiles_Base_Color.jpg,/Volumes/Data/University/PPMGR/Blender_Mat_Generator_PPMGR/Projects/textures/Broken_Square_tiles_Base_Color.jpg,/Volumes/Data/University/PPMGR/Blender_Mat_Generator_PPMGR/Projects/textures
Broken_Tile_white_with_puddles_and_cracks_Base_Color.jpg,/Volumes/Data/University/PPMGR/Blender_Mat_Generator_PPMGR/Projects/textures/Broken_Tile_white_with_puddles_and_cracks_Base_Color.jpg,/Volumes/Data/University/PPMGR/Blender_Mat_Generator_PPMGR/Projects/textures
Broken_Tile_with_puddles_and_cracks_Base_Color.jpg,/Volumes/Data/University/PPMGR/Blender_Mat_Generator_PPMGR/Projects/textures/Broken_Tile_with_puddles_and_cracks_Base_Color.jpg,/Volumes/Data/University/PPMGR/Blender_Mat_Generator_PPMGR/Projects/textures
Broken_Tiles_Diffuse.jpg,/Volumes/Data/University/PPMGR/Blender_Mat_Generator_PPMGR/Projects/textures/Broken_Tiles_Diffuse.jpg,/Volumes/Data/University/PPMGR/Blender_Mat_Generator_PPMGR/Projects/textures
Brown Envelope Texture_diffuse.jpg,/Volumes/Data/University/PPMGR/Blender_Mat_Generator_PPMGR/Projects/textures/Brown Envelope Texture_diffuse.jpg,/Volumes/Data/University/PPMGR/Blender_Mat_Generator_PPMGR/Projects/textures
Brown fine hardwood teak _BaseColor.jpg,/Volumes/Data/University/PPMGR/Blender_Mat_Generator_PPMGR/Projects/textures/Brown fine hardwood teak _BaseColor.jpg,/Volumes/Data/University/PPMGR/Blender_Mat_Generator_PPMGR/Projects/textures
Brown fine hardwood teak _BaseColor.jpg.png,/Volumes/Data/University/PPMGR/Blender_Mat_Generator_PPMGR/Projects/textures/Brown fine hardwood teak _BaseColor.jpg.png,/Volumes/Data/University/PPMGR/Blender_Mat_Generator_PPMGR/Projects/textures
Brown_Bamboo_Woven_Base_Color.jpg,/Volumes/Data/University/PPMGR/Blender_Mat_Generator_PPMGR/Projects/textures/Brown_Bamboo_Woven_Base_Color.jpg,/Volumes/Data/University/PPMGR/Blender_Mat_Generator_PPMGR/Projects/textures
Brown_Bamboo_Woven_Base_Color.jpg.png,/Volumes/Data/University/PPMGR/Blender_Mat_Generator_PPMGR/Projects/textures/Brown_Bamboo_Woven_Base_Color.jpg.png,/Volumes/Data/University/PPMGR/Blender_Mat_Generator_PPMGR/Projects/textures
Brown_Bark_Base.jpg,/Volumes/Data/University/PPMGR/Blender_Mat_Generator_PPMGR/Projects/textures/Brown_Bark_Base.jpg,/Volumes/Data/University/PPMGR/Blender_Mat_Generator_PPMGR/Projects/textures
Brown_Bark_Base.jpg.png,/Volumes/Data/University/PPMGR/Blender_Mat_Generator_PPMGR/Projects/textures/Brown_Bark_Base.jpg.png,/Volumes/Data/University/PPMGR/Blender_Mat_Generator_PPMGR/Projects/textures
Brown_Basket_Weave_Pattern_basecolor.jpg,/Volumes/Data/University/PPMGR/Blender_Mat_Generator_PPMGR/Projects/textures/Brown_Basket_Weave_Pattern_basecolor.jpg,/Volumes/Data/University/PPMGR/Blender_Mat_Generator_PPMGR/Projects/textures
Brown_Cardboard_Base.jpg,/Volumes/Data/University/PPMGR/Blender_Mat_Generator_PPMGR/Projects/textures/Brown_Cardboard_Base.jpg,/Volumes/Data/University/PPMGR/Blender_Mat_Generator_PPMGR/Projects/textures
Brown_Composite_clay_Rooftop_Tiles__Base_Color.jpg,/Volumes/Data/University/PPMGR/Blender_Mat_Generator_PPMGR/Projects/textures/Brown_Composite_clay_Rooftop_Tiles__Base_Color.jpg,/Volumes/Data/University/PPMGR/Blender_Mat_Generator_PPMGR/Projects/textures
Brown_Leather_01_Base.jpg,/Volumes/Data/University/PPMGR/Blender_Mat_Generator_PPMGR/Projects/textures/Brown_Leather_01_Base.jpg,/Volumes/Data/University/PPMGR/Blender_Mat_Generator_PPMGR/Projects/textures
Brown_Leather_02_Base.jpg,/Volumes/Data/University/PPMGR/Blender_Mat_Generator_PPMGR/Projects/textures/Brown_Leather_02_Base.jpg,/Volumes/Data/University/PPMGR/Blender_Mat_Generator_PPMGR/Projects/textures
Brown_Leather_03_Base.jpg,/Volumes/Data/University/PPMGR/Blender_Mat_Generator_PPMGR/Projects/textures/Brown_Leather_03_Base.jpg,/Volumes/Data/University/PPMGR/Blender_Mat_Generator_PPMGR/Projects/textures
Brown_Leather_04_Base.jpg,/Volumes/Data/University/PPMGR/Blender_Mat_Generator_PPMGR/Projects/textures/Brown_Leather_04_Base.jpg,/Volumes/Data/University/PPMGR/Blender_Mat_Generator_PPMGR/Projects/textures
Brown_Leather_Base_Color.jpg,/Volumes/Data/University/PPMGR/Blender_Mat_Generator_PPMGR/Projects/textures/Brown_Leather_Base_Color.jpg,/Volumes/Data/University/PPMGR/Blender_Mat_Generator_PPMGR/Projects/textures
Brown_Leather_Woven_Base_Color.jpg,/Volumes/Data/University/PPMGR/Blender_Mat_Generator_PPMGR/Projects/textures/Brown_Leather_Woven_Base_Color.jpg,/Volumes/Data/University/PPMGR/Blender_Mat_Generator_PPMGR/Projects/textures
Brown_Marbled_Stone_Base.jpg,/Volumes/Data/University/PPMGR/Blender_Mat_Generator_PPMGR/Projects/textures/Brown_Marbled_Stone_Base.jpg,/Volumes/Data/University/PPMGR/Blender_Mat_Generator_PPMGR/Projects/textures
Brown_Scratched_Marble_Base.jpg,/Volumes/Data/University/PPMGR/Blender_Mat_Generator_PPMGR/Projects/textures/Brown_Scratched_Marble_Base.jpg,/Volumes/Data/University/PPMGR/Blender_Mat_Generator_PPMGR/Projects/textures
Brown_Tile_Base.jpg,/Volumes/Data/University/PPMGR/Blender_Mat_Generator_PPMGR/Projects/textures/Brown_Tile_Base.jpg,/Volumes/Data/University/PPMGR/Blender_Mat_Generator_PPMGR/Projects/textures
Brown_Tile_Design_Base.jpg,/Volumes/Data/University/PPMGR/Blender_Mat_Generator_PPMGR/Projects/textures/Brown_Tile_Design_Base.jpg,/Volumes/Data/University/PPMGR/Blender_Mat_Generator_PPMGR/Projects/textures
Brown_Wood_Planks_Base.jpg,/Volumes/Data/University/PPMGR/Blender_Mat_Generator_PPMGR/Projects/textures/Brown_Wood_Planks_Base.jpg,/Volumes/Data/University/PPMGR/Blender_Mat_Generator_PPMGR/Projects/textures
Brown_Wood_Planks_Base.jpg.png,/Volumes/Data/University/PPMGR/Blender_Mat_Generator_PPMGR/Projects/textures/Brown_Wood_Planks_Base.jpg.png,/Volumes/Data/University/PPMGR/Blender_Mat_Generator_PPMGR/Projects/textures
Brown__procelain_Base_Color.jpg,/Volumes/Data/University/PPMGR/Blender_Mat_Generator_PPMGR/Projects/textures/Brown__procelain_Base_Color.jpg,/Volumes/Data/University/PPMGR/Blender_Mat_Generator_PPMGR/Projects/textures
Brown_concerete_tile_block_with_hole_Base_Color.jpg,/Volumes/Data/University/PPMGR/Blender_Mat_Generator_PPMGR/Projects/textures/Brown_concerete_tile_block_with_hole_Base_Color.jpg,/Volumes/Data/University/PPMGR/Blender_Mat_Generator_PPMGR/Projects/textures
Brown_fabric_with_Black_patches_Base_Color.jpg,/Volumes/Data/University/PPMGR/Blender_Mat_Generator_PPMGR/Projects/textures/Brown_fabric_with_Black_patches_Base_Color.jpg,/Volumes/Data/University/PPMGR/Blender_Mat_Generator_PPMGR/Projects/textures
Brown_marble_Base.jpg,/Volumes/Data/University/PPMGR/Blender_Mat_Generator_PPMGR/Projects/textures/Brown_marble_Base.jpg,/Volumes/Data/University/PPMGR/Blender_Mat_Generator_PPMGR/Projects/textures
Brownish_Tiles_Base_Color.jpg,/Volumes/Data/University/PPMGR/Blender_Mat_Generator_PPMGR/Projects/textures/Brownish_Tiles_Base_Color.jpg,/Volumes/Data/University/PPMGR/Blender_Mat_Generator_PPMGR/Projects/textures
Building_02_basecolor.jpg,/Volumes/Data/University/PPMGR/Blender_Mat_Generator_PPMGR/Projects/textures/Building_02_basecolor.jpg,/Volumes/Data/University/PPMGR/Blender_Mat_Generator_PPMGR/Projects/textures
Caffe Frappe_diffuse.jpg,/Volumes/Data/University/PPMGR/Blender_Mat_Generator_PPMGR/Projects/textures/Caffe Frappe_diffuse.jpg,/Volumes/Data/University/PPMGR/Blender_Mat_Generator_PPMGR/Projects/textures
Caffee_BaseColor.jpg,/Volumes/Data/University/PPMGR/Blender_Mat_Generator_PPMGR/Projects/textures/Caffee_BaseColor.jpg,/Volumes/Data/University/PPMGR/Blender_Mat_Generator_PPMGR/Projects/textures
Caffee_OcclusionRoughnessSpecular.jpg,/Volumes/Data/University/PPMGR/Blender_Mat_Generator_PPMGR/Projects/textures/Caffee_OcclusionRoughnessSpecular.jpg,/Volumes/Data/University/PPMGR/Blender_Mat_Generator_PPMGR/Projects/textures
Calais_Wood_123234__BaseColor.jpg,/Volumes/Data/University/PPMGR/Blender_Mat_Generator_PPMGR/Projects/textures/Calais_Wood_123234__BaseColor.jpg,/Volumes/Data/University/PPMGR/Blender_Mat_Generator_PPMGR/Projects/textures
Calais_Wood_123234__BaseColor.jpg.png,/Volumes/Data/University/PPMGR/Blender_Mat_Generator_PPMGR/Projects/textures/Calais_Wood_123234__BaseColor.jpg.png,/Volumes/Data/University/PPMGR/Blender_Mat_Generator_PPMGR/Projects/textures
Camoflage_Base_Texture_01_Image.jpg,/Volumes/Data/University/PPMGR/Blender_Mat_Generator_PPMGR/Projects/textures/Camoflage_Base_Texture_01_Image.jpg,/Volumes/Data/University/PPMGR/Blender_Mat_Generator_PPMGR/Projects/textures
Camouflage_Base_Color.jpg,/Volumes/Data/University/PPMGR/Blender_Mat_Generator_PPMGR/Projects/textures/Camouflage_Base_Color.jpg,/Volumes/Data/University/PPMGR/Blender_Mat_Generator_PPMGR/Projects/textures
Candies01_Vector.jpg,/Volumes/Data/University/PPMGR/Blender_Mat_Generator_PPMGR/Projects/textures/Candies01_Vector.jpg,/Volumes/Data/University/PPMGR/Blender_Mat_Generator_PPMGR/Projects/textures
Candies02_Vector.jpg,/Volumes/Data/University/PPMGR/Blender_Mat_Generator_PPMGR/Projects/textures/Candies02_Vector.jpg,/Volumes/Data/University/PPMGR/Blender_Mat_Generator_PPMGR/Projects/textures
Candies04_vectorized.jpg,/Volumes/Data/University/PPMGR/Blender_Mat_Generator_PPMGR/Projects/textures/Candies04_vectorized.jpg,/Volumes/Data/University/PPMGR/Blender_Mat_Generator_PPMGR/Projects/textures
Candies06_Vector.jpg,/Volumes/Data/University/PPMGR/Blender_Mat_Generator_PPMGR/Projects/textures/Candies06_Vector.jpg,/Volumes/Data/University/PPMGR/Blender_Mat_Generator_PPMGR/Projects/textures
Candies06_Vectorized.jpg,/Volumes/Data/University/PPMGR/Blender_Mat_Generator_PPMGR/Projects/textures/Candies06_Vectorized.jpg,/Volumes/Data/University/PPMGR/Blender_Mat_Generator_PPMGR/Projects/textures
Canvas_BaseColor.jpg,/Volumes/Data/University/PPMGR/Blender_Mat_Generator_PPMGR/Projects/textures/Canvas_BaseColor.jpg,/Volumes/Data/University/PPMGR/Blender_Mat_Generator_PPMGR/Projects/textures
Car paint 1_BaseColor.jpg,/Volumes/Data/University/PPMGR/Blender_Mat_Generator_PPMGR/Projects/textures/Car paint 1_BaseColor.jpg,/Volumes/Data/University/PPMGR/Blender_Mat_Generator_PPMGR/Projects/textures
Car paint_BaseColor.jpg,/Volumes/Data/University/PPMGR/Blender_Mat_Generator_PPMGR/Projects/textures/Car paint_BaseColor.jpg,/Volumes/Data/University/PPMGR/Blender_Mat_Generator_PPMGR/Projects/textures
Carbon_Fiber_01_basecolor.jpg,/Volumes/Data/University/PPMGR/Blender_Mat_Generator_PPMGR/Projects/textures/Carbon_Fiber_01_basecolor.jpg,/Volumes/Data/University/PPMGR/Blender_Mat_Generator_PPMGR/Projects/textures
Carbon_Fiber_01_basecolor.jpg.png,/Volumes/Data/University/PPMGR/Blender_Mat_Generator_PPMGR/Projects/textures/Carbon_Fiber_01_basecolor.jpg.png,/Volumes/Data/University/PPMGR/Blender_Mat_Generator_PPMGR/Projects/textures
Carbon_Fibre_material_Base_Color.jpg,/Volumes/Data/University/PPMGR/Blender_Mat_Generator_PPMGR/Projects/textures/Carbon_Fibre_material_Base_Color.jpg,/Volumes/Data/University/PPMGR/Blender_Mat_Generator_PPMGR/Projects/textures
Cardboard_BaseColor.jpg,/Volumes/Data/University/PPMGR/Blender_Mat_Generator_PPMGR/Projects/textures/Cardboard_BaseColor.jpg,/Volumes/Data/University/PPMGR/Blender_Mat_Generator_PPMGR/Projects/textures
Cardboard_Brown_Base_Color.jpg,/Volumes/Data/University/PPMGR/Blender_Mat_Generator_PPMGR/Projects/textures/Cardboard_Brown_Base_Color.jpg,/Volumes/Data/University/PPMGR/Blender_Mat_Generator_PPMGR/Projects/textures
Cardboard_Texture_Base.jpg,/Volumes/Data/University/PPMGR/Blender_Mat_Generator_PPMGR/Projects/textures/Cardboard_Texture_Base.jpg,/Volumes/Data/University/PPMGR/Blender_Mat_Generator_PPMGR/Projects/textures
CarpetPattern_basecolor.jpg,/Volumes/Data/University/PPMGR/Blender_Mat_Generator_PPMGR/Projects/textures/CarpetPattern_basecolor.jpg,/Volumes/Data/University/PPMGR/Blender_Mat_Generator_PPMGR/Projects/textures
Carpet_BaseColor.jpg,/Volumes/Data/University/PPMGR/Blender_Mat_Generator_PPMGR/Projects/textures/Carpet_BaseColor.jpg,/Volumes/Data/University/PPMGR/Blender_Mat_Generator_PPMGR/Projects/textures
Carpet_Base_Color.jpg,/Volumes/Data/University/PPMGR/Blender_Mat_Generator_PPMGR/Projects/textures/Carpet_Base_Color.jpg,/Volumes/Data/University/PPMGR/Blender_Mat_Generator_PPMGR/Projects/textures
Carrara Paonazzo Porcelain Tile FLOOR DECOR_BaseColor.jpg,/Volumes/Data/University/PPMGR/Blender_Mat_Generator_PPMGR/Projects/textures/Carrara Paonazzo Porcelain Tile FLOOR DECOR_BaseColor.jpg,/Volumes/Data/University/PPMGR/Blender_Mat_Generator_PPMGR/Projects/textures
Carrot_skin_Texture_Base_Color.jpg,/Volumes/Data/University/PPMGR/Blender_Mat_Generator_PPMGR/Projects/textures/Carrot_skin_Texture_Base_Color.jpg,/Volumes/Data/University/PPMGR/Blender_Mat_Generator_PPMGR/Projects/textures
CartoonBox_diffuseOriginal.jpg,/Volumes/Data/University/PPMGR/Blender_Mat_Generator_PPMGR/Projects/textures/CartoonBox_diffuseOriginal.jpg,/Volumes/Data/University/PPMGR/Blender_Mat_Generator_PPMGR/Projects/textures
CartoonBox_diffuseOriginal.png,/Volumes/Data/University/PPMGR/Blender_Mat_Generator_PPMGR/Projects/textures/CartoonBox_diffuseOriginal.png,/Volumes/Data/University/PPMGR/Blender_Mat_Generator_PPMGR/Projects/textures
Carvalho-Munique_Diffuse.jpg,/Volumes/Data/University/PPMGR/Blender_Mat_Generator_PPMGR/Projects/textures/Carvalho-Munique_Diffuse.jpg,/Volumes/Data/University/PPMGR/Blender_Mat_Generator_PPMGR/Projects/textures
Caucasian_Human_Skin_01_BaseColor.jpg,/Volumes/Data/University/PPMGR/Blender_Mat_Generator_PPMGR/Projects/textures/Caucasian_Human_Skin_01_BaseColor.jpg,/Volumes/Data/University/PPMGR/Blender_Mat_Generator_PPMGR/Projects/textures
Cedar_Wood_Plank_Base_Color.jpg,/Volumes/Data/University/PPMGR/Blender_Mat_Generator_PPMGR/Projects/textures/Cedar_Wood_Plank_Base_Color.jpg,/Volumes/Data/University/PPMGR/Blender_Mat_Generator_PPMGR/Projects/textures
Cedar_Wood_Plank_Base_Color.jpg.png,/Volumes/Data/University/PPMGR/Blender_Mat_Generator_PPMGR/Projects/textures/Cedar_Wood_Plank_Base_Color.jpg.png,/Volumes/Data/University/PPMGR/Blender_Mat_Generator_PPMGR/Projects/textures
Cedar_wood_knots_epoxy_Base_Color.jpg,/Volumes/Data/University/PPMGR/Blender_Mat_Generator_PPMGR/Projects/textures/Cedar_wood_knots_epoxy_Base_Color.jpg,/Volumes/Data/University/PPMGR/Blender_Mat_Generator_PPMGR/Projects/textures
Cedar_wood_knots_epoxy_Base_Color.jpg.png,/Volumes/Data/University/PPMGR/Blender_Mat_Generator_PPMGR/Projects/textures/Cedar_wood_knots_epoxy_Base_Color.jpg.png,/Volumes/Data/University/PPMGR/Blender_Mat_Generator_PPMGR/Projects/textures
CellularCrystallization_COLOR.jpg,/Volumes/Data/University/PPMGR/Blender_Mat_Generator_PPMGR/Projects/textures/CellularCrystallization_COLOR.jpg,/Volumes/Data/University/PPMGR/Blender_Mat_Generator_PPMGR/Projects/textures
Cement_Sidewalk_Reg_diffuseOriginal.jpg,/Volumes/Data/University/PPMGR/Blender_Mat_Generator_PPMGR/Projects/textures/Cement_Sidewalk_Reg_diffuseOriginal.jpg,/Volumes/Data/University/PPMGR/Blender_Mat_Generator_PPMGR/Projects/textures
Cement_Sidewalk_Striped_diffuseOriginal.jpg,/Volumes/Data/University/PPMGR/Blender_Mat_Generator_PPMGR/Projects/textures/Cement_Sidewalk_Striped_diffuseOriginal.jpg,/Volumes/Data/University/PPMGR/Blender_Mat_Generator_PPMGR/Projects/textures
Ceramic tiles 1_BaseColor.jpg,/Volumes/Data/University/PPMGR/Blender_Mat_Generator_PPMGR/Projects/textures/Ceramic tiles 1_BaseColor.jpg,/Volumes/Data/University/PPMGR/Blender_Mat_Generator_PPMGR/Projects/textures
Ceramic tiles_BaseColor.jpg,/Volumes/Data/University/PPMGR/Blender_Mat_Generator_PPMGR/Projects/textures/Ceramic tiles_BaseColor.jpg,/Volumes/Data/University/PPMGR/Blender_Mat_Generator_PPMGR/Projects/textures
Ceramic_Geometeric_Tiles_Digonal_dark_Base_Color.jpg,/Volumes/Data/University/PPMGR/Blender_Mat_Generator_PPMGR/Projects/textures/Ceramic_Geometeric_Tiles_Digonal_dark_Base_Color.jpg,/Volumes/Data/University/PPMGR/Blender_Mat_Generator_PPMGR/Projects/textures
Ceramic_Geometeric_Tiles_Digonal_golden_Base_Color.jpg,/Volumes/Data/University/PPMGR/Blender_Mat_Generator_PPMGR/Projects/textures/Ceramic_Geometeric_Tiles_Digonal_golden_Base_Color.jpg,/Volumes/Data/University/PPMGR/Blender_Mat_Generator_PPMGR/Projects/textures
Ceramic_Tiles_Flower_Base_Color.jpg,/Volumes/Data/University/PPMGR/Blender_Mat_Generator_PPMGR/Projects/textures/Ceramic_Tiles_Flower_Base_Color.jpg,/Volumes/Data/University/PPMGR/Blender_Mat_Generator_PPMGR/Projects/textures
Ceramic_Tiles_Flower_dark_Base_Color.jpg,/Volumes/Data/University/PPMGR/Blender_Mat_Generator_PPMGR/Projects/textures/Ceramic_Tiles_Flower_dark_Base_Color.jpg,/Volumes/Data/University/PPMGR/Blender_Mat_Generator_PPMGR/Projects/textures
Ceramic_Tiles_basecolor.jpg,/Volumes/Data/University/PPMGR/Blender_Mat_Generator_PPMGR/Projects/textures/Ceramic_Tiles_basecolor.jpg,/Volumes/Data/University/PPMGR/Blender_Mat_Generator_PPMGR/Projects/textures
Ceramic_checker_Tiles_Base_Color.jpg,/Volumes/Data/University/PPMGR/Blender_Mat_Generator_PPMGR/Projects/textures/Ceramic_checker_Tiles_Base_Color.jpg,/Volumes/Data/University/PPMGR/Blender_Mat_Generator_PPMGR/Projects/textures
Ceramiic_Tiles_Dark_Base_Color.jpg,/Volumes/Data/University/PPMGR/Blender_Mat_Generator_PPMGR/Projects/textures/Ceramiic_Tiles_Dark_Base_Color.jpg,/Volumes/Data/University/PPMGR/Blender_Mat_Generator_PPMGR/Projects/textures
Ceramiic_Tiles_Gold_Base_Color.jpg,/Volumes/Data/University/PPMGR/Blender_Mat_Generator_PPMGR/Projects/textures/Ceramiic_Tiles_Gold_Base_Color.jpg,/Volumes/Data/University/PPMGR/Blender_Mat_Generator_PPMGR/Projects/textures
Ceramiic_Tiles_Gold_Normal.jpg,/Volumes/Data/University/PPMGR/Blender_Mat_Generator_PPMGR/Projects/textures/Ceramiic_Tiles_Gold_Normal.jpg,/Volumes/Data/University/PPMGR/Blender_Mat_Generator_PPMGR/Projects/textures
Ceramiic_Tiles_silver_Base_Color.jpg,/Volumes/Data/University/PPMGR/Blender_Mat_Generator_PPMGR/Projects/textures/Ceramiic_Tiles_silver_Base_Color.jpg,/Volumes/Data/University/PPMGR/Blender_Mat_Generator_PPMGR/Projects/textures
Chain_Mail_05_Image-diffuse.jpg,/Volumes/Data/University/PPMGR/Blender_Mat_Generator_PPMGR/Projects/textures/Chain_Mail_05_Image-diffuse.jpg,/Volumes/Data/University/PPMGR/Blender_Mat_Generator_PPMGR/Projects/textures
Chain_Mail_05_Image-normal.jpg,/Volumes/Data/University/PPMGR/Blender_Mat_Generator_PPMGR/Projects/textures/Chain_Mail_05_Image-normal.jpg,/Volumes/Data/University/PPMGR/Blender_Mat_Generator_PPMGR/Projects/textures
Checker_Zigzag_Flower_Tiles_Base_Color.jpg,/Volumes/Data/University/PPMGR/Blender_Mat_Generator_PPMGR/Projects/textures/Checker_Zigzag_Flower_Tiles_Base_Color.jpg,/Volumes/Data/University/PPMGR/Blender_Mat_Generator_PPMGR/Projects/textures
Checker_scottish_tartan_Fabric_Base_Color.jpg,/Volumes/Data/University/PPMGR/Blender_Mat_Generator_PPMGR/Projects/textures/Checker_scottish_tartan_Fabric_Base_Color.jpg,/Volumes/Data/University/PPMGR/Blender_Mat_Generator_PPMGR/Projects/textures
Chekcer_Colorful_Tiles_Base_Color.jpg,/Volumes/Data/University/PPMGR/Blender_Mat_Generator_PPMGR/Projects/textures/Chekcer_Colorful_Tiles_Base_Color.jpg,/Volumes/Data/University/PPMGR/Blender_Mat_Generator_PPMGR/Projects/textures
Cherry_Vectorized.jpg,/Volumes/Data/University/PPMGR/Blender_Mat_Generator_PPMGR/Projects/textures/Cherry_Vectorized.jpg,/Volumes/Data/University/PPMGR/Blender_Mat_Generator_PPMGR/Projects/textures
Chesterfield_LeatherBlue_worn_Base_Color.jpg,/Volumes/Data/University/PPMGR/Blender_Mat_Generator_PPMGR/Projects/textures/Chesterfield_LeatherBlue_worn_Base_Color.jpg,/Volumes/Data/University/PPMGR/Blender_Mat_Generator_PPMGR/Projects/textures
Chesterfield_Leather_worn_black_Base_Color.jpg,/Volumes/Data/University/PPMGR/Blender_Mat_Generator_PPMGR/Projects/textures/Chesterfield_Leather_worn_black_Base_Color.jpg,/Volumes/Data/University/PPMGR/Blender_Mat_Generator_PPMGR/Projects/textures
Chesterfield___Base_Color.jpg,/Volumes/Data/University/PPMGR/Blender_Mat_Generator_PPMGR/Projects/textures/Chesterfield___Base_Color.jpg,/Volumes/Data/University/PPMGR/Blender_Mat_Generator_PPMGR/Projects/textures
Chevron_Black_Wood_Base_Color.jpg,/Volumes/Data/University/PPMGR/Blender_Mat_Generator_PPMGR/Projects/textures/Chevron_Black_Wood_Base_Color.jpg,/Volumes/Data/University/PPMGR/Blender_Mat_Generator_PPMGR/Projects/textures
Chevron_Parquet_Wooden_Base_Color.jpg,/Volumes/Data/University/PPMGR/Blender_Mat_Generator_PPMGR/Projects/textures/Chevron_Parquet_Wooden_Base_Color.jpg,/Volumes/Data/University/PPMGR/Blender_Mat_Generator_PPMGR/Projects/textures
Chinese_Armour_Pattern_03.jpg,/Volumes/Data/University/PPMGR/Blender_Mat_Generator_PPMGR/Projects/textures/Chinese_Armour_Pattern_03.jpg,/Volumes/Data/University/PPMGR/Blender_Mat_Generator_PPMGR/Projects/textures
Chinese_style_porcelaincracked_blackish_tiles_Base_Color.jpg,/Volumes/Data/University/PPMGR/Blender_Mat_Generator_PPMGR/Projects/textures/Chinese_style_porcelaincracked_blackish_tiles_Base_Color.jpg,/Volumes/Data/University/PPMGR/Blender_Mat_Generator_PPMGR/Projects/textures
Chipboard_Low-density_Fiberboard_color_map.jpg,/Volumes/Data/University/PPMGR/Blender_Mat_Generator_PPMGR/Projects/textures/Chipboard_Low-density_Fiberboard_color_map.jpg,/Volumes/Data/University/PPMGR/Blender_Mat_Generator_PPMGR/Projects/textures
Chocolate bar 2_BaseColor.jpg,/Volumes/Data/University/PPMGR/Blender_Mat_Generator_PPMGR/Projects/textures/Chocolate bar 2_BaseColor.jpg,/Volumes/Data/University/PPMGR/Blender_Mat_Generator_PPMGR/Projects/textures
Chocolate bar 3_BaseColor.jpg,/Volumes/Data/University/PPMGR/Blender_Mat_Generator_PPMGR/Projects/textures/Chocolate bar 3_BaseColor.jpg,/Volumes/Data/University/PPMGR/Blender_Mat_Generator_PPMGR/Projects/textures
Chocolate bar 4_BaseColor.jpg,/Volumes/Data/University/PPMGR/Blender_Mat_Generator_PPMGR/Projects/textures/Chocolate bar 4_BaseColor.jpg,/Volumes/Data/University/PPMGR/Blender_Mat_Generator_PPMGR/Projects/textures
Chocolate bar_BaseColor.jpg,/Volumes/Data/University/PPMGR/Blender_Mat_Generator_PPMGR/Projects/textures/Chocolate bar_BaseColor.jpg,/Volumes/Data/University/PPMGR/Blender_Mat_Generator_PPMGR/Projects/textures
Christmas04_vectorized.jpg,/Volumes/Data/University/PPMGR/Blender_Mat_Generator_PPMGR/Projects/textures/Christmas04_vectorized.jpg,/Volumes/Data/University/PPMGR/Blender_Mat_Generator_PPMGR/Projects/textures
Christmas05_vectorized.jpg,/Volumes/Data/University/PPMGR/Blender_Mat_Generator_PPMGR/Projects/textures/Christmas05_vectorized.jpg,/Volumes/Data/University/PPMGR/Blender_Mat_Generator_PPMGR/Projects/textures
Christmas06_vectorized.jpg,/Volumes/Data/University/PPMGR/Blender_Mat_Generator_PPMGR/Projects/textures/Christmas06_vectorized.jpg,/Volumes/Data/University/PPMGR/Blender_Mat_Generator_PPMGR/Projects/textures
Christmas07_vectorized.jpg,/Volumes/Data/University/PPMGR/Blender_Mat_Generator_PPMGR/Projects/textures/Christmas07_vectorized.jpg,/Volumes/Data/University/PPMGR/Blender_Mat_Generator_PPMGR/Projects/textures
Christmas09_vectorized.jpg,/Volumes/Data/University/PPMGR/Blender_Mat_Generator_PPMGR/Projects/textures/Christmas09_vectorized.jpg,/Volumes/Data/University/PPMGR/Blender_Mat_Generator_PPMGR/Projects/textures
Christmas10_vectorized.jpg,/Volumes/Data/University/PPMGR/Blender_Mat_Generator_PPMGR/Projects/textures/Christmas10_vectorized.jpg,/Volumes/Data/University/PPMGR/Blender_Mat_Generator_PPMGR/Projects/textures
Churchwall_Albedo_8192x8192.jpg,/Volumes/Data/University/PPMGR/Blender_Mat_Generator_PPMGR/Projects/textures/Churchwall_Albedo_8192x8192.jpg,/Volumes/Data/University/PPMGR/Blender_Mat_Generator_PPMGR/Projects/textures
Circular_Orange_Terracotta_Base_Color.jpg,/Volumes/Data/University/PPMGR/Blender_Mat_Generator_PPMGR/Projects/textures/Circular_Orange_Terracotta_Base_Color.jpg,/Volumes/Data/University/PPMGR/Blender_Mat_Generator_PPMGR/Projects/textures
Circular_black_Terracotta_Base_Color.jpg,/Volumes/Data/University/PPMGR/Blender_Mat_Generator_PPMGR/Projects/textures/Circular_black_Terracotta_Base_Color.jpg,/Volumes/Data/University/PPMGR/Blender_Mat_Generator_PPMGR/Projects/textures
Circular_paving_tile_Base_Color.jpg,/Volumes/Data/University/PPMGR/Blender_Mat_Generator_PPMGR/Projects/textures/Circular_paving_tile_Base_Color.jpg,/Volumes/Data/University/PPMGR/Blender_Mat_Generator_PPMGR/Projects/textures
Circular_white_Terracotta_Base_Color.jpg,/Volumes/Data/University/PPMGR/Blender_Mat_Generator_PPMGR/Projects/textures/Circular_white_Terracotta_Base_Color.jpg,/Volumes/Data/University/PPMGR/Blender_Mat_Generator_PPMGR/Projects/textures
Citrus skin_BaseColor.jpg,/Volumes/Data/University/PPMGR/Blender_Mat_Generator_PPMGR/Projects/textures/Citrus skin_BaseColor.jpg,/Volumes/Data/University/PPMGR/Blender_Mat_Generator_PPMGR/Projects/textures
Classic_Blue_Tiles_Base_Color.jpg,/Volumes/Data/University/PPMGR/Blender_Mat_Generator_PPMGR/Projects/textures/Classic_Blue_Tiles_Base_Color.jpg,/Volumes/Data/University/PPMGR/Blender_Mat_Generator_PPMGR/Projects/textures
Classic_ckecker_Tiles_Base_Color.jpg,/Volumes/Data/University/PPMGR/Blender_Mat_Generator_PPMGR/Projects/textures/Classic_ckecker_Tiles_Base_Color.jpg,/Volumes/Data/University/PPMGR/Blender_Mat_Generator_PPMGR/Projects/textures
Classic_orange_Tiles_Base_Color.jpg,/Volumes/Data/University/PPMGR/Blender_Mat_Generator_PPMGR/Projects/textures/Classic_orange_Tiles_Base_Color.jpg,/Volumes/Data/University/PPMGR/Blender_Mat_Generator_PPMGR/Projects/textures
Classical_Orange_Marble_Base_Color.jpg,/Volumes/Data/University/PPMGR/Blender_Mat_Generator_PPMGR/Projects/textures/Classical_Orange_Marble_Base_Color.jpg,/Volumes/Data/University/PPMGR/Blender_Mat_Generator_PPMGR/Projects/textures
Clay003_2K_Color.jpg,/Volumes/Data/University/PPMGR/Blender_Mat_Generator_PPMGR/Projects/textures/Clay003_2K_Color.jpg,/Volumes/Data/University/PPMGR/Blender_Mat_Generator_PPMGR/Projects/textures
Clay_roof_tile_Brown_Base_Color.jpg,/Volumes/Data/University/PPMGR/Blender_Mat_Generator_PPMGR/Projects/textures/Clay_roof_tile_Brown_Base_Color.jpg,/Volumes/Data/University/PPMGR/Blender_Mat_Generator_PPMGR/Projects/textures
Clay_roof_tile_White_Base_Color.jpg,/Volumes/Data/University/PPMGR/Blender_Mat_Generator_PPMGR/Projects/textures/Clay_roof_tile_White_Base_Color.jpg,/Volumes/Data/University/PPMGR/Blender_Mat_Generator_PPMGR/Projects/textures
Clay_roof_tile_black_Base_Color.jpg,/Volumes/Data/University/PPMGR/Blender_Mat_Generator_PPMGR/Projects/textures/Clay_roof_tile_black_Base_Color.jpg,/Volumes/Data/University/PPMGR/Blender_Mat_Generator_PPMGR/Projects/textures
Clay_roof_tile_colorful_Base_Color.jpg,/Volumes/Data/University/PPMGR/Blender_Mat_Generator_PPMGR/Projects/textures/Clay_roof_tile_colorful_Base_Color.jpg,/Volumes/Data/University/PPMGR/Blender_Mat_Generator_PPMGR/Projects/textures
Clean OAK - Basket_BaseColor.jpg,/Volumes/Data/University/PPMGR/Blender_Mat_Generator_PPMGR/Projects/textures/Clean OAK - Basket_BaseColor.jpg,/Volumes/Data/University/PPMGR/Blender_Mat_Generator_PPMGR/Projects/textures
Clean OAK - Hungarian_BaseColor.jpg,/Volumes/Data/University/PPMGR/Blender_Mat_Generator_PPMGR/Projects/textures/Clean OAK - Hungarian_BaseColor.jpg,/Volumes/Data/University/PPMGR/Blender_Mat_Generator_PPMGR/Projects/textures
Clean OAK - Parquet_BaseColor.jpg,/Volumes/Data/University/PPMGR/Blender_Mat_Generator_PPMGR/Projects/textures/Clean OAK - Parquet_BaseColor.jpg,/Volumes/Data/University/PPMGR/Blender_Mat_Generator_PPMGR/Projects/textures
Clean OAK_BaseColor.jpg,/Volumes/Data/University/PPMGR/Blender_Mat_Generator_PPMGR/Projects/textures/Clean OAK_BaseColor.jpg,/Volumes/Data/University/PPMGR/Blender_Mat_Generator_PPMGR/Projects/textures
Cliff Rock sept1423_BaseColor.jpg,/Volumes/Data/University/PPMGR/Blender_Mat_Generator_PPMGR/Projects/textures/Cliff Rock sept1423_BaseColor.jpg,/Volumes/Data/University/PPMGR/Blender_Mat_Generator_PPMGR/Projects/textures
Cliff_02_basecolor.jpg,/Volumes/Data/University/PPMGR/Blender_Mat_Generator_PPMGR/Projects/textures/Cliff_02_basecolor.jpg,/Volumes/Data/University/PPMGR/Blender_Mat_Generator_PPMGR/Projects/textures
Cliff_04_basecolor.jpg,/Volumes/Data/University/PPMGR/Blender_Mat_Generator_PPMGR/Projects/textures/Cliff_04_basecolor.jpg,/Volumes/Data/University/PPMGR/Blender_Mat_Generator_PPMGR/Projects/textures
Cliff_05_basecolor.jpg,/Volumes/Data/University/PPMGR/Blender_Mat_Generator_PPMGR/Projects/textures/Cliff_05_basecolor.jpg,/Volumes/Data/University/PPMGR/Blender_Mat_Generator_PPMGR/Projects/textures
Cliff_Wall_Icy_baseColor2.jpg,/Volumes/Data/University/PPMGR/Blender_Mat_Generator_PPMGR/Projects/textures/Cliff_Wall_Icy_baseColor2.jpg,/Volumes/Data/University/PPMGR/Blender_Mat_Generator_PPMGR/Projects/textures
Cliff_wall_AO_Rougness_Specular.jpg,/Volumes/Data/University/PPMGR/Blender_Mat_Generator_PPMGR/Projects/textures/Cliff_wall_AO_Rougness_Specular.jpg,/Volumes/Data/University/PPMGR/Blender_Mat_Generator_PPMGR/Projects/textures
Cliff_wall_basecolor.jpg,/Volumes/Data/University/PPMGR/Blender_Mat_Generator_PPMGR/Projects/textures/Cliff_wall_basecolor.jpg,/Volumes/Data/University/PPMGR/Blender_Mat_Generator_PPMGR/Projects/textures
Clouds Wallpaper.jpg,/Volumes/Data/University/PPMGR/Blender_Mat_Generator_PPMGR/Projects/textures/Clouds Wallpaper.jpg,/Volumes/Data/University/PPMGR/Blender_Mat_Generator_PPMGR/Projects/textures
Cncerete_tile_with_Grass_Base_Color.jpg,/Volumes/Data/University/PPMGR/Blender_Mat_Generator_PPMGR/Projects/textures/Cncerete_tile_with_Grass_Base_Color.jpg,/Volumes/Data/University/PPMGR/Blender_Mat_Generator_PPMGR/Projects/textures
CoastalRock sept1223_BaseColor.jpg,/Volumes/Data/University/PPMGR/Blender_Mat_Generator_PPMGR/Projects/textures/CoastalRock sept1223_BaseColor.jpg,/Volumes/Data/University/PPMGR/Blender_Mat_Generator_PPMGR/Projects/textures
Cobble Path_BaseColor.jpg,/Volumes/Data/University/PPMGR/Blender_Mat_Generator_PPMGR/Projects/textures/Cobble Path_BaseColor.jpg,/Volumes/Data/University/PPMGR/Blender_Mat_Generator_PPMGR/Projects/textures
Cobble Path_DetailMap.png,/Volumes/Data/University/PPMGR/Blender_Mat_Generator_PPMGR/Projects/textures/Cobble Path_DetailMap.png,/Volumes/Data/University/PPMGR/Blender_Mat_Generator_PPMGR/Projects/textures
Cobble Path_MaskMap.png,/Volumes/Data/University/PPMGR/Blender_Mat_Generator_PPMGR/Projects/textures/Cobble Path_MaskMap.png,/Volumes/Data/University/PPMGR/Blender_Mat_Generator_PPMGR/Projects/textures
Cobble_basecolor.jpg,/Volumes/Data/University/PPMGR/Blender_Mat_Generator_PPMGR/Projects/textures/Cobble_basecolor.jpg,/Volumes/Data/University/PPMGR/Blender_Mat_Generator_PPMGR/Projects/textures
Cobblestone 1_BaseColor.jpg,/Volumes/Data/University/PPMGR/Blender_Mat_Generator_PPMGR/Projects/textures/Cobblestone 1_BaseColor.jpg,/Volumes/Data/University/PPMGR/Blender_Mat_Generator_PPMGR/Projects/textures
Cobblestone_Dirty_Albedo.jpg,/Volumes/Data/University/PPMGR/Blender_Mat_Generator_PPMGR/Projects/textures/Cobblestone_Dirty_Albedo.jpg,/Volumes/Data/University/PPMGR/Blender_Mat_Generator_PPMGR/Projects/textures
Cobblestone_Emissive_Volcanic_Floor.jpg,/Volumes/Data/University/PPMGR/Blender_Mat_Generator_PPMGR/Projects/textures/Cobblestone_Emissive_Volcanic_Floor.jpg,/Volumes/Data/University/PPMGR/Blender_Mat_Generator_PPMGR/Projects/textures
Cobblestone_basecolor_Volcanic_Floor.jpg,/Volumes/Data/University/PPMGR/Blender_Mat_Generator_PPMGR/Projects/textures/Cobblestone_basecolor_Volcanic_Floor.jpg,/Volumes/Data/University/PPMGR/Blender_Mat_Generator_PPMGR/Projects/textures
Cobre Corten - Diffuse.jpg,/Volumes/Data/University/PPMGR/Blender_Mat_Generator_PPMGR/Projects/textures/Cobre Corten - Diffuse.jpg,/Volumes/Data/University/PPMGR/Blender_Mat_Generator_PPMGR/Projects/textures
Cocrete pavement 1_BaseColor.jpg,/Volumes/Data/University/PPMGR/Blender_Mat_Generator_PPMGR/Projects/textures/Cocrete pavement 1_BaseColor.jpg,/Volumes/Data/University/PPMGR/Blender_Mat_Generator_PPMGR/Projects/textures
Cocrete pavement_BaseColor.jpg,/Volumes/Data/University/PPMGR/Blender_Mat_Generator_PPMGR/Projects/textures/Cocrete pavement_BaseColor.jpg,/Volumes/Data/University/PPMGR/Blender_Mat_Generator_PPMGR/Projects/textures
CocretePavement02_BaseColor.jpg,/Volumes/Data/University/PPMGR/Blender_Mat_Generator_PPMGR/Projects/textures/CocretePavement02_BaseColor.jpg,/Volumes/Data/University/PPMGR/Blender_Mat_Generator_PPMGR/Projects/textures
Cold_Pressed_Paper_01_Image-diffuse.jpg,/Volumes/Data/University/PPMGR/Blender_Mat_Generator_PPMGR/Projects/textures/Cold_Pressed_Paper_01_Image-diffuse.jpg,/Volumes/Data/University/PPMGR/Blender_Mat_Generator_PPMGR/Projects/textures
Color full Mat_Diffuse.jpg,/Volumes/Data/University/PPMGR/Blender_Mat_Generator_PPMGR/Projects/textures/Color full Mat_Diffuse.jpg,/Volumes/Data/University/PPMGR/Blender_Mat_Generator_PPMGR/Projects/textures
Color_1.jpg,/Volumes/Data/University/PPMGR/Blender_Mat_Generator_PPMGR/Projects/textures/Color_1.jpg,/Volumes/Data/University/PPMGR/Blender_Mat_Generator_PPMGR/Projects/textures
Color_2.jpg,/Volumes/Data/University/PPMGR/Blender_Mat_Generator_PPMGR/Projects/textures/Color_2.jpg,/Volumes/Data/University/PPMGR/Blender_Mat_Generator_PPMGR/Projects/textures
Color_3.jpg,/Volumes/Data/University/PPMGR/Blender_Mat_Generator_PPMGR/Projects/textures/Color_3.jpg,/Volumes/Data/University/PPMGR/Blender_Mat_Generator_PPMGR/Projects/textures
Colorado Canyon Stone_BaseColor.jpg,/Volumes/Data/University/PPMGR/Blender_Mat_Generator_PPMGR/Projects/textures/Colorado Canyon Stone_BaseColor.jpg,/Volumes/Data/University/PPMGR/Blender_Mat_Generator_PPMGR/Projects/textures
Colorful Flower Fabric_BaseColor.jpg,/Volumes/Data/University/PPMGR/Blender_Mat_Generator_PPMGR/Projects/textures/Colorful Flower Fabric_BaseColor.jpg,/Volumes/Data/University/PPMGR/Blender_Mat_Generator_PPMGR/Projects/textures
ColorfulPlants1_baseColor.jpg,/Volumes/Data/University/PPMGR/Blender_Mat_Generator_PPMGR/Projects/textures/ColorfulPlants1_baseColor.jpg,/Volumes/Data/University/PPMGR/Blender_Mat_Generator_PPMGR/Projects/textures
ColorfulPlants1_normal.jpg,/Volumes/Data/University/PPMGR/Blender_Mat_Generator_PPMGR/Projects/textures/ColorfulPlants1_normal.jpg,/Volumes/Data/University/PPMGR/Blender_Mat_Generator_PPMGR/Projects/textures
Colorful_Painted_rectangle_dirty_Base_Color.jpg,/Volumes/Data/University/PPMGR/Blender_Mat_Generator_PPMGR/Projects/textures/Colorful_Painted_rectangle_dirty_Base_Color.jpg,/Volumes/Data/University/PPMGR/Blender_Mat_Generator_PPMGR/Projects/textures
Colorful_Painted_rectangle_dirty_Base_Color.jpg.png,/Volumes/Data/University/PPMGR/Blender_Mat_Generator_PPMGR/Projects/textures/Colorful_Painted_rectangle_dirty_Base_Color.jpg.png,/Volumes/Data/University/PPMGR/Blender_Mat_Generator_PPMGR/Projects/textures
Colorful_Painted_square_Base_Color.jpg,/Volumes/Data/University/PPMGR/Blender_Mat_Generator_PPMGR/Projects/textures/Colorful_Painted_square_Base_Color.jpg,/Volumes/Data/University/PPMGR/Blender_Mat_Generator_PPMGR/Projects/textures
Colorful_Painted_square_Base_Color.jpg.png,/Volumes/Data/University/PPMGR/Blender_Mat_Generator_PPMGR/Projects/textures/Colorful_Painted_square_Base_Color.jpg.png,/Volumes/Data/University/PPMGR/Blender_Mat_Generator_PPMGR/Projects/textures
Colorful_clay_Roof_Tiles__Base_Color.jpg,/Volumes/Data/University/PPMGR/Blender_Mat_Generator_PPMGR/Projects/textures/Colorful_clay_Roof_Tiles__Base_Color.jpg,/Volumes/Data/University/PPMGR/Blender_Mat_Generator_PPMGR/Projects/textures
Colorful_fabric_Tartan_Base_Color.jpg,/Volumes/Data/University/PPMGR/Blender_Mat_Generator_PPMGR/Projects/textures/Colorful_fabric_Tartan_Base_Color.jpg,/Volumes/Data/University/PPMGR/Blender_Mat_Generator_PPMGR/Projects/textures
Colorfum_Moasic_Tiles_Base_Color.jpg,/Volumes/Data/University/PPMGR/Blender_Mat_Generator_PPMGR/Projects/textures/Colorfum_Moasic_Tiles_Base_Color.jpg,/Volumes/Data/University/PPMGR/Blender_Mat_Generator_PPMGR/Projects/textures
Concerete_Wall_Embossed_Flower_Base_Color.jpg,/Volumes/Data/University/PPMGR/Blender_Mat_Generator_PPMGR/Projects/textures/Concerete_Wall_Embossed_Flower_Base_Color.jpg,/Volumes/Data/University/PPMGR/Blender_Mat_Generator_PPMGR/Projects/textures
Concerete_Wall_Embossed_Flower_White_Base_Color.jpg,/Volumes/Data/University/PPMGR/Blender_Mat_Generator_PPMGR/Projects/textures/Concerete_Wall_Embossed_Flower_White_Base_Color.jpg,/Volumes/Data/University/PPMGR/Blender_Mat_Generator_PPMGR/Projects/textures
Concerete_Wall_Embossed_Flower_dark_Base_Color.jpg,/Volumes/Data/University/PPMGR/Blender_Mat_Generator_PPMGR/Projects/textures/Concerete_Wall_Embossed_Flower_dark_Base_Color.jpg,/Volumes/Data/University/PPMGR/Blender_Mat_Generator_PPMGR/Projects/textures
Concerete_wall_golden_metal_stripes_Base_Color.jpg,/Volumes/Data/University/PPMGR/Blender_Mat_Generator_PPMGR/Projects/textures/Concerete_wall_golden_metal_stripes_Base_Color.jpg,/Volumes/Data/University/PPMGR/Blender_Mat_Generator_PPMGR/Projects/textures
Concerete_wall_golden_stripes_Base_Color.jpg,/Volumes/Data/University/PPMGR/Blender_Mat_Generator_PPMGR/Projects/textures/Concerete_wall_golden_stripes_Base_Color.jpg,/Volumes/Data/University/PPMGR/Blender_Mat_Generator_PPMGR/Projects/textures
Concerete_wall_shiny_metal_stripes_Base_Color.jpg,/Volumes/Data/University/PPMGR/Blender_Mat_Generator_PPMGR/Projects/textures/Concerete_wall_shiny_metal_stripes_Base_Color.jpg,/Volumes/Data/University/PPMGR/Blender_Mat_Generator_PPMGR/Projects/textures
Concete_06_Polished_basecolor.jpg,/Volumes/Data/University/PPMGR/Blender_Mat_Generator_PPMGR/Projects/textures/Concete_06_Polished_basecolor.jpg,/Volumes/Data/University/PPMGR/Blender_Mat_Generator_PPMGR/Projects/textures
Concrete Bare_BaseColor.jpg,/Volumes/Data/University/PPMGR/Blender_Mat_Generator_PPMGR/Projects/textures/Concrete Bare_BaseColor.jpg,/Volumes/Data/University/PPMGR/Blender_Mat_Generator_PPMGR/Projects/textures
Concrete Slabs_diffuseOriginal.jpg,/Volumes/Data/University/PPMGR/Blender_Mat_Generator_PPMGR/Projects/textures/Concrete Slabs_diffuseOriginal.jpg,/Volumes/Data/University/PPMGR/Blender_Mat_Generator_PPMGR/Projects/textures
Concrete02_diffuseOriginal.jpg,/Volumes/Data/University/PPMGR/Blender_Mat_Generator_PPMGR/Projects/textures/Concrete02_diffuseOriginal.jpg,/Volumes/Data/University/PPMGR/Blender_Mat_Generator_PPMGR/Projects/textures
ConcreteGunge_basecolor.jpg,/Volumes/Data/University/PPMGR/Blender_Mat_Generator_PPMGR/Projects/textures/ConcreteGunge_basecolor.jpg,/Volumes/Data/University/PPMGR/Blender_Mat_Generator_PPMGR/Projects/textures
ConcreteSurface01_basecolor.jpg,/Volumes/Data/University/PPMGR/Blender_Mat_Generator_PPMGR/Projects/textures/ConcreteSurface01_basecolor.jpg,/Volumes/Data/University/PPMGR/Blender_Mat_Generator_PPMGR/Projects/textures
ConcreteTiles_BaseColor.jpg,/Volumes/Data/University/PPMGR/Blender_Mat_Generator_PPMGR/Projects/textures/ConcreteTiles_BaseColor.jpg,/Volumes/Data/University/PPMGR/Blender_Mat_Generator_PPMGR/Projects/textures
ConcreteType2_basecolor.jpg,/Volumes/Data/University/PPMGR/Blender_Mat_Generator_PPMGR/Projects/textures/ConcreteType2_basecolor.jpg,/Volumes/Data/University/PPMGR/Blender_Mat_Generator_PPMGR/Projects/textures
ConcreteWallPanel-basecolor.jpg,/Volumes/Data/University/PPMGR/Blender_Mat_Generator_PPMGR/Projects/textures/ConcreteWallPanel-basecolor.jpg,/Volumes/Data/University/PPMGR/Blender_Mat_Generator_PPMGR/Projects/textures
Concrete_01_basecolor.jpg,/Volumes/Data/University/PPMGR/Blender_Mat_Generator_PPMGR/Projects/textures/Concrete_01_basecolor.jpg,/Volumes/Data/University/PPMGR/Blender_Mat_Generator_PPMGR/Projects/textures
Concrete_02_basecolor.jpg,/Volumes/Data/University/PPMGR/Blender_Mat_Generator_PPMGR/Projects/textures/Concrete_02_basecolor.jpg,/Volumes/Data/University/PPMGR/Blender_Mat_Generator_PPMGR/Projects/textures
Concrete_03_Deformed_basecolor.jpg,/Volumes/Data/University/PPMGR/Blender_Mat_Generator_PPMGR/Projects/textures/Concrete_03_Deformed_basecolor.jpg,/Volumes/Data/University/PPMGR/Blender_Mat_Generator_PPMGR/Projects/textures
Concrete_05_Fence_basecolor.jpg,/Volumes/Data/University/PPMGR/Blender_Mat_Generator_PPMGR/Projects/textures/Concrete_05_Fence_basecolor.jpg,/Volumes/Data/University/PPMGR/Blender_Mat_Generator_PPMGR/Projects/textures
Concrete_05_basecolor.jpg,/Volumes/Data/University/PPMGR/Blender_Mat_Generator_PPMGR/Projects/textures/Concrete_05_basecolor.jpg,/Volumes/Data/University/PPMGR/Blender_Mat_Generator_PPMGR/Projects/textures
Concrete_08_Moss_basecolor.jpg,/Volumes/Data/University/PPMGR/Blender_Mat_Generator_PPMGR/Projects/textures/Concrete_08_Moss_basecolor.jpg,/Volumes/Data/University/PPMGR/Blender_Mat_Generator_PPMGR/Projects/textures
Concrete_1_basecolor.jpg,/Volumes/Data/University/PPMGR/Blender_Mat_Generator_PPMGR/Projects/textures/Concrete_1_basecolor.jpg,/Volumes/Data/University/PPMGR/Blender_Mat_Generator_PPMGR/Projects/textures
Concrete_Albedo_3594x3594.jpg,/Volumes/Data/University/PPMGR/Blender_Mat_Generator_PPMGR/Projects/textures/Concrete_Albedo_3594x3594.jpg,/Volumes/Data/University/PPMGR/Blender_Mat_Generator_PPMGR/Projects/textures
Concrete_Base_color.jpg,/Volumes/Data/University/PPMGR/Blender_Mat_Generator_PPMGR/Projects/textures/Concrete_Base_color.jpg,/Volumes/Data/University/PPMGR/Blender_Mat_Generator_PPMGR/Projects/textures
Concrete_Fence_basecolor.jpg,/Volumes/Data/University/PPMGR/Blender_Mat_Generator_PPMGR/Projects/textures/Concrete_Fence_basecolor.jpg,/Volumes/Data/University/PPMGR/Blender_Mat_Generator_PPMGR/Projects/textures
Concrete_Floor_01_basecolor.jpg,/Volumes/Data/University/PPMGR/Blender_Mat_Generator_PPMGR/Projects/textures/Concrete_Floor_01_basecolor.jpg,/Volumes/Data/University/PPMGR/Blender_Mat_Generator_PPMGR/Projects/textures
Concrete_Hexagonal_basecolor.jpg,/Volumes/Data/University/PPMGR/Blender_Mat_Generator_PPMGR/Projects/textures/Concrete_Hexagonal_basecolor.jpg,/Volumes/Data/University/PPMGR/Blender_Mat_Generator_PPMGR/Projects/textures
Concrete_Painted_01_basecolor.jpg,/Volumes/Data/University/PPMGR/Blender_Mat_Generator_PPMGR/Projects/textures/Concrete_Painted_01_basecolor.jpg,/Volumes/Data/University/PPMGR/Blender_Mat_Generator_PPMGR/Projects/textures
Concrete_Painted_basecolor.jpg,/Volumes/Data/University/PPMGR/Blender_Mat_Generator_PPMGR/Projects/textures/Concrete_Painted_basecolor.jpg,/Volumes/Data/University/PPMGR/Blender_Mat_Generator_PPMGR/Projects/textures
Concrete_Tiles_Floor_02_basecolor.jpg,/Volumes/Data/University/PPMGR/Blender_Mat_Generator_PPMGR/Projects/textures/Concrete_Tiles_Floor_02_basecolor.jpg,/Volumes/Data/University/PPMGR/Blender_Mat_Generator_PPMGR/Projects/textures
Concrete_Tiles_Floor_03_basecolor.jpg,/Volumes/Data/University/PPMGR/Blender_Mat_Generator_PPMGR/Projects/textures/Concrete_Tiles_Floor_03_basecolor.jpg,/Volumes/Data/University/PPMGR/Blender_Mat_Generator_PPMGR/Projects/textures
Concrete_Tiles_Floor_04_basecolor.jpg,/Volumes/Data/University/PPMGR/Blender_Mat_Generator_PPMGR/Projects/textures/Concrete_Tiles_Floor_04_basecolor.jpg,/Volumes/Data/University/PPMGR/Blender_Mat_Generator_PPMGR/Projects/textures
Concrete_Wall_Panels_basecolor.jpg,/Volumes/Data/University/PPMGR/Blender_Mat_Generator_PPMGR/Projects/textures/Concrete_Wall_Panels_basecolor.jpg,/Volumes/Data/University/PPMGR/Blender_Mat_Generator_PPMGR/Projects/textures
Concrete_Wall_basecolor.jpg,/Volumes/Data/University/PPMGR/Blender_Mat_Generator_PPMGR/Projects/textures/Concrete_Wall_basecolor.jpg,/Volumes/Data/University/PPMGR/Blender_Mat_Generator_PPMGR/Projects/textures
Concrete_basecolor.jpg,/Volumes/Data/University/PPMGR/Blender_Mat_Generator_PPMGR/Projects/textures/Concrete_basecolor.jpg,/Volumes/Data/University/PPMGR/Blender_Mat_Generator_PPMGR/Projects/textures
Concrete_diffuseOriginal.jpg,/Volumes/Data/University/PPMGR/Blender_Mat_Generator_PPMGR/Projects/textures/Concrete_diffuseOriginal.jpg,/Volumes/Data/University/PPMGR/Blender_Mat_Generator_PPMGR/Projects/textures
Concrete_pavement_Diffuse.jpg,/Volumes/Data/University/PPMGR/Blender_Mat_Generator_PPMGR/Projects/textures/Concrete_pavement_Diffuse.jpg,/Volumes/Data/University/PPMGR/Blender_Mat_Generator_PPMGR/Projects/textures
Concrete_wall_stars_Base_Color.jpg,/Volumes/Data/University/PPMGR/Blender_Mat_Generator_PPMGR/Projects/textures/Concrete_wall_stars_Base_Color.jpg,/Volumes/Data/University/PPMGR/Blender_Mat_Generator_PPMGR/Projects/textures
Concrete_wall_stars_Base_Color.jpg.001.png,/Volumes/Data/University/PPMGR/Blender_Mat_Generator_PPMGR/Projects/textures/Concrete_wall_stars_Base_Color.jpg.001.png,/Volumes/Data/University/PPMGR/Blender_Mat_Generator_PPMGR/Projects/textures
Concrete_wall_stars_shaped_Base_Color.jpg,/Volumes/Data/University/PPMGR/Blender_Mat_Generator_PPMGR/Projects/textures/Concrete_wall_stars_shaped_Base_Color.jpg,/Volumes/Data/University/PPMGR/Blender_Mat_Generator_PPMGR/Projects/textures
Concrete_wall_stars_shaped_Black_Base_Color.jpg,/Volumes/Data/University/PPMGR/Blender_Mat_Generator_PPMGR/Projects/textures/Concrete_wall_stars_shaped_Black_Base_Color.jpg,/Volumes/Data/University/PPMGR/Blender_Mat_Generator_PPMGR/Projects/textures
Concrete_wall_stars_shaped_Black_Base_Color.jpg.png,/Volumes/Data/University/PPMGR/Blender_Mat_Generator_PPMGR/Projects/textures/Concrete_wall_stars_shaped_Black_Base_Color.jpg.png,/Volumes/Data/University/PPMGR/Blender_Mat_Generator_PPMGR/Projects/textures
Concreto Decor 185x275 - Diffuse.jpg,/Volumes/Data/University/PPMGR/Blender_Mat_Generator_PPMGR/Projects/textures/Concreto Decor 185x275 - Diffuse.jpg,/Volumes/Data/University/PPMGR/Blender_Mat_Generator_PPMGR/Projects/textures
Concreto Metropolitan - Diffuse.jpg,/Volumes/Data/University/PPMGR/Blender_Mat_Generator_PPMGR/Projects/textures/Concreto Metropolitan - Diffuse.jpg,/Volumes/Data/University/PPMGR/Blender_Mat_Generator_PPMGR/Projects/textures
Cooked_Rice_Base_Color.jpg,/Volumes/Data/University/PPMGR/Blender_Mat_Generator_PPMGR/Projects/textures/Cooked_Rice_Base_Color.jpg,/Volumes/Data/University/PPMGR/Blender_Mat_Generator_PPMGR/Projects/textures
Cooking_Pan_Base_Color.jpg,/Volumes/Data/University/PPMGR/Blender_Mat_Generator_PPMGR/Projects/textures/Cooking_Pan_Base_Color.jpg,/Volumes/Data/University/PPMGR/Blender_Mat_Generator_PPMGR/Projects/textures
Cool_Rust_Map_01_Image.jpg,/Volumes/Data/University/PPMGR/Blender_Mat_Generator_PPMGR/Projects/textures/Cool_Rust_Map_01_Image.jpg,/Volumes/Data/University/PPMGR/Blender_Mat_Generator_PPMGR/Projects/textures
Cooper_Wire_basecolor.jpg,/Volumes/Data/University/PPMGR/Blender_Mat_Generator_PPMGR/Projects/textures/Cooper_Wire_basecolor.jpg,/Volumes/Data/University/PPMGR/Blender_Mat_Generator_PPMGR/Projects/textures
Copper Old_1_Base Color.jpeg,/Volumes/Data/University/PPMGR/Blender_Mat_Generator_PPMGR/Projects/textures/Copper Old_1_Base Color.jpeg,/Volumes/Data/University/PPMGR/Blender_Mat_Generator_PPMGR/Projects/textures
Cork_BaseColor.jpg,/Volumes/Data/University/PPMGR/Blender_Mat_Generator_PPMGR/Projects/textures/Cork_BaseColor.jpg,/Volumes/Data/University/PPMGR/Blender_Mat_Generator_PPMGR/Projects/textures
Cork_BaseColor.jpg.png,/Volumes/Data/University/PPMGR/Blender_Mat_Generator_PPMGR/Projects/textures/Cork_BaseColor.jpg.png,/Volumes/Data/University/PPMGR/Blender_Mat_Generator_PPMGR/Projects/textures
Cork_Wood_Board_Base_Color.jpg,/Volumes/Data/University/PPMGR/Blender_Mat_Generator_PPMGR/Projects/textures/Cork_Wood_Board_Base_Color.jpg,/Volumes/Data/University/PPMGR/Blender_Mat_Generator_PPMGR/Projects/textures
Cork_Wood_Board_Base_Color.jpg.png,/Volumes/Data/University/PPMGR/Blender_Mat_Generator_PPMGR/Projects/textures/Cork_Wood_Board_Base_Color.jpg.png,/Volumes/Data/University/PPMGR/Blender_Mat_Generator_PPMGR/Projects/textures
Corn_Base_Color.jpg,/Volumes/Data/University/PPMGR/Blender_Mat_Generator_PPMGR/Projects/textures/Corn_Base_Color.jpg,/Volumes/Data/University/PPMGR/Blender_Mat_Generator_PPMGR/Projects/textures
Corridor_SciFi_Base_color.jpg,/Volumes/Data/University/PPMGR/Blender_Mat_Generator_PPMGR/Projects/textures/Corridor_SciFi_Base_color.jpg,/Volumes/Data/University/PPMGR/Blender_Mat_Generator_PPMGR/Projects/textures
Corroded_Iron_Sheet_Base_Color.jpg,/Volumes/Data/University/PPMGR/Blender_Mat_Generator_PPMGR/Projects/textures/Corroded_Iron_Sheet_Base_Color.jpg,/Volumes/Data/University/PPMGR/Blender_Mat_Generator_PPMGR/Projects/textures
Cortadito Raven_diffuse.jpg,/Volumes/Data/University/PPMGR/Blender_Mat_Generator_PPMGR/Projects/textures/Cortadito Raven_diffuse.jpg,/Volumes/Data/University/PPMGR/Blender_Mat_Generator_PPMGR/Projects/textures
Corugated_Cardboard_Mask_MAp.png,/Volumes/Data/University/PPMGR/Blender_Mat_Generator_PPMGR/Projects/textures/Corugated_Cardboard_Mask_MAp.png,/Volumes/Data/University/PPMGR/Blender_Mat_Generator_PPMGR/Projects/textures
Corugated_Cardboard_basecolor.jpg,/Volumes/Data/University/PPMGR/Blender_Mat_Generator_PPMGR/Projects/textures/Corugated_Cardboard_basecolor.jpg,/Volumes/Data/University/PPMGR/Blender_Mat_Generator_PPMGR/Projects/textures
Cotton fabric_BaseColor.jpg,/Volumes/Data/University/PPMGR/Blender_Mat_Generator_PPMGR/Projects/textures/Cotton fabric_BaseColor.jpg,/Volumes/Data/University/PPMGR/Blender_Mat_Generator_PPMGR/Projects/textures
Cow_diffuseOriginal.jpg,/Volumes/Data/University/PPMGR/Blender_Mat_Generator_PPMGR/Projects/textures/Cow_diffuseOriginal.jpg,/Volumes/Data/University/PPMGR/Blender_Mat_Generator_PPMGR/Projects/textures
Crack Road_BaseColor.jpg,/Volumes/Data/University/PPMGR/Blender_Mat_Generator_PPMGR/Projects/textures/Crack Road_BaseColor.jpg,/Volumes/Data/University/PPMGR/Blender_Mat_Generator_PPMGR/Projects/textures
Cracked Road_BaseColor.jpg,/Volumes/Data/University/PPMGR/Blender_Mat_Generator_PPMGR/Projects/textures/Cracked Road_BaseColor.jpg,/Volumes/Data/University/PPMGR/Blender_Mat_Generator_PPMGR/Projects/textures
Cracked concrete 1_BaseColor.jpg,/Volumes/Data/University/PPMGR/Blender_Mat_Generator_PPMGR/Projects/textures/Cracked concrete 1_BaseColor.jpg,/Volumes/Data/University/PPMGR/Blender_Mat_Generator_PPMGR/Projects/textures
Cracked ground_BaseColor.jpg,/Volumes/Data/University/PPMGR/Blender_Mat_Generator_PPMGR/Projects/textures/Cracked ground_BaseColor.jpg,/Volumes/Data/University/PPMGR/Blender_Mat_Generator_PPMGR/Projects/textures
Cracked_Earth_Base_Color.jpg,/Volumes/Data/University/PPMGR/Blender_Mat_Generator_PPMGR/Projects/textures/Cracked_Earth_Base_Color.jpg,/Volumes/Data/University/PPMGR/Blender_Mat_Generator_PPMGR/Projects/textures
Crackling and dry ground_BaseColor.jpg,/Volumes/Data/University/PPMGR/Blender_Mat_Generator_PPMGR/Projects/textures/Crackling and dry ground_BaseColor.jpg,/Volumes/Data/University/PPMGR/Blender_Mat_Generator_PPMGR/Projects/textures
Cream_Tile_Floor_Base.jpg,/Volumes/Data/University/PPMGR/Blender_Mat_Generator_PPMGR/Projects/textures/Cream_Tile_Floor_Base.jpg,/Volumes/Data/University/PPMGR/Blender_Mat_Generator_PPMGR/Projects/textures
Creature_Skin_02_Tiling_BaseColor.jpg,/Volumes/Data/University/PPMGR/Blender_Mat_Generator_PPMGR/Projects/textures/Creature_Skin_02_Tiling_BaseColor.jpg,/Volumes/Data/University/PPMGR/Blender_Mat_Generator_PPMGR/Projects/textures
Creepy Rust1_BaseColor.jpg,/Volumes/Data/University/PPMGR/Blender_Mat_Generator_PPMGR/Projects/textures/Creepy Rust1_BaseColor.jpg,/Volumes/Data/University/PPMGR/Blender_Mat_Generator_PPMGR/Projects/textures
Crocodile_Leather_Base_Color.jpg,/Volumes/Data/University/PPMGR/Blender_Mat_Generator_PPMGR/Projects/textures/Crocodile_Leather_Base_Color.jpg,/Volumes/Data/University/PPMGR/Blender_Mat_Generator_PPMGR/Projects/textures
Cross_Pattern_Tiles_Base_Color.jpg,/Volumes/Data/University/PPMGR/Blender_Mat_Generator_PPMGR/Projects/textures/Cross_Pattern_Tiles_Base_Color.jpg,/Volumes/Data/University/PPMGR/Blender_Mat_Generator_PPMGR/Projects/textures
Cross_Pattern_Tiles_white_cracked_Base_Color.jpg,/Volumes/Data/University/PPMGR/Blender_Mat_Generator_PPMGR/Projects/textures/Cross_Pattern_Tiles_white_cracked_Base_Color.jpg,/Volumes/Data/University/PPMGR/Blender_Mat_Generator_PPMGR/Projects/textures
Crumple Tissue_diffuse.jpg,/Volumes/Data/University/PPMGR/Blender_Mat_Generator_PPMGR/Projects/textures/Crumple Tissue_diffuse.jpg,/Volumes/Data/University/PPMGR/Blender_Mat_Generator_PPMGR/Projects/textures
CtenanthePlant_Diffuse.jpg,/Volumes/Data/University/PPMGR/Blender_Mat_Generator_PPMGR/Projects/textures/CtenanthePlant_Diffuse.jpg,/Volumes/Data/University/PPMGR/Blender_Mat_Generator_PPMGR/Projects/textures
CtenanthePlant_DiffuseBackFace.jpg,/Volumes/Data/University/PPMGR/Blender_Mat_Generator_PPMGR/Projects/textures/CtenanthePlant_DiffuseBackFace.jpg,/Volumes/Data/University/PPMGR/Blender_Mat_Generator_PPMGR/Projects/textures
CtenanthePlant_Translucent.jpg,/Volumes/Data/University/PPMGR/Blender_Mat_Generator_PPMGR/Projects/textures/CtenanthePlant_Translucent.jpg,/Volumes/Data/University/PPMGR/Blender_Mat_Generator_PPMGR/Projects/textures
Cumaru Diffuse.jpg,/Volumes/Data/University/PPMGR/Blender_Mat_Generator_PPMGR/Projects/textures/Cumaru Diffuse.jpg,/Volumes/Data/University/PPMGR/Blender_Mat_Generator_PPMGR/Projects/textures
Cushion_Leather_Base_Color.jpg,/Volumes/Data/University/PPMGR/Blender_Mat_Generator_PPMGR/Projects/textures/Cushion_Leather_Base_Color.jpg,/Volumes/Data/University/PPMGR/Blender_Mat_Generator_PPMGR/Projects/textures
Cushion_Leather_dark_Base_Color.jpg,/Volumes/Data/University/PPMGR/Blender_Mat_Generator_PPMGR/Projects/textures/Cushion_Leather_dark_Base_Color.jpg,/Volumes/Data/University/PPMGR/Blender_Mat_Generator_PPMGR/Projects/textures
Cushion_Leather_white_Base_Color.jpg,/Volumes/Data/University/PPMGR/Blender_Mat_Generator_PPMGR/Projects/textures/Cushion_Leather_white_Base_Color.jpg,/Volumes/Data/University/PPMGR/Blender_Mat_Generator_PPMGR/Projects/textures
DIFFUSE.jpeg,/Volumes/Data/University/PPMGR/Blender_Mat_Generator_PPMGR/Projects/textures/DIFFUSE.jpeg,/Volumes/Data/University/PPMGR/Blender_Mat_Generator_PPMGR/Projects/textures
DIFFUSE.jpg,/Volumes/Data/University/PPMGR/Blender_Mat_Generator_PPMGR/Projects/textures/DIFFUSE.jpg,/Volumes/Data/University/PPMGR/Blender_Mat_Generator_PPMGR/Projects/textures
DIFFUSE.jpg.001.png,/Volumes/Data/University/PPMGR/Blender_Mat_Generator_PPMGR/Projects/textures/DIFFUSE.jpg.001.png,/Volumes/Data/University/PPMGR/Blender_Mat_Generator_PPMGR/Projects/textures
DIFFUSE.jpg.002.png,/Volumes/Data/University/PPMGR/Blender_Mat_Generator_PPMGR/Projects/textures/DIFFUSE.jpg.002.png,/Volumes/Data/University/PPMGR/Blender_Mat_Generator_PPMGR/Projects/textures
DIFFUSE.jpg.004.png,/Volumes/Data/University/PPMGR/Blender_Mat_Generator_PPMGR/Projects/textures/DIFFUSE.jpg.004.png,/Volumes/Data/University/PPMGR/Blender_Mat_Generator_PPMGR/Projects/textures
DIFFUSE.jpg.005.png,/Volumes/Data/University/PPMGR/Blender_Mat_Generator_PPMGR/Projects/textures/DIFFUSE.jpg.005.png,/Volumes/Data/University/PPMGR/Blender_Mat_Generator_PPMGR/Projects/textures
DIFFUSE.png,/Volumes/Data/University/PPMGR/Blender_Mat_Generator_PPMGR/Projects/textures/DIFFUSE.png,/Volumes/Data/University/PPMGR/Blender_Mat_Generator_PPMGR/Projects/textures
DamagedTiles_basecolor.jpg,/Volumes/Data/University/PPMGR/Blender_Mat_Generator_PPMGR/Projects/textures/DamagedTiles_basecolor.jpg,/Volumes/Data/University/PPMGR/Blender_Mat_Generator_PPMGR/Projects/textures
Damaged_Green_Plaster_Wall_Base_Color.jpg,/Volumes/Data/University/PPMGR/Blender_Mat_Generator_PPMGR/Projects/textures/Damaged_Green_Plaster_Wall_Base_Color.jpg,/Volumes/Data/University/PPMGR/Blender_Mat_Generator_PPMGR/Projects/textures
Damaged_Steel_01_BaseColor.jpg,/Volumes/Data/University/PPMGR/Blender_Mat_Generator_PPMGR/Projects/textures/Damaged_Steel_01_BaseColor.jpg,/Volumes/Data/University/PPMGR/Blender_Mat_Generator_PPMGR/Projects/textures
Damascus steel_BaseColor.jpg,/Volumes/Data/University/PPMGR/Blender_Mat_Generator_PPMGR/Projects/textures/Damascus steel_BaseColor.jpg,/Volumes/Data/University/PPMGR/Blender_Mat_Generator_PPMGR/Projects/textures
Dark Grey Wood Chips_diffuseOriginal.jpg,/Volumes/Data/University/PPMGR/Blender_Mat_Generator_PPMGR/Projects/textures/Dark Grey Wood Chips_diffuseOriginal.jpg,/Volumes/Data/University/PPMGR/Blender_Mat_Generator_PPMGR/Projects/textures
Dark Grey Wood Chips_diffuseOriginal.jpg.png,/Volumes/Data/University/PPMGR/Blender_Mat_Generator_PPMGR/Projects/textures/Dark Grey Wood Chips_diffuseOriginal.jpg.png,/Volumes/Data/University/PPMGR/Blender_Mat_Generator_PPMGR/Projects/textures
Dark_Ash_Wood_Base_Color.jpg,/Volumes/Data/University/PPMGR/Blender_Mat_Generator_PPMGR/Projects/textures/Dark_Ash_Wood_Base_Color.jpg,/Volumes/Data/University/PPMGR/Blender_Mat_Generator_PPMGR/Projects/textures
Dark_Ash_Wood_Base_Color.jpg.png,/Volumes/Data/University/PPMGR/Blender_Mat_Generator_PPMGR/Projects/textures/Dark_Ash_Wood_Base_Color.jpg.png,/Volumes/Data/University/PPMGR/Blender_Mat_Generator_PPMGR/Projects/textures
Dark_Brown_Wood_Base.jpg,/Volumes/Data/University/PPMGR/Blender_Mat_Generator_PPMGR/Projects/textures/Dark_Brown_Wood_Base.jpg,/Volumes/Data/University/PPMGR/Blender_Mat_Generator_PPMGR/Projects/textures
Dark_Brown_Wood_Base.jpg.png,/Volumes/Data/University/PPMGR/Blender_Mat_Generator_PPMGR/Projects/textures/Dark_Brown_Wood_Base.jpg.png,/Volumes/Data/University/PPMGR/Blender_Mat_Generator_PPMGR/Projects/textures
Dark_Maple_Wood_01_Base.jpg,/Volumes/Data/University/PPMGR/Blender_Mat_Generator_PPMGR/Projects/textures/Dark_Maple_Wood_01_Base.jpg,/Volumes/Data/University/PPMGR/Blender_Mat_Generator_PPMGR/Projects/textures
Dark_Maple_Wood_01_Base.jpg.png,/Volumes/Data/University/PPMGR/Blender_Mat_Generator_PPMGR/Projects/textures/Dark_Maple_Wood_01_Base.jpg.png,/Volumes/Data/University/PPMGR/Blender_Mat_Generator_PPMGR/Projects/textures
Dark_Rust_Image-diffuse.jpg,/Volumes/Data/University/PPMGR/Blender_Mat_Generator_PPMGR/Projects/textures/Dark_Rust_Image-diffuse.jpg,/Volumes/Data/University/PPMGR/Blender_Mat_Generator_PPMGR/Projects/textures
Dark_Travertine_Marble_Base_Color.jpg,/Volumes/Data/University/PPMGR/Blender_Mat_Generator_PPMGR/Projects/textures/Dark_Travertine_Marble_Base_Color.jpg,/Volumes/Data/University/PPMGR/Blender_Mat_Generator_PPMGR/Projects/textures
Dark_damaged_concerete_plate__Base_Color.jpg,/Volumes/Data/University/PPMGR/Blender_Mat_Generator_PPMGR/Projects/textures/Dark_damaged_concerete_plate__Base_Color.jpg,/Volumes/Data/University/PPMGR/Blender_Mat_Generator_PPMGR/Projects/textures
Dark_porcelain_Base_Color.jpg,/Volumes/Data/University/PPMGR/Blender_Mat_Generator_PPMGR/Projects/textures/Dark_porcelain_Base_Color.jpg,/Volumes/Data/University/PPMGR/Blender_Mat_Generator_PPMGR/Projects/textures
Dark_scottish_tartan_Fabric_Base_Color.jpg,/Volumes/Data/University/PPMGR/Blender_Mat_Generator_PPMGR/Projects/textures/Dark_scottish_tartan_Fabric_Base_Color.jpg,/Volumes/Data/University/PPMGR/Blender_Mat_Generator_PPMGR/Projects/textures
Dates_Tile_mat_Base_color.jpg,/Volumes/Data/University/PPMGR/Blender_Mat_Generator_PPMGR/Projects/textures/Dates_Tile_mat_Base_color.jpg,/Volumes/Data/University/PPMGR/Blender_Mat_Generator_PPMGR/Projects/textures
Deck Wood_2_diffuseOriginal.jpg,/Volumes/Data/University/PPMGR/Blender_Mat_Generator_PPMGR/Projects/textures/Deck Wood_2_diffuseOriginal.jpg,/Volumes/Data/University/PPMGR/Blender_Mat_Generator_PPMGR/Projects/textures
DeckWood_Brn_diffuseOriginal.jpg,/Volumes/Data/University/PPMGR/Blender_Mat_Generator_PPMGR/Projects/textures/DeckWood_Brn_diffuseOriginal.jpg,/Volumes/Data/University/PPMGR/Blender_Mat_Generator_PPMGR/Projects/textures
Decor_wall_Green_Dirty_Base_Color.jpg,/Volumes/Data/University/PPMGR/Blender_Mat_Generator_PPMGR/Projects/textures/Decor_wall_Green_Dirty_Base_Color.jpg,/Volumes/Data/University/PPMGR/Blender_Mat_Generator_PPMGR/Projects/textures
Decor_wall_Red_Dirty_Base_Color.jpg,/Volumes/Data/University/PPMGR/Blender_Mat_Generator_PPMGR/Projects/textures/Decor_wall_Red_Dirty_Base_Color.jpg,/Volumes/Data/University/PPMGR/Blender_Mat_Generator_PPMGR/Projects/textures
Decor_wall_Reddish_Base_Color.jpg,/Volumes/Data/University/PPMGR/Blender_Mat_Generator_PPMGR/Projects/textures/Decor_wall_Reddish_Base_Color.jpg,/Volumes/Data/University/PPMGR/Blender_Mat_Generator_PPMGR/Projects/textures
Decor_wall_black_Dirty_Base_Color.jpg,/Volumes/Data/University/PPMGR/Blender_Mat_Generator_PPMGR/Projects/textures/Decor_wall_black_Dirty_Base_Color.jpg,/Volumes/Data/University/PPMGR/Blender_Mat_Generator_PPMGR/Projects/textures
Decor_wall_blue_Dirty_Base_Color.jpg,/Volumes/Data/University/PPMGR/Blender_Mat_Generator_PPMGR/Projects/textures/Decor_wall_blue_Dirty_Base_Color.jpg,/Volumes/Data/University/PPMGR/Blender_Mat_Generator_PPMGR/Projects/textures
Decor_wall_blueish_Base_Color.jpg,/Volumes/Data/University/PPMGR/Blender_Mat_Generator_PPMGR/Projects/textures/Decor_wall_blueish_Base_Color.jpg,/Volumes/Data/University/PPMGR/Blender_Mat_Generator_PPMGR/Projects/textures
Decor_wall_white_Dirty_Base_Color.jpg,/Volumes/Data/University/PPMGR/Blender_Mat_Generator_PPMGR/Projects/textures/Decor_wall_white_Dirty_Base_Color.jpg,/Volumes/Data/University/PPMGR/Blender_Mat_Generator_PPMGR/Projects/textures
Decor_wall_yellow_Base_Color.jpg,/Volumes/Data/University/PPMGR/Blender_Mat_Generator_PPMGR/Projects/textures/Decor_wall_yellow_Base_Color.jpg,/Volumes/Data/University/PPMGR/Blender_Mat_Generator_PPMGR/Projects/textures
Decorative_Tiles_11232023_basecolor.jpg,/Volumes/Data/University/PPMGR/Blender_Mat_Generator_PPMGR/Projects/textures/Decorative_Tiles_11232023_basecolor.jpg,/Volumes/Data/University/PPMGR/Blender_Mat_Generator_PPMGR/Projects/textures
Deep_Red_Flesh_01Image-diffuse.jpg,/Volumes/Data/University/PPMGR/Blender_Mat_Generator_PPMGR/Projects/textures/Deep_Red_Flesh_01Image-diffuse.jpg,/Volumes/Data/University/PPMGR/Blender_Mat_Generator_PPMGR/Projects/textures
Deep_Red_Flesh_01Image-normal.jpg,/Volumes/Data/University/PPMGR/Blender_Mat_Generator_PPMGR/Projects/textures/Deep_Red_Flesh_01Image-normal.jpg,/Volumes/Data/University/PPMGR/Blender_Mat_Generator_PPMGR/Projects/textures
DefaultMaterial_BaseColor.jpg,/Volumes/Data/University/PPMGR/Blender_Mat_Generator_PPMGR/Projects/textures/DefaultMaterial_BaseColor.jpg,/Volumes/Data/University/PPMGR/Blender_Mat_Generator_PPMGR/Projects/textures
DefaultMaterial_Base_color.jpg,/Volumes/Data/University/PPMGR/Blender_Mat_Generator_PPMGR/Projects/textures/DefaultMaterial_Base_color.jpg,/Volumes/Data/University/PPMGR/Blender_Mat_Generator_PPMGR/Projects/textures
Deforme_Woven_Jumper_Fabric_Base_Color.jpg,/Volumes/Data/University/PPMGR/Blender_Mat_Generator_PPMGR/Projects/textures/Deforme_Woven_Jumper_Fabric_Base_Color.jpg,/Volumes/Data/University/PPMGR/Blender_Mat_Generator_PPMGR/Projects/textures
Denim_Fabric__Base_Color.jpg,/Volumes/Data/University/PPMGR/Blender_Mat_Generator_PPMGR/Projects/textures/Denim_Fabric__Base_Color.jpg,/Volumes/Data/University/PPMGR/Blender_Mat_Generator_PPMGR/Projects/textures
Denim_brown_Base_Color.jpg,/Volumes/Data/University/PPMGR/Blender_Mat_Generator_PPMGR/Projects/textures/Denim_brown_Base_Color.jpg,/Volumes/Data/University/PPMGR/Blender_Mat_Generator_PPMGR/Projects/textures
Denim_brown_Dark_Base_Color.jpg,/Volumes/Data/University/PPMGR/Blender_Mat_Generator_PPMGR/Projects/textures/Denim_brown_Dark_Base_Color.jpg,/Volumes/Data/University/PPMGR/Blender_Mat_Generator_PPMGR/Projects/textures
Denim_rope_Base_Color.jpg,/Volumes/Data/University/PPMGR/Blender_Mat_Generator_PPMGR/Projects/textures/Denim_rope_Base_Color.jpg,/Volumes/Data/University/PPMGR/Blender_Mat_Generator_PPMGR/Projects/textures
DesertRock01_BaseColor.jpg,/Volumes/Data/University/PPMGR/Blender_Mat_Generator_PPMGR/Projects/textures/DesertRock01_BaseColor.jpg,/Volumes/Data/University/PPMGR/Blender_Mat_Generator_PPMGR/Projects/textures
DesertRock02_BaseColor.jpg,/Volumes/Data/University/PPMGR/Blender_Mat_Generator_PPMGR/Projects/textures/DesertRock02_BaseColor.jpg,/Volumes/Data/University/PPMGR/Blender_Mat_Generator_PPMGR/Projects/textures
Design_Maranta_Diffuse.jpg,/Volumes/Data/University/PPMGR/Blender_Mat_Generator_PPMGR/Projects/textures/Design_Maranta_Diffuse.jpg,/Volumes/Data/University/PPMGR/Blender_Mat_Generator_PPMGR/Projects/textures
Design_Maranta_normal.jpg,/Volumes/Data/University/PPMGR/Blender_Mat_Generator_PPMGR/Projects/textures/Design_Maranta_normal.jpg,/Volumes/Data/University/PPMGR/Blender_Mat_Generator_PPMGR/Projects/textures
Dessert_Camo_Grunge_01_BaseColor.jpg,/Volumes/Data/University/PPMGR/Blender_Mat_Generator_PPMGR/Projects/textures/Dessert_Camo_Grunge_01_BaseColor.jpg,/Volumes/Data/University/PPMGR/Blender_Mat_Generator_PPMGR/Projects/textures
Diamond quilted leather_BaseColor.jpg,/Volumes/Data/University/PPMGR/Blender_Mat_Generator_PPMGR/Projects/textures/Diamond quilted leather_BaseColor.jpg,/Volumes/Data/University/PPMGR/Blender_Mat_Generator_PPMGR/Projects/textures
DiamondConcrete_diffuseOriginal.jpg,/Volumes/Data/University/PPMGR/Blender_Mat_Generator_PPMGR/Projects/textures/DiamondConcrete_diffuseOriginal.jpg,/Volumes/Data/University/PPMGR/Blender_Mat_Generator_PPMGR/Projects/textures
Diamond_Flooring_Diffuse.jpg,/Volumes/Data/University/PPMGR/Blender_Mat_Generator_PPMGR/Projects/textures/Diamond_Flooring_Diffuse.jpg,/Volumes/Data/University/PPMGR/Blender_Mat_Generator_PPMGR/Projects/textures
Diamond_Flooring_Diffuse_Green.jpg,/Volumes/Data/University/PPMGR/Blender_Mat_Generator_PPMGR/Projects/textures/Diamond_Flooring_Diffuse_Green.jpg,/Volumes/Data/University/PPMGR/Blender_Mat_Generator_PPMGR/Projects/textures
Diamond_Flooring_Diffuse_Purple.jpg,/Volumes/Data/University/PPMGR/Blender_Mat_Generator_PPMGR/Projects/textures/Diamond_Flooring_Diffuse_Purple.jpg,/Volumes/Data/University/PPMGR/Blender_Mat_Generator_PPMGR/Projects/textures
Diamond_Flooring_Diffuse_Purple_Used.jpg,/Volumes/Data/University/PPMGR/Blender_Mat_Generator_PPMGR/Projects/textures/Diamond_Flooring_Diffuse_Purple_Used.jpg,/Volumes/Data/University/PPMGR/Blender_Mat_Generator_PPMGR/Projects/textures
Diamond_Flooring_Diffuse_used.jpg,/Volumes/Data/University/PPMGR/Blender_Mat_Generator_PPMGR/Projects/textures/Diamond_Flooring_Diffuse_used.jpg,/Volumes/Data/University/PPMGR/Blender_Mat_Generator_PPMGR/Projects/textures
Diamond_Shape_Leather_Base_Color.jpg,/Volumes/Data/University/PPMGR/Blender_Mat_Generator_PPMGR/Projects/textures/Diamond_Shape_Leather_Base_Color.jpg,/Volumes/Data/University/PPMGR/Blender_Mat_Generator_PPMGR/Projects/textures
Diffuse 6k.jpg,/Volumes/Data/University/PPMGR/Blender_Mat_Generator_PPMGR/Projects/textures/Diffuse 6k.jpg,/Volumes/Data/University/PPMGR/Blender_Mat_Generator_PPMGR/Projects/textures
DiffuseGiglio.jpg,/Volumes/Data/University/PPMGR/Blender_Mat_Generator_PPMGR/Projects/textures/DiffuseGiglio.jpg,/Volumes/Data/University/PPMGR/Blender_Mat_Generator_PPMGR/Projects/textures
DiffuseMap.jpg,/Volumes/Data/University/PPMGR/Blender_Mat_Generator_PPMGR/Projects/textures/DiffuseMap.jpg,/Volumes/Data/University/PPMGR/Blender_Mat_Generator_PPMGR/Projects/textures
Diffuse_01.jpg,/Volumes/Data/University/PPMGR/Blender_Mat_Generator_PPMGR/Projects/textures/Diffuse_01.jpg,/Volumes/Data/University/PPMGR/Blender_Mat_Generator_PPMGR/Projects/textures
Diffuse_01.png,/Volumes/Data/University/PPMGR/Blender_Mat_Generator_PPMGR/Projects/textures/Diffuse_01.png,/Volumes/Data/University/PPMGR/Blender_Mat_Generator_PPMGR/Projects/textures
Diffuse_01.png.png,/Volumes/Data/University/PPMGR/Blender_Mat_Generator_PPMGR/Projects/textures/Diffuse_01.png.png,/Volumes/Data/University/PPMGR/Blender_Mat_Generator_PPMGR/Projects/textures
Diffuse_Cementina.jpg,/Volumes/Data/University/PPMGR/Blender_Mat_Generator_PPMGR/Projects/textures/Diffuse_Cementina.jpg,/Volumes/Data/University/PPMGR/Blender_Mat_Generator_PPMGR/Projects/textures
Diffuse_Cementina.png,/Volumes/Data/University/PPMGR/Blender_Mat_Generator_PPMGR/Projects/textures/Diffuse_Cementina.png,/Volumes/Data/University/PPMGR/Blender_Mat_Generator_PPMGR/Projects/textures
Dirt_Ground_basecolor.jpg,/Volumes/Data/University/PPMGR/Blender_Mat_Generator_PPMGR/Projects/textures/Dirt_Ground_basecolor.jpg,/Volumes/Data/University/PPMGR/Blender_Mat_Generator_PPMGR/Projects/textures
Dirt_Rocks_baseColor2.jpg,/Volumes/Data/University/PPMGR/Blender_Mat_Generator_PPMGR/Projects/textures/Dirt_Rocks_baseColor2.jpg,/Volumes/Data/University/PPMGR/Blender_Mat_Generator_PPMGR/Projects/textures
Dirty Concrete_BaseColor.jpg,/Volumes/Data/University/PPMGR/Blender_Mat_Generator_PPMGR/Projects/textures/Dirty Concrete_BaseColor.jpg,/Volumes/Data/University/PPMGR/Blender_Mat_Generator_PPMGR/Projects/textures
Dirty old vintage simple floral pattern white cloth_BaseColor.jpg,/Volumes/Data/University/PPMGR/Blender_Mat_Generator_PPMGR/Projects/textures/Dirty old vintage simple floral pattern white cloth_BaseColor.jpg,/Volumes/Data/University/PPMGR/Blender_Mat_Generator_PPMGR/Projects/textures
DirtyWhite__Retro_Tiles_Base_Color.jpg,/Volumes/Data/University/PPMGR/Blender_Mat_Generator_PPMGR/Projects/textures/DirtyWhite__Retro_Tiles_Base_Color.jpg,/Volumes/Data/University/PPMGR/Blender_Mat_Generator_PPMGR/Projects/textures
Dirty_Black_and_white_checker_Tiles_Base_Color.jpg,/Volumes/Data/University/PPMGR/Blender_Mat_Generator_PPMGR/Projects/textures/Dirty_Black_and_white_checker_Tiles_Base_Color.jpg,/Volumes/Data/University/PPMGR/Blender_Mat_Generator_PPMGR/Projects/textures
Dirty_Brown_Camo_01_BaseColor.jpg,/Volumes/Data/University/PPMGR/Blender_Mat_Generator_PPMGR/Projects/textures/Dirty_Brown_Camo_01_BaseColor.jpg,/Volumes/Data/University/PPMGR/Blender_Mat_Generator_PPMGR/Projects/textures
Dirty_Classical_Rooftop_Tiles__Base_Color.jpg,/Volumes/Data/University/PPMGR/Blender_Mat_Generator_PPMGR/Projects/textures/Dirty_Classical_Rooftop_Tiles__Base_Color.jpg,/Volumes/Data/University/PPMGR/Blender_Mat_Generator_PPMGR/Projects/textures
Dirty_Old_fashined_black_and_white_tiles_Base_Color.jpg,/Volumes/Data/University/PPMGR/Blender_Mat_Generator_PPMGR/Projects/textures/Dirty_Old_fashined_black_and_white_tiles_Base_Color.jpg,/Volumes/Data/University/PPMGR/Blender_Mat_Generator_PPMGR/Projects/textures
Dirty_Retro_Tiles_Base_Color.jpg,/Volumes/Data/University/PPMGR/Blender_Mat_Generator_PPMGR/Projects/textures/Dirty_Retro_Tiles_Base_Color.jpg,/Volumes/Data/University/PPMGR/Blender_Mat_Generator_PPMGR/Projects/textures
Dirty_Wear_Nail_wood_planks_Base_Color.jpg,/Volumes/Data/University/PPMGR/Blender_Mat_Generator_PPMGR/Projects/textures/Dirty_Wear_Nail_wood_planks_Base_Color.jpg,/Volumes/Data/University/PPMGR/Blender_Mat_Generator_PPMGR/Projects/textures
Dirty_Wear_Nail_wood_planks_Base_Color.jpg.png,/Volumes/Data/University/PPMGR/Blender_Mat_Generator_PPMGR/Projects/textures/Dirty_Wear_Nail_wood_planks_Base_Color.jpg.png,/Volumes/Data/University/PPMGR/Blender_Mat_Generator_PPMGR/Projects/textures
Dirty_Wooden_Tile_10052023_basecolor.jpg,/Volumes/Data/University/PPMGR/Blender_Mat_Generator_PPMGR/Projects/textures/Dirty_Wooden_Tile_10052023_basecolor.jpg,/Volumes/Data/University/PPMGR/Blender_Mat_Generator_PPMGR/Projects/textures
Dirty_white_Bathroom_tiles_Base_Color.jpg,/Volumes/Data/University/PPMGR/Blender_Mat_Generator_PPMGR/Projects/textures/Dirty_white_Bathroom_tiles_Base_Color.jpg,/Volumes/Data/University/PPMGR/Blender_Mat_Generator_PPMGR/Projects/textures
Dirty_white_tiles_Base_Color.jpg,/Volumes/Data/University/PPMGR/Blender_Mat_Generator_PPMGR/Projects/textures/Dirty_white_tiles_Base_Color.jpg,/Volumes/Data/University/PPMGR/Blender_Mat_Generator_PPMGR/Projects/textures
Dirty_yellow_porcelain_Base_Color.jpg,/Volumes/Data/University/PPMGR/Blender_Mat_Generator_PPMGR/Projects/textures/Dirty_yellow_porcelain_Base_Color.jpg,/Volumes/Data/University/PPMGR/Blender_Mat_Generator_PPMGR/Projects/textures
Distressed_Blue_Grunge_01_BaseColor.jpg,/Volumes/Data/University/PPMGR/Blender_Mat_Generator_PPMGR/Projects/textures/Distressed_Blue_Grunge_01_BaseColor.jpg,/Volumes/Data/University/PPMGR/Blender_Mat_Generator_PPMGR/Projects/textures
Distressed_Neon_Pink_Camo_01_BaseColor.jpg,/Volumes/Data/University/PPMGR/Blender_Mat_Generator_PPMGR/Projects/textures/Distressed_Neon_Pink_Camo_01_BaseColor.jpg,/Volumes/Data/University/PPMGR/Blender_Mat_Generator_PPMGR/Projects/textures
Distressed_Orange_Paint_01_BaseColor.jpg,/Volumes/Data/University/PPMGR/Blender_Mat_Generator_PPMGR/Projects/textures/Distressed_Orange_Paint_01_BaseColor.jpg,/Volumes/Data/University/PPMGR/Blender_Mat_Generator_PPMGR/Projects/textures
Distressed_Yellow_Paint_01.jpg,/Volumes/Data/University/PPMGR/Blender_Mat_Generator_PPMGR/Projects/textures/Distressed_Yellow_Paint_01.jpg,/Volumes/Data/University/PPMGR/Blender_Mat_Generator_PPMGR/Projects/textures
District Grey laid 1120x1120_BaseColor.jpg,/Volumes/Data/University/PPMGR/Blender_Mat_Generator_PPMGR/Projects/textures/District Grey laid 1120x1120_BaseColor.jpg,/Volumes/Data/University/PPMGR/Blender_Mat_Generator_PPMGR/Projects/textures
Door_Pattern_Base.jpg,/Volumes/Data/University/PPMGR/Blender_Mat_Generator_PPMGR/Projects/textures/Door_Pattern_Base.jpg,/Volumes/Data/University/PPMGR/Blender_Mat_Generator_PPMGR/Projects/textures
Douglas 001_BaseColor.jpg,/Volumes/Data/University/PPMGR/Blender_Mat_Generator_PPMGR/Projects/textures/Douglas 001_BaseColor.jpg,/Volumes/Data/University/PPMGR/Blender_Mat_Generator_PPMGR/Projects/textures
Dragon Skin_diffuseOriginal.jpg,/Volumes/Data/University/PPMGR/Blender_Mat_Generator_PPMGR/Projects/textures/Dragon Skin_diffuseOriginal.jpg,/Volumes/Data/University/PPMGR/Blender_Mat_Generator_PPMGR/Projects/textures
DragonScales_diffuseOriginal.jpg,/Volumes/Data/University/PPMGR/Blender_Mat_Generator_PPMGR/Projects/textures/DragonScales_diffuseOriginal.jpg,/Volumes/Data/University/PPMGR/Blender_Mat_Generator_PPMGR/Projects/textures
DragonTest_diffuseOriginal.jpg,/Volumes/Data/University/PPMGR/Blender_Mat_Generator_PPMGR/Projects/textures/DragonTest_diffuseOriginal.jpg,/Volumes/Data/University/PPMGR/Blender_Mat_Generator_PPMGR/Projects/textures
DragonTest_normal.jpg,/Volumes/Data/University/PPMGR/Blender_Mat_Generator_PPMGR/Projects/textures/DragonTest_normal.jpg,/Volumes/Data/University/PPMGR/Blender_Mat_Generator_PPMGR/Projects/textures
Dragon_diffuseOriginal.jpg,/Volumes/Data/University/PPMGR/Blender_Mat_Generator_PPMGR/Projects/textures/Dragon_diffuseOriginal.jpg,/Volumes/Data/University/PPMGR/Blender_Mat_Generator_PPMGR/Projects/textures
Drake_diffuseOriginal.jpg,/Volumes/Data/University/PPMGR/Blender_Mat_Generator_PPMGR/Projects/textures/Drake_diffuseOriginal.jpg,/Volumes/Data/University/PPMGR/Blender_Mat_Generator_PPMGR/Projects/textures
Dry Soil 02_BaseColor.jpg,/Volumes/Data/University/PPMGR/Blender_Mat_Generator_PPMGR/Projects/textures/Dry Soil 02_BaseColor.jpg,/Volumes/Data/University/PPMGR/Blender_Mat_Generator_PPMGR/Projects/textures
Dry Soil_BaseColor.jpg,/Volumes/Data/University/PPMGR/Blender_Mat_Generator_PPMGR/Projects/textures/Dry Soil_BaseColor.jpg,/Volumes/Data/University/PPMGR/Blender_Mat_Generator_PPMGR/Projects/textures
Dry grass 2_Diffuse.jpg,/Volumes/Data/University/PPMGR/Blender_Mat_Generator_PPMGR/Projects/textures/Dry grass 2_Diffuse.jpg,/Volumes/Data/University/PPMGR/Blender_Mat_Generator_PPMGR/Projects/textures
Dry grass_Diffuse.jpg,/Volumes/Data/University/PPMGR/Blender_Mat_Generator_PPMGR/Projects/textures/Dry grass_Diffuse.jpg,/Volumes/Data/University/PPMGR/Blender_Mat_Generator_PPMGR/Projects/textures
Dry_Bamboo_01272024_BaseColor.jpg,/Volumes/Data/University/PPMGR/Blender_Mat_Generator_PPMGR/Projects/textures/Dry_Bamboo_01272024_BaseColor.jpg,/Volumes/Data/University/PPMGR/Blender_Mat_Generator_PPMGR/Projects/textures
Dry_Bamboo_01272024_BaseColor.jpg.png,/Volumes/Data/University/PPMGR/Blender_Mat_Generator_PPMGR/Projects/textures/Dry_Bamboo_01272024_BaseColor.jpg.png,/Volumes/Data/University/PPMGR/Blender_Mat_Generator_PPMGR/Projects/textures
Dry_Sand_basecolor.jpg,/Volumes/Data/University/PPMGR/Blender_Mat_Generator_PPMGR/Projects/textures/Dry_Sand_basecolor.jpg,/Volumes/Data/University/PPMGR/Blender_Mat_Generator_PPMGR/Projects/textures
Dry_Soil_with_Pebbles_01052024_basecolor.jpg,/Volumes/Data/University/PPMGR/Blender_Mat_Generator_PPMGR/Projects/textures/Dry_Soil_with_Pebbles_01052024_basecolor.jpg,/Volumes/Data/University/PPMGR/Blender_Mat_Generator_PPMGR/Projects/textures
DungeonFloor_diffuse4_2k.jpg,/Volumes/Data/University/PPMGR/Blender_Mat_Generator_PPMGR/Projects/textures/DungeonFloor_diffuse4_2k.jpg,/Volumes/Data/University/PPMGR/Blender_Mat_Generator_PPMGR/Projects/textures
Dusty_Pink_Camo_05_BaseColor.jpg,/Volumes/Data/University/PPMGR/Blender_Mat_Generator_PPMGR/Projects/textures/Dusty_Pink_Camo_05_BaseColor.jpg,/Volumes/Data/University/PPMGR/Blender_Mat_Generator_PPMGR/Projects/textures
Dusty_Rubber_mats_Base_Color.jpg,/Volumes/Data/University/PPMGR/Blender_Mat_Generator_PPMGR/Projects/textures/Dusty_Rubber_mats_Base_Color.jpg,/Volumes/Data/University/PPMGR/Blender_Mat_Generator_PPMGR/Projects/textures
Dusty__mats_Base_Color.jpg,/Volumes/Data/University/PPMGR/Blender_Mat_Generator_PPMGR/Projects/textures/Dusty__mats_Base_Color.jpg,/Volumes/Data/University/PPMGR/Blender_Mat_Generator_PPMGR/Projects/textures
Earth 8K_diffuseOriginal.jpg,/Volumes/Data/University/PPMGR/Blender_Mat_Generator_PPMGR/Projects/textures/Earth 8K_diffuseOriginal.jpg,/Volumes/Data/University/PPMGR/Blender_Mat_Generator_PPMGR/Projects/textures
Ebony_Dark_Ash_Base_Color.jpg,/Volumes/Data/University/PPMGR/Blender_Mat_Generator_PPMGR/Projects/textures/Ebony_Dark_Ash_Base_Color.jpg,/Volumes/Data/University/PPMGR/Blender_Mat_Generator_PPMGR/Projects/textures
Eggcrate_pink_Acoustic_Panels_foam_Base_Color.jpg,/Volumes/Data/University/PPMGR/Blender_Mat_Generator_PPMGR/Projects/textures/Eggcrate_pink_Acoustic_Panels_foam_Base_Color.jpg,/Volumes/Data/University/PPMGR/Blender_Mat_Generator_PPMGR/Projects/textures
Egyptian_Ornamental_Base.jpg,/Volumes/Data/University/PPMGR/Blender_Mat_Generator_PPMGR/Projects/textures/Egyptian_Ornamental_Base.jpg,/Volumes/Data/University/PPMGR/Blender_Mat_Generator_PPMGR/Projects/textures
Egyptian_Wall_Pattern_Base.png,/Volumes/Data/University/PPMGR/Blender_Mat_Generator_PPMGR/Projects/textures/Egyptian_Wall_Pattern_Base.png,/Volumes/Data/University/PPMGR/Blender_Mat_Generator_PPMGR/Projects/textures
Elogated_Diamond_Blue_Tiles_Base_Color.jpg,/Volumes/Data/University/PPMGR/Blender_Mat_Generator_PPMGR/Projects/textures/Elogated_Diamond_Blue_Tiles_Base_Color.jpg,/Volumes/Data/University/PPMGR/Blender_Mat_Generator_PPMGR/Projects/textures
Elogated_Diamond_Brown_Tiles_Base_Color.jpg,/Volumes/Data/University/PPMGR/Blender_Mat_Generator_PPMGR/Projects/textures/Elogated_Diamond_Brown_Tiles_Base_Color.jpg,/Volumes/Data/University/PPMGR/Blender_Mat_Generator_PPMGR/Projects/textures
Elogated_Diamond__Tiles_Base_Color.jpg,/Volumes/Data/University/PPMGR/Blender_Mat_Generator_PPMGR/Projects/textures/Elogated_Diamond__Tiles_Base_Color.jpg,/Volumes/Data/University/PPMGR/Blender_Mat_Generator_PPMGR/Projects/textures
Elogated_Diamond_black_Tiles_Base_Color.jpg,/Volumes/Data/University/PPMGR/Blender_Mat_Generator_PPMGR/Projects/textures/Elogated_Diamond_black_Tiles_Base_Color.jpg,/Volumes/Data/University/PPMGR/Blender_Mat_Generator_PPMGR/Projects/textures
Elogated_Diamond_blueish_Tiles_Base_Color.jpg,/Volumes/Data/University/PPMGR/Blender_Mat_Generator_PPMGR/Projects/textures/Elogated_Diamond_blueish_Tiles_Base_Color.jpg,/Volumes/Data/University/PPMGR/Blender_Mat_Generator_PPMGR/Projects/textures
Elogated_Diamond_green_Tiles_Base_Color.jpg,/Volumes/Data/University/PPMGR/Blender_Mat_Generator_PPMGR/Projects/textures/Elogated_Diamond_green_Tiles_Base_Color.jpg,/Volumes/Data/University/PPMGR/Blender_Mat_Generator_PPMGR/Projects/textures
Elogated_Diamond_white_Tiles_Base_Color.jpg,/Volumes/Data/University/PPMGR/Blender_Mat_Generator_PPMGR/Projects/textures/Elogated_Diamond_white_Tiles_Base_Color.jpg,/Volumes/Data/University/PPMGR/Blender_Mat_Generator_PPMGR/Projects/textures
Elogated_Diamond_yellow__Tiles_Base_Color.jpg,/Volumes/Data/University/PPMGR/Blender_Mat_Generator_PPMGR/Projects/textures/Elogated_Diamond_yellow__Tiles_Base_Color.jpg,/Volumes/Data/University/PPMGR/Blender_Mat_Generator_PPMGR/Projects/textures
Embossed_Golden_Flower_Shaped_Wall_Tiles_Base_Color.jpg,/Volumes/Data/University/PPMGR/Blender_Mat_Generator_PPMGR/Projects/textures/Embossed_Golden_Flower_Shaped_Wall_Tiles_Base_Color.jpg,/Volumes/Data/University/PPMGR/Blender_Mat_Generator_PPMGR/Projects/textures
Embossed_White_Flower_Shaped_Wall_Tiles_Base_Color.jpg,/Volumes/Data/University/PPMGR/Blender_Mat_Generator_PPMGR/Projects/textures/Embossed_White_Flower_Shaped_Wall_Tiles_Base_Color.jpg,/Volumes/Data/University/PPMGR/Blender_Mat_Generator_PPMGR/Projects/textures
Embossed_White_and_black_Flower_Shaped_Wall_Tiles_Base_Color.jpg,/Volumes/Data/University/PPMGR/Blender_Mat_Generator_PPMGR/Projects/textures/Embossed_White_and_black_Flower_Shaped_Wall_Tiles_Base_Color.jpg,/Volumes/Data/University/PPMGR/Blender_Mat_Generator_PPMGR/Projects/textures
Embossed_black_Flower_Shaped_Wall_Tiles_Base_Color.jpg,/Volumes/Data/University/PPMGR/Blender_Mat_Generator_PPMGR/Projects/textures/Embossed_black_Flower_Shaped_Wall_Tiles_Base_Color.jpg,/Volumes/Data/University/PPMGR/Blender_Mat_Generator_PPMGR/Projects/textures
Embossed_red_and_gold_Flower_Shaped_Wall_Tiles_Base_Color.jpg,/Volumes/Data/University/PPMGR/Blender_Mat_Generator_PPMGR/Projects/textures/Embossed_red_and_gold_Flower_Shaped_Wall_Tiles_Base_Color.jpg,/Volumes/Data/University/PPMGR/Blender_Mat_Generator_PPMGR/Projects/textures
Entirely_Worn_Base_Color.jpg,/Volumes/Data/University/PPMGR/Blender_Mat_Generator_PPMGR/Projects/textures/Entirely_Worn_Base_Color.jpg,/Volumes/Data/University/PPMGR/Blender_Mat_Generator_PPMGR/Projects/textures
ErodeBasalt-basecolor.jpg,/Volumes/Data/University/PPMGR/Blender_Mat_Generator_PPMGR/Projects/textures/ErodeBasalt-basecolor.jpg,/Volumes/Data/University/PPMGR/Blender_Mat_Generator_PPMGR/Projects/textures
Ethnic batik floral pattern fabric_BaseColor.jpg,/Volumes/Data/University/PPMGR/Blender_Mat_Generator_PPMGR/Projects/textures/Ethnic batik floral pattern fabric_BaseColor.jpg,/Volumes/Data/University/PPMGR/Blender_Mat_Generator_PPMGR/Projects/textures
"Ethnic batik grompol pattern traditional Jepara, Indonesia cloth_BaseColor.jpg","/Volumes/Data/University/PPMGR/Blender_Mat_Generator_PPMGR/Projects/textures/Ethnic batik grompol pattern traditional Jepara, Indonesia cloth_BaseColor.jpg",/Volumes/Data/University/PPMGR/Blender_Mat_Generator_PPMGR/Projects/textures
Ethnic batik jogja fabric_BaseColor.jpg,/Volumes/Data/University/PPMGR/Blender_Mat_Generator_PPMGR/Projects/textures/Ethnic batik jogja fabric_BaseColor.jpg,/Volumes/Data/University/PPMGR/Blender_Mat_Generator_PPMGR/Projects/textures
Ethnic batik kalimantan fabric_BaseColor.jpg,/Volumes/Data/University/PPMGR/Blender_Mat_Generator_PPMGR/Projects/textures/Ethnic batik kalimantan fabric_BaseColor.jpg,/Volumes/Data/University/PPMGR/Blender_Mat_Generator_PPMGR/Projects/textures
Ethnic batik parang fabric_BaseColor.jpg,/Volumes/Data/University/PPMGR/Blender_Mat_Generator_PPMGR/Projects/textures/Ethnic batik parang fabric_BaseColor.jpg,/Volumes/Data/University/PPMGR/Blender_Mat_Generator_PPMGR/Projects/textures
Ethnic batik truntum pattern fabric_BaseColor.jpg,/Volumes/Data/University/PPMGR/Blender_Mat_Generator_PPMGR/Projects/textures/Ethnic batik truntum pattern fabric_BaseColor.jpg,/Volumes/Data/University/PPMGR/Blender_Mat_Generator_PPMGR/Projects/textures
Ethnic floral batik jogja fabric_BaseColor.jpg,/Volumes/Data/University/PPMGR/Blender_Mat_Generator_PPMGR/Projects/textures/Ethnic floral batik jogja fabric_BaseColor.jpg,/Volumes/Data/University/PPMGR/Blender_Mat_Generator_PPMGR/Projects/textures
Ethnic sumba woven fabric_BaseColor.jpg,/Volumes/Data/University/PPMGR/Blender_Mat_Generator_PPMGR/Projects/textures/Ethnic sumba woven fabric_BaseColor.jpg,/Volumes/Data/University/PPMGR/Blender_Mat_Generator_PPMGR/Projects/textures
European Oak - Raw_BaseColor3.jpg,/Volumes/Data/University/PPMGR/Blender_Mat_Generator_PPMGR/Projects/textures/European Oak - Raw_BaseColor3.jpg,/Volumes/Data/University/PPMGR/Blender_Mat_Generator_PPMGR/Projects/textures
Export_baseColor.tif.png,/Volumes/Data/University/PPMGR/Blender_Mat_Generator_PPMGR/Projects/textures/Export_baseColor.tif.png,/Volumes/Data/University/PPMGR/Blender_Mat_Generator_PPMGR/Projects/textures
Extreme_Dirty_Blue_porcelain_Base_Color.jpg,/Volumes/Data/University/PPMGR/Blender_Mat_Generator_PPMGR/Projects/textures/Extreme_Dirty_Blue_porcelain_Base_Color.jpg,/Volumes/Data/University/PPMGR/Blender_Mat_Generator_PPMGR/Projects/textures
FABRIC_10_BaseColor.jpg,/Volumes/Data/University/PPMGR/Blender_Mat_Generator_PPMGR/Projects/textures/FABRIC_10_BaseColor.jpg,/Volumes/Data/University/PPMGR/Blender_Mat_Generator_PPMGR/Projects/textures
FABRIC_11_BaseColor.jpg,/Volumes/Data/University/PPMGR/Blender_Mat_Generator_PPMGR/Projects/textures/FABRIC_11_BaseColor.jpg,/Volumes/Data/University/PPMGR/Blender_Mat_Generator_PPMGR/Projects/textures
FABRIC_12_BaseColor.jpg,/Volumes/Data/University/PPMGR/Blender_Mat_Generator_PPMGR/Projects/textures/FABRIC_12_BaseColor.jpg,/Volumes/Data/University/PPMGR/Blender_Mat_Generator_PPMGR/Projects/textures
FABRIC_13_BaseColor.jpg,/Volumes/Data/University/PPMGR/Blender_Mat_Generator_PPMGR/Projects/textures/FABRIC_13_BaseColor.jpg,/Volumes/Data/University/PPMGR/Blender_Mat_Generator_PPMGR/Projects/textures
FABRIC_14_BaseColor.jpg,/Volumes/Data/University/PPMGR/Blender_Mat_Generator_PPMGR/Projects/textures/FABRIC_14_BaseColor.jpg,/Volumes/Data/University/PPMGR/Blender_Mat_Generator_PPMGR/Projects/textures
FABRIC_15_BaseColor.jpg,/Volumes/Data/University/PPMGR/Blender_Mat_Generator_PPMGR/Projects/textures/FABRIC_15_BaseColor.jpg,/Volumes/Data/University/PPMGR/Blender_Mat_Generator_PPMGR/Projects/textures
FABRIC_2_BaseColor.jpg,/Volumes/Data/University/PPMGR/Blender_Mat_Generator_PPMGR/Projects/textures/FABRIC_2_BaseColor.jpg,/Volumes/Data/University/PPMGR/Blender_Mat_Generator_PPMGR/Projects/textures
FABRIC_3_BaseColor.jpg,/Volumes/Data/University/PPMGR/Blender_Mat_Generator_PPMGR/Projects/textures/FABRIC_3_BaseColor.jpg,/Volumes/Data/University/PPMGR/Blender_Mat_Generator_PPMGR/Projects/textures
FABRIC_4_BaseColor.jpg,/Volumes/Data/University/PPMGR/Blender_Mat_Generator_PPMGR/Projects/textures/FABRIC_4_BaseColor.jpg,/Volumes/Data/University/PPMGR/Blender_Mat_Generator_PPMGR/Projects/textures
FABRIC_5_BaseColor.jpg,/Volumes/Data/University/PPMGR/Blender_Mat_Generator_PPMGR/Projects/textures/FABRIC_5_BaseColor.jpg,/Volumes/Data/University/PPMGR/Blender_Mat_Generator_PPMGR/Projects/textures
FABRIC_6_BaseColor.jpg,/Volumes/Data/University/PPMGR/Blender_Mat_Generator_PPMGR/Projects/textures/FABRIC_6_BaseColor.jpg,/Volumes/Data/University/PPMGR/Blender_Mat_Generator_PPMGR/Projects/textures
FABRIC_7_BaseColor.jpg,/Volumes/Data/University/PPMGR/Blender_Mat_Generator_PPMGR/Projects/textures/FABRIC_7_BaseColor.jpg,/Volumes/Data/University/PPMGR/Blender_Mat_Generator_PPMGR/Projects/textures
FABRIC_8_BaseColor.jpg,/Volumes/Data/University/PPMGR/Blender_Mat_Generator_PPMGR/Projects/textures/FABRIC_8_BaseColor.jpg,/Volumes/Data/University/PPMGR/Blender_Mat_Generator_PPMGR/Projects/textures
FABRIC_9_BaseColor.jpg,/Volumes/Data/University/PPMGR/Blender_Mat_Generator_PPMGR/Projects/textures/FABRIC_9_BaseColor.jpg,/Volumes/Data/University/PPMGR/Blender_Mat_Generator_PPMGR/Projects/textures
FAllen_leaves_ground_Base_Color.jpg,/Volumes/Data/University/PPMGR/Blender_Mat_Generator_PPMGR/Projects/textures/FAllen_leaves_ground_Base_Color.jpg,/Volumes/Data/University/PPMGR/Blender_Mat_Generator_PPMGR/Projects/textures
FInger joint Base.jpg,/Volumes/Data/University/PPMGR/Blender_Mat_Generator_PPMGR/Projects/textures/FInger joint Base.jpg,/Volumes/Data/University/PPMGR/Blender_Mat_Generator_PPMGR/Projects/textures
Fabric 2_BaseColor.jpg,/Volumes/Data/University/PPMGR/Blender_Mat_Generator_PPMGR/Projects/textures/Fabric 2_BaseColor.jpg,/Volumes/Data/University/PPMGR/Blender_Mat_Generator_PPMGR/Projects/textures
Fabric 4_BaseColor.jpg,/Volumes/Data/University/PPMGR/Blender_Mat_Generator_PPMGR/Projects/textures/Fabric 4_BaseColor.jpg,/Volumes/Data/University/PPMGR/Blender_Mat_Generator_PPMGR/Projects/textures
Fabric-woven pattern-basecolor.jpg,/Volumes/Data/University/PPMGR/Blender_Mat_Generator_PPMGR/Projects/textures/Fabric-woven pattern-basecolor.jpg,/Volumes/Data/University/PPMGR/Blender_Mat_Generator_PPMGR/Projects/textures
Fabric032_4K-PNG_Color.jpg,/Volumes/Data/University/PPMGR/Blender_Mat_Generator_PPMGR/Projects/textures/Fabric032_4K-PNG_Color.jpg,/Volumes/Data/University/PPMGR/Blender_Mat_Generator_PPMGR/Projects/textures
Fabric066_2K_Color.jpg,/Volumes/Data/University/PPMGR/Blender_Mat_Generator_PPMGR/Projects/textures/Fabric066_2K_Color.jpg,/Volumes/Data/University/PPMGR/Blender_Mat_Generator_PPMGR/Projects/textures
Fabric3_BaseColor.jpg,/Volumes/Data/University/PPMGR/Blender_Mat_Generator_PPMGR/Projects/textures/Fabric3_BaseColor.jpg,/Volumes/Data/University/PPMGR/Blender_Mat_Generator_PPMGR/Projects/textures
Fabric_01_basecolor.jpg,/Volumes/Data/University/PPMGR/Blender_Mat_Generator_PPMGR/Projects/textures/Fabric_01_basecolor.jpg,/Volumes/Data/University/PPMGR/Blender_Mat_Generator_PPMGR/Projects/textures
Fabric_21_color.jpg,/Volumes/Data/University/PPMGR/Blender_Mat_Generator_PPMGR/Projects/textures/Fabric_21_color.jpg,/Volumes/Data/University/PPMGR/Blender_Mat_Generator_PPMGR/Projects/textures
Fabric_23_color.jpg,/Volumes/Data/University/PPMGR/Blender_Mat_Generator_PPMGR/Projects/textures/Fabric_23_color.jpg,/Volumes/Data/University/PPMGR/Blender_Mat_Generator_PPMGR/Projects/textures
Fabric_Base_Color_1001.jpg,/Volumes/Data/University/PPMGR/Blender_Mat_Generator_PPMGR/Projects/textures/Fabric_Base_Color_1001.jpg,/Volumes/Data/University/PPMGR/Blender_Mat_Generator_PPMGR/Projects/textures
Fabric_Mask_Map.png,/Volumes/Data/University/PPMGR/Blender_Mat_Generator_PPMGR/Projects/textures/Fabric_Mask_Map.png,/Volumes/Data/University/PPMGR/Blender_Mat_Generator_PPMGR/Projects/textures
Fabric_Scottish__Base_Color.jpg,/Volumes/Data/University/PPMGR/Blender_Mat_Generator_PPMGR/Projects/textures/Fabric_Scottish__Base_Color.jpg,/Volumes/Data/University/PPMGR/Blender_Mat_Generator_PPMGR/Projects/textures
Fabric_Sofa_wavy__Base_Color.jpg,/Volumes/Data/University/PPMGR/Blender_Mat_Generator_PPMGR/Projects/textures/Fabric_Sofa_wavy__Base_Color.jpg,/Volumes/Data/University/PPMGR/Blender_Mat_Generator_PPMGR/Projects/textures
Fabric_basecolor.jpg,/Volumes/Data/University/PPMGR/Blender_Mat_Generator_PPMGR/Projects/textures/Fabric_basecolor.jpg,/Volumes/Data/University/PPMGR/Blender_Mat_Generator_PPMGR/Projects/textures
Fake Flattened Grass_BaseColor.jpg,/Volumes/Data/University/PPMGR/Blender_Mat_Generator_PPMGR/Projects/textures/Fake Flattened Grass_BaseColor.jpg,/Volumes/Data/University/PPMGR/Blender_Mat_Generator_PPMGR/Projects/textures
Fake Grass_1_diffuseOriginal.jpg,/Volumes/Data/University/PPMGR/Blender_Mat_Generator_PPMGR/Projects/textures/Fake Grass_1_diffuseOriginal.jpg,/Volumes/Data/University/PPMGR/Blender_Mat_Generator_PPMGR/Projects/textures
Fake Grass_BaseColor.jpg,/Volumes/Data/University/PPMGR/Blender_Mat_Generator_PPMGR/Projects/textures/Fake Grass_BaseColor.jpg,/Volumes/Data/University/PPMGR/Blender_Mat_Generator_PPMGR/Projects/textures
Fan_Shapped_terracotta_Tile_Base_Color.jpg,/Volumes/Data/University/PPMGR/Blender_Mat_Generator_PPMGR/Projects/textures/Fan_Shapped_terracotta_Tile_Base_Color.jpg,/Volumes/Data/University/PPMGR/Blender_Mat_Generator_PPMGR/Projects/textures
Fast_Rust_Image-diffuse.jpg,/Volumes/Data/University/PPMGR/Blender_Mat_Generator_PPMGR/Projects/textures/Fast_Rust_Image-diffuse.jpg,/Volumes/Data/University/PPMGR/Blender_Mat_Generator_PPMGR/Projects/textures
Felt_BaseColor.jpg,/Volumes/Data/University/PPMGR/Blender_Mat_Generator_PPMGR/Projects/textures/Felt_BaseColor.jpg,/Volumes/Data/University/PPMGR/Blender_Mat_Generator_PPMGR/Projects/textures
Fidget_Brown_Paver_Tiles_Base_Color.jpg,/Volumes/Data/University/PPMGR/Blender_Mat_Generator_PPMGR/Projects/textures/Fidget_Brown_Paver_Tiles_Base_Color.jpg,/Volumes/Data/University/PPMGR/Blender_Mat_Generator_PPMGR/Projects/textures
Fidget_Paver_Tiles_Base_Color.jpg,/Volumes/Data/University/PPMGR/Blender_Mat_Generator_PPMGR/Projects/textures/Fidget_Paver_Tiles_Base_Color.jpg,/Volumes/Data/University/PPMGR/Blender_Mat_Generator_PPMGR/Projects/textures
Fingerprints_Base_Color.jpg,/Volumes/Data/University/PPMGR/Blender_Mat_Generator_PPMGR/Projects/textures/Fingerprints_Base_Color.jpg,/Volumes/Data/University/PPMGR/Blender_Mat_Generator_PPMGR/Projects/textures
Fish_Scale_Roof_top__Base_Color.jpg,/Volumes/Data/University/PPMGR/Blender_Mat_Generator_PPMGR/Projects/textures/Fish_Scale_Roof_top__Base_Color.jpg,/Volumes/Data/University/PPMGR/Blender_Mat_Generator_PPMGR/Projects/textures
Fish_Scale_ceramic_tiles_Base_Color.jpg,/Volumes/Data/University/PPMGR/Blender_Mat_Generator_PPMGR/Projects/textures/Fish_Scale_ceramic_tiles_Base_Color.jpg,/Volumes/Data/University/PPMGR/Blender_Mat_Generator_PPMGR/Projects/textures
Fish_Scale_yellow_ceramic_tiles_Base_Color.jpg,/Volumes/Data/University/PPMGR/Blender_Mat_Generator_PPMGR/Projects/textures/Fish_Scale_yellow_ceramic_tiles_Base_Color.jpg,/Volumes/Data/University/PPMGR/Blender_Mat_Generator_PPMGR/Projects/textures
Fish_Tiles_basecolor.jpg,/Volumes/Data/University/PPMGR/Blender_Mat_Generator_PPMGR/Projects/textures/Fish_Tiles_basecolor.jpg,/Volumes/Data/University/PPMGR/Blender_Mat_Generator_PPMGR/Projects/textures
Fish_scales_White_Base_Color.jpg,/Volumes/Data/University/PPMGR/Blender_Mat_Generator_PPMGR/Projects/textures/Fish_scales_White_Base_Color.jpg,/Volumes/Data/University/PPMGR/Blender_Mat_Generator_PPMGR/Projects/textures
Fish_scales_black_Base_Color.jpg,/Volumes/Data/University/PPMGR/Blender_Mat_Generator_PPMGR/Projects/textures/Fish_scales_black_Base_Color.jpg,/Volumes/Data/University/PPMGR/Blender_Mat_Generator_PPMGR/Projects/textures
Fish_scales_blue_Base_Color.jpg,/Volumes/Data/University/PPMGR/Blender_Mat_Generator_PPMGR/Projects/textures/Fish_scales_blue_Base_Color.jpg,/Volumes/Data/University/PPMGR/Blender_Mat_Generator_PPMGR/Projects/textures
Fish_scales_brown_Base_Color.jpg,/Volumes/Data/University/PPMGR/Blender_Mat_Generator_PPMGR/Projects/textures/Fish_scales_brown_Base_Color.jpg,/Volumes/Data/University/PPMGR/Blender_Mat_Generator_PPMGR/Projects/textures
Fish_scales_red_Base_Color.jpg,/Volumes/Data/University/PPMGR/Blender_Mat_Generator_PPMGR/Projects/textures/Fish_scales_red_Base_Color.jpg,/Volumes/Data/University/PPMGR/Blender_Mat_Generator_PPMGR/Projects/textures
Flagstone carrara marble_BaseColor.jpg,/Volumes/Data/University/PPMGR/Blender_Mat_Generator_PPMGR/Projects/textures/Flagstone carrara marble_BaseColor.jpg,/Volumes/Data/University/PPMGR/Blender_Mat_Generator_PPMGR/Projects/textures
FlagstoneDryLeaves_Albedo.jpg,/Volumes/Data/University/PPMGR/Blender_Mat_Generator_PPMGR/Projects/textures/FlagstoneDryLeaves_Albedo.jpg,/Volumes/Data/University/PPMGR/Blender_Mat_Generator_PPMGR/Projects/textures
FlagstoneFloorBase_Albedo.jpg,/Volumes/Data/University/PPMGR/Blender_Mat_Generator_PPMGR/Projects/textures/FlagstoneFloorBase_Albedo.jpg,/Volumes/Data/University/PPMGR/Blender_Mat_Generator_PPMGR/Projects/textures
Flame Dragon Scales_BaseColor.jpg,/Volumes/Data/University/PPMGR/Blender_Mat_Generator_PPMGR/Projects/textures/Flame Dragon Scales_BaseColor.jpg,/Volumes/Data/University/PPMGR/Blender_Mat_Generator_PPMGR/Projects/textures
Flame Dragon Scales_MaskMap.png,/Volumes/Data/University/PPMGR/Blender_Mat_Generator_PPMGR/Projects/textures/Flame Dragon Scales_MaskMap.png,/Volumes/Data/University/PPMGR/Blender_Mat_Generator_PPMGR/Projects/textures
Floor-Natural-Oak-Herringbone_BaseColor.jpg,/Volumes/Data/University/PPMGR/Blender_Mat_Generator_PPMGR/Projects/textures/Floor-Natural-Oak-Herringbone_BaseColor.jpg,/Volumes/Data/University/PPMGR/Blender_Mat_Generator_PPMGR/Projects/textures
FloorTiles-Exterior-basecolor.jpg,/Volumes/Data/University/PPMGR/Blender_Mat_Generator_PPMGR/Projects/textures/FloorTiles-Exterior-basecolor.jpg,/Volumes/Data/University/PPMGR/Blender_Mat_Generator_PPMGR/Projects/textures
FloorTiles02_basecolor.jpg,/Volumes/Data/University/PPMGR/Blender_Mat_Generator_PPMGR/Projects/textures/FloorTiles02_basecolor.jpg,/Volumes/Data/University/PPMGR/Blender_Mat_Generator_PPMGR/Projects/textures
FloorTiles_basecolor.jpg,/Volumes/Data/University/PPMGR/Blender_Mat_Generator_PPMGR/Projects/textures/FloorTiles_basecolor.jpg,/Volumes/Data/University/PPMGR/Blender_Mat_Generator_PPMGR/Projects/textures
Floor_Scifi_Mat_Base_color.jpg,/Volumes/Data/University/PPMGR/Blender_Mat_Generator_PPMGR/Projects/textures/Floor_Scifi_Mat_Base_color.jpg,/Volumes/Data/University/PPMGR/Blender_Mat_Generator_PPMGR/Projects/textures
Floor_Tile_Base.jpg,/Volumes/Data/University/PPMGR/Blender_Mat_Generator_PPMGR/Projects/textures/Floor_Tile_Base.jpg,/Volumes/Data/University/PPMGR/Blender_Mat_Generator_PPMGR/Projects/textures
Floor_diffuseOriginal.jpg,/Volumes/Data/University/PPMGR/Blender_Mat_Generator_PPMGR/Projects/textures/Floor_diffuseOriginal.jpg,/Volumes/Data/University/PPMGR/Blender_Mat_Generator_PPMGR/Projects/textures
Floor_style_Base_color.jpg,/Volumes/Data/University/PPMGR/Blender_Mat_Generator_PPMGR/Projects/textures/Floor_style_Base_color.jpg,/Volumes/Data/University/PPMGR/Blender_Mat_Generator_PPMGR/Projects/textures
Floral Tiles damages_BaseColor.jpg,/Volumes/Data/University/PPMGR/Blender_Mat_Generator_PPMGR/Projects/textures/Floral Tiles damages_BaseColor.jpg,/Volumes/Data/University/PPMGR/Blender_Mat_Generator_PPMGR/Projects/textures
Floral Tiles damages_MaskMap.png,/Volumes/Data/University/PPMGR/Blender_Mat_Generator_PPMGR/Projects/textures/Floral Tiles damages_MaskMap.png,/Volumes/Data/University/PPMGR/Blender_Mat_Generator_PPMGR/Projects/textures
FlowerCurtainAlbeido.jpg,/Volumes/Data/University/PPMGR/Blender_Mat_Generator_PPMGR/Projects/textures/FlowerCurtainAlbeido.jpg,/Volumes/Data/University/PPMGR/Blender_Mat_Generator_PPMGR/Projects/textures
Flower_Tiles_basecolor.jpg,/Volumes/Data/University/PPMGR/Blender_Mat_Generator_PPMGR/Projects/textures/Flower_Tiles_basecolor.jpg,/Volumes/Data/University/PPMGR/Blender_Mat_Generator_PPMGR/Projects/textures
Flowers2_baseColor.jpg,/Volumes/Data/University/PPMGR/Blender_Mat_Generator_PPMGR/Projects/textures/Flowers2_baseColor.jpg,/Volumes/Data/University/PPMGR/Blender_Mat_Generator_PPMGR/Projects/textures
Flowers2_normal.jpg,/Volumes/Data/University/PPMGR/Blender_Mat_Generator_PPMGR/Projects/textures/Flowers2_normal.jpg,/Volumes/Data/University/PPMGR/Blender_Mat_Generator_PPMGR/Projects/textures
Flowers_01_baseColor.jpg,/Volumes/Data/University/PPMGR/Blender_Mat_Generator_PPMGR/Projects/textures/Flowers_01_baseColor.jpg,/Volumes/Data/University/PPMGR/Blender_Mat_Generator_PPMGR/Projects/textures
Flowers_BaseColor.png,/Volumes/Data/University/PPMGR/Blender_Mat_Generator_PPMGR/Projects/textures/Flowers_BaseColor.png,/Volumes/Data/University/PPMGR/Blender_Mat_Generator_PPMGR/Projects/textures
Foe Leather Fabric_BaseColor.jpg,/Volumes/Data/University/PPMGR/Blender_Mat_Generator_PPMGR/Projects/textures/Foe Leather Fabric_BaseColor.jpg,/Volumes/Data/University/PPMGR/Blender_Mat_Generator_PPMGR/Projects/textures
Foglie_autunno_diffuse.jpg,/Volumes/Data/University/PPMGR/Blender_Mat_Generator_PPMGR/Projects/textures/Foglie_autunno_diffuse.jpg,/Volumes/Data/University/PPMGR/Blender_Mat_Generator_PPMGR/Projects/textures
Foil 1_4K-JPG_Color.jpg,/Volumes/Data/University/PPMGR/Blender_Mat_Generator_PPMGR/Projects/textures/Foil 1_4K-JPG_Color.jpg,/Volumes/Data/University/PPMGR/Blender_Mat_Generator_PPMGR/Projects/textures
Foil 2_4K-JPG_Color.jpg,/Volumes/Data/University/PPMGR/Blender_Mat_Generator_PPMGR/Projects/textures/Foil 2_4K-JPG_Color.jpg,/Volumes/Data/University/PPMGR/Blender_Mat_Generator_PPMGR/Projects/textures
Foil 3_4K-JPG_Color.jpg,/Volumes/Data/University/PPMGR/Blender_Mat_Generator_PPMGR/Projects/textures/Foil 3_4K-JPG_Color.jpg,/Volumes/Data/University/PPMGR/Blender_Mat_Generator_PPMGR/Projects/textures
For_substance_DefaultMaterial_BaseColor.jpg,/Volumes/Data/University/PPMGR/Blender_Mat_Generator_PPMGR/Projects/textures/For_substance_DefaultMaterial_BaseColor.jpg,/Volumes/Data/University/PPMGR/Blender_Mat_Generator_PPMGR/Projects/textures
ForestGround01_BaseColor.jpg,/Volumes/Data/University/PPMGR/Blender_Mat_Generator_PPMGR/Projects/textures/ForestGround01_BaseColor.jpg,/Volumes/Data/University/PPMGR/Blender_Mat_Generator_PPMGR/Projects/textures
ForestGround02_BaseColor.jpg,/Volumes/Data/University/PPMGR/Blender_Mat_Generator_PPMGR/Projects/textures/ForestGround02_BaseColor.jpg,/Volumes/Data/University/PPMGR/Blender_Mat_Generator_PPMGR/Projects/textures
Forest_Ground_Albedo_8192x8192.jpg,/Volumes/Data/University/PPMGR/Blender_Mat_Generator_PPMGR/Projects/textures/Forest_Ground_Albedo_8192x8192.jpg,/Volumes/Data/University/PPMGR/Blender_Mat_Generator_PPMGR/Projects/textures
Formed_Concrete_01_Image-diffuse.png,/Volumes/Data/University/PPMGR/Blender_Mat_Generator_PPMGR/Projects/textures/Formed_Concrete_01_Image-diffuse.png,/Volumes/Data/University/PPMGR/Blender_Mat_Generator_PPMGR/Projects/textures
Freijó AMbar - EUcatex - Diffuse.jpg,/Volumes/Data/University/PPMGR/Blender_Mat_Generator_PPMGR/Projects/textures/Freijó AMbar - EUcatex - Diffuse.jpg,/Volumes/Data/University/PPMGR/Blender_Mat_Generator_PPMGR/Projects/textures
Frozen snow_BaseColor.jpg,/Volumes/Data/University/PPMGR/Blender_Mat_Generator_PPMGR/Projects/textures/Frozen snow_BaseColor.jpg,/Volumes/Data/University/PPMGR/Blender_Mat_Generator_PPMGR/Projects/textures
FullWallMetalSiding Var2 Diffuse.jpg,/Volumes/Data/University/PPMGR/Blender_Mat_Generator_PPMGR/Projects/textures/FullWallMetalSiding Var2 Diffuse.jpg,/Volumes/Data/University/PPMGR/Blender_Mat_Generator_PPMGR/Projects/textures
Funkywood_Color.png,/Volumes/Data/University/PPMGR/Blender_Mat_Generator_PPMGR/Projects/textures/Funkywood_Color.png,/Volumes/Data/University/PPMGR/Blender_Mat_Generator_PPMGR/Projects/textures
Fur 01_BaseColor.jpg,/Volumes/Data/University/PPMGR/Blender_Mat_Generator_PPMGR/Projects/textures/Fur 01_BaseColor.jpg,/Volumes/Data/University/PPMGR/Blender_Mat_Generator_PPMGR/Projects/textures
Fur 02_BaseColor.jpg,/Volumes/Data/University/PPMGR/Blender_Mat_Generator_PPMGR/Projects/textures/Fur 02_BaseColor.jpg,/Volumes/Data/University/PPMGR/Blender_Mat_Generator_PPMGR/Projects/textures
Fur08 diffuse 4k.jpg,/Volumes/Data/University/PPMGR/Blender_Mat_Generator_PPMGR/Projects/textures/Fur08 diffuse 4k.jpg,/Volumes/Data/University/PPMGR/Blender_Mat_Generator_PPMGR/Projects/textures
Fur__Base_Color.jpg,/Volumes/Data/University/PPMGR/Blender_Mat_Generator_PPMGR/Projects/textures/Fur__Base_Color.jpg,/Volumes/Data/University/PPMGR/Blender_Mat_Generator_PPMGR/Projects/textures
Fur_diffuseOriginal.jpg,/Volumes/Data/University/PPMGR/Blender_Mat_Generator_PPMGR/Projects/textures/Fur_diffuseOriginal.jpg,/Volumes/Data/University/PPMGR/Blender_Mat_Generator_PPMGR/Projects/textures
GS_Pored_Bricks_Base_Color.jpg,/Volumes/Data/University/PPMGR/Blender_Mat_Generator_PPMGR/Projects/textures/GS_Pored_Bricks_Base_Color.jpg,/Volumes/Data/University/PPMGR/Blender_Mat_Generator_PPMGR/Projects/textures
GS_Tactical_pavment_sidewalk_tiles_Base_Color.jpg,/Volumes/Data/University/PPMGR/Blender_Mat_Generator_PPMGR/Projects/textures/GS_Tactical_pavment_sidewalk_tiles_Base_Color.jpg,/Volumes/Data/University/PPMGR/Blender_Mat_Generator_PPMGR/Projects/textures
GWC Coarse Painted Plaster_BaseColor.jpg,/Volumes/Data/University/PPMGR/Blender_Mat_Generator_PPMGR/Projects/textures/GWC Coarse Painted Plaster_BaseColor.jpg,/Volumes/Data/University/PPMGR/Blender_Mat_Generator_PPMGR/Projects/textures
GWC Ground 01 Pine Needles _base_color.jpg,/Volumes/Data/University/PPMGR/Blender_Mat_Generator_PPMGR/Projects/textures/GWC Ground 01 Pine Needles _base_color.jpg,/Volumes/Data/University/PPMGR/Blender_Mat_Generator_PPMGR/Projects/textures
GWC Ground 02 Grass and Daisies_base_color.jpg,/Volumes/Data/University/PPMGR/Blender_Mat_Generator_PPMGR/Projects/textures/GWC Ground 02 Grass and Daisies_base_color.jpg,/Volumes/Data/University/PPMGR/Blender_Mat_Generator_PPMGR/Projects/textures
GWC Ground 03 Path Shingle_base_color.jpg,/Volumes/Data/University/PPMGR/Blender_Mat_Generator_PPMGR/Projects/textures/GWC Ground 03 Path Shingle_base_color.jpg,/Volumes/Data/University/PPMGR/Blender_Mat_Generator_PPMGR/Projects/textures
GWC Ground 05 Acorns Debris_base_color.jpg,/Volumes/Data/University/PPMGR/Blender_Mat_Generator_PPMGR/Projects/textures/GWC Ground 05 Acorns Debris_base_color.jpg,/Volumes/Data/University/PPMGR/Blender_Mat_Generator_PPMGR/Projects/textures
GWC Ground 06 Forrest dry mud_base_color.jpg,/Volumes/Data/University/PPMGR/Blender_Mat_Generator_PPMGR/Projects/textures/GWC Ground 06 Forrest dry mud_base_color.jpg,/Volumes/Data/University/PPMGR/Blender_Mat_Generator_PPMGR/Projects/textures
GWC Horrible 80s Carpets 02_BaseColor.png,/Volumes/Data/University/PPMGR/Blender_Mat_Generator_PPMGR/Projects/textures/GWC Horrible 80s Carpets 02_BaseColor.png,/Volumes/Data/University/PPMGR/Blender_Mat_Generator_PPMGR/Projects/textures
GWC Iron Panels 03_BaseColor.jpg,/Volumes/Data/University/PPMGR/Blender_Mat_Generator_PPMGR/Projects/textures/GWC Iron Panels 03_BaseColor.jpg,/Volumes/Data/University/PPMGR/Blender_Mat_Generator_PPMGR/Projects/textures
GWC Leather 011_base_color.jpg,/Volumes/Data/University/PPMGR/Blender_Mat_Generator_PPMGR/Projects/textures/GWC Leather 011_base_color.jpg,/Volumes/Data/University/PPMGR/Blender_Mat_Generator_PPMGR/Projects/textures
GWC Leather 012_base_color.jpg,/Volumes/Data/University/PPMGR/Blender_Mat_Generator_PPMGR/Projects/textures/GWC Leather 012_base_color.jpg,/Volumes/Data/University/PPMGR/Blender_Mat_Generator_PPMGR/Projects/textures
GWC Rusty Iron Embossed_Base_Color.jpg,/Volumes/Data/University/PPMGR/Blender_Mat_Generator_PPMGR/Projects/textures/GWC Rusty Iron Embossed_Base_Color.jpg,/Volumes/Data/University/PPMGR/Blender_Mat_Generator_PPMGR/Projects/textures
GWC SciFi  Leather Hide  001_basecolor.jpg,/Volumes/Data/University/PPMGR/Blender_Mat_Generator_PPMGR/Projects/textures/GWC SciFi  Leather Hide  001_basecolor.jpg,/Volumes/Data/University/PPMGR/Blender_Mat_Generator_PPMGR/Projects/textures
GWC Stylised Wood 001_BaseColor.jpg,/Volumes/Data/University/PPMGR/Blender_Mat_Generator_PPMGR/Projects/textures/GWC Stylised Wood 001_BaseColor.jpg,/Volumes/Data/University/PPMGR/Blender_Mat_Generator_PPMGR/Projects/textures
GWC Tree Bark  30 English Walnut_base_color.jpg,/Volumes/Data/University/PPMGR/Blender_Mat_Generator_PPMGR/Projects/textures/GWC Tree Bark  30 English Walnut_base_color.jpg,/Volumes/Data/University/PPMGR/Blender_Mat_Generator_PPMGR/Projects/textures
GWC Tree Bark 29 Common Horse Chestnut_base_color.jpg,/Volumes/Data/University/PPMGR/Blender_Mat_Generator_PPMGR/Projects/textures/GWC Tree Bark 29 Common Horse Chestnut_base_color.jpg,/Volumes/Data/University/PPMGR/Blender_Mat_Generator_PPMGR/Projects/textures
GWC Tree Bark 29 Common Horse Chestnut_base_color.jpg.png,/Volumes/Data/University/PPMGR/Blender_Mat_Generator_PPMGR/Projects/textures/GWC Tree Bark 29 Common Horse Chestnut_base_color.jpg.png,/Volumes/Data/University/PPMGR/Blender_Mat_Generator_PPMGR/Projects/textures
GWC Tree Bark 31 Common Witch Hazel_base_color.jpg,/Volumes/Data/University/PPMGR/Blender_Mat_Generator_PPMGR/Projects/textures/GWC Tree Bark 31 Common Witch Hazel_base_color.jpg,/Volumes/Data/University/PPMGR/Blender_Mat_Generator_PPMGR/Projects/textures
GWC Tree Bark 32 Red Pine_base_color.jpg,/Volumes/Data/University/PPMGR/Blender_Mat_Generator_PPMGR/Projects/textures/GWC Tree Bark 32 Red Pine_base_color.jpg,/Volumes/Data/University/PPMGR/Blender_Mat_Generator_PPMGR/Projects/textures
GWC Tree Bark 33 Mountain Dogwood_base_color.jpg,/Volumes/Data/University/PPMGR/Blender_Mat_Generator_PPMGR/Projects/textures/GWC Tree Bark 33 Mountain Dogwood_base_color.jpg,/Volumes/Data/University/PPMGR/Blender_Mat_Generator_PPMGR/Projects/textures
GWC Tree Bark 33 Mountain Dogwood_base_color.jpg.png,/Volumes/Data/University/PPMGR/Blender_Mat_Generator_PPMGR/Projects/textures/GWC Tree Bark 33 Mountain Dogwood_base_color.jpg.png,/Volumes/Data/University/PPMGR/Blender_Mat_Generator_PPMGR/Projects/textures
GWC Wood Panel 05_BaseColor.jpg,/Volumes/Data/University/PPMGR/Blender_Mat_Generator_PPMGR/Projects/textures/GWC Wood Panel 05_BaseColor.jpg,/Volumes/Data/University/PPMGR/Blender_Mat_Generator_PPMGR/Projects/textures
GWC Wooden Ammo Box_BaseColor.jpg,/Volumes/Data/University/PPMGR/Blender_Mat_Generator_PPMGR/Projects/textures/GWC Wooden Ammo Box_BaseColor.jpg,/Volumes/Data/University/PPMGR/Blender_Mat_Generator_PPMGR/Projects/textures
GWC_Aggregate_basecolor.jpg,/Volumes/Data/University/PPMGR/Blender_Mat_Generator_PPMGR/Projects/textures/GWC_Aggregate_basecolor.jpg,/Volumes/Data/University/PPMGR/Blender_Mat_Generator_PPMGR/Projects/textures
GWC_Button_Panel_Material_02_BaseColor.png,/Volumes/Data/University/PPMGR/Blender_Mat_Generator_PPMGR/Projects/textures/GWC_Button_Panel_Material_02_BaseColor.png,/Volumes/Data/University/PPMGR/Blender_Mat_Generator_PPMGR/Projects/textures
GWC_Button_Panel_Material_02_BaseColor.png.png,/Volumes/Data/University/PPMGR/Blender_Mat_Generator_PPMGR/Projects/textures/GWC_Button_Panel_Material_02_BaseColor.png.png,/Volumes/Data/University/PPMGR/Blender_Mat_Generator_PPMGR/Projects/textures
GWC_Canvas_Weave_01_BaseColor.jpg,/Volumes/Data/University/PPMGR/Blender_Mat_Generator_PPMGR/Projects/textures/GWC_Canvas_Weave_01_BaseColor.jpg,/Volumes/Data/University/PPMGR/Blender_Mat_Generator_PPMGR/Projects/textures
GWC_Concrete_IBlock_Wall_BaseColor.jpg,/Volumes/Data/University/PPMGR/Blender_Mat_Generator_PPMGR/Projects/textures/GWC_Concrete_IBlock_Wall_BaseColor.jpg,/Volumes/Data/University/PPMGR/Blender_Mat_Generator_PPMGR/Projects/textures
GWC_Concrete_Manhole_Cover_basecolor.jpg,/Volumes/Data/University/PPMGR/Blender_Mat_Generator_PPMGR/Projects/textures/GWC_Concrete_Manhole_Cover_basecolor.jpg,/Volumes/Data/University/PPMGR/Blender_Mat_Generator_PPMGR/Projects/textures
GWC_Control_panel_Mounted_02_BaseColor.jpg,/Volumes/Data/University/PPMGR/Blender_Mat_Generator_PPMGR/Projects/textures/GWC_Control_panel_Mounted_02_BaseColor.jpg,/Volumes/Data/University/PPMGR/Blender_Mat_Generator_PPMGR/Projects/textures
GWC_Control_panel_Mounted_02_BaseColor.jpg.png,/Volumes/Data/University/PPMGR/Blender_Mat_Generator_PPMGR/Projects/textures/GWC_Control_panel_Mounted_02_BaseColor.jpg.png,/Volumes/Data/University/PPMGR/Blender_Mat_Generator_PPMGR/Projects/textures
GWC_Decorative_Tiles_01_BaseColor.jpg,/Volumes/Data/University/PPMGR/Blender_Mat_Generator_PPMGR/Projects/textures/GWC_Decorative_Tiles_01_BaseColor.jpg,/Volumes/Data/University/PPMGR/Blender_Mat_Generator_PPMGR/Projects/textures
GWC_Hatched_Metal_plates_BaseColor.jpg,/Volumes/Data/University/PPMGR/Blender_Mat_Generator_PPMGR/Projects/textures/GWC_Hatched_Metal_plates_BaseColor.jpg,/Volumes/Data/University/PPMGR/Blender_Mat_Generator_PPMGR/Projects/textures
GWC_Iblock_Tiles_Flat_Aged_BaseColor.jpg,/Volumes/Data/University/PPMGR/Blender_Mat_Generator_PPMGR/Projects/textures/GWC_Iblock_Tiles_Flat_Aged_BaseColor.jpg,/Volumes/Data/University/PPMGR/Blender_Mat_Generator_PPMGR/Projects/textures
GWC_Lua Flame Woods _basecolor.jpg,/Volumes/Data/University/PPMGR/Blender_Mat_Generator_PPMGR/Projects/textures/GWC_Lua Flame Woods _basecolor.jpg,/Volumes/Data/University/PPMGR/Blender_Mat_Generator_PPMGR/Projects/textures
GWC_Plaited_Leather_One_Braid_02_BaseColor.jpg,/Volumes/Data/University/PPMGR/Blender_Mat_Generator_PPMGR/Projects/textures/GWC_Plaited_Leather_One_Braid_02_BaseColor.jpg,/Volumes/Data/University/PPMGR/Blender_Mat_Generator_PPMGR/Projects/textures
GWC_Plaited_Leather_One_and_Half_Braid_01_BaseColor.jpg,/Volumes/Data/University/PPMGR/Blender_Mat_Generator_PPMGR/Projects/textures/GWC_Plaited_Leather_One_and_Half_Braid_01_BaseColor.jpg,/Volumes/Data/University/PPMGR/Blender_Mat_Generator_PPMGR/Projects/textures
GWC_Plaster_03_basecolor.jpg,/Volumes/Data/University/PPMGR/Blender_Mat_Generator_PPMGR/Projects/textures/GWC_Plaster_03_basecolor.jpg,/Volumes/Data/University/PPMGR/Blender_Mat_Generator_PPMGR/Projects/textures
GWC_Safety_Concrete_Non_Slip_Painted_BaseColor.jpg,/Volumes/Data/University/PPMGR/Blender_Mat_Generator_PPMGR/Projects/textures/GWC_Safety_Concrete_Non_Slip_Painted_BaseColor.jpg,/Volumes/Data/University/PPMGR/Blender_Mat_Generator_PPMGR/Projects/textures
GWC_SciFi_Panelling_04_basecolor.png,/Volumes/Data/University/PPMGR/Blender_Mat_Generator_PPMGR/Projects/textures/GWC_SciFi_Panelling_04_basecolor.png,/Volumes/Data/University/PPMGR/Blender_Mat_Generator_PPMGR/Projects/textures
GWC_SciFi_Panelling_05_BaseColor.jpg,/Volumes/Data/University/PPMGR/Blender_Mat_Generator_PPMGR/Projects/textures/GWC_SciFi_Panelling_05_BaseColor.jpg,/Volumes/Data/University/PPMGR/Blender_Mat_Generator_PPMGR/Projects/textures
GWC_SciFi_Panelling_05_BaseColor.jpg.001.png,/Volumes/Data/University/PPMGR/Blender_Mat_Generator_PPMGR/Projects/textures/GWC_SciFi_Panelling_05_BaseColor.jpg.001.png,/Volumes/Data/University/PPMGR/Blender_Mat_Generator_PPMGR/Projects/textures
GWC_Sign_Penny Lane_basecolor.jpg,/Volumes/Data/University/PPMGR/Blender_Mat_Generator_PPMGR/Projects/textures/GWC_Sign_Penny Lane_basecolor.jpg,/Volumes/Data/University/PPMGR/Blender_Mat_Generator_PPMGR/Projects/textures
GWC_StPk_Panel04_V01_basecolor.jpg,/Volumes/Data/University/PPMGR/Blender_Mat_Generator_PPMGR/Projects/textures/GWC_StPk_Panel04_V01_basecolor.jpg,/Volumes/Data/University/PPMGR/Blender_Mat_Generator_PPMGR/Projects/textures
GWC_StPk_Panel04_V01_basecolor.jpg.png,/Volumes/Data/University/PPMGR/Blender_Mat_Generator_PPMGR/Projects/textures/GWC_StPk_Panel04_V01_basecolor.jpg.png,/Volumes/Data/University/PPMGR/Blender_Mat_Generator_PPMGR/Projects/textures
GWC_StPk_Panel04_V02_basecolor.jpg,/Volumes/Data/University/PPMGR/Blender_Mat_Generator_PPMGR/Projects/textures/GWC_StPk_Panel04_V02_basecolor.jpg,/Volumes/Data/University/PPMGR/Blender_Mat_Generator_PPMGR/Projects/textures
GWC_StPk_Panel04_V02_basecolor.jpg.png,/Volumes/Data/University/PPMGR/Blender_Mat_Generator_PPMGR/Projects/textures/GWC_StPk_Panel04_V02_basecolor.jpg.png,/Volumes/Data/University/PPMGR/Blender_Mat_Generator_PPMGR/Projects/textures
GWC_Wall_Panels_04_basecolor.jpg,/Volumes/Data/University/PPMGR/Blender_Mat_Generator_PPMGR/Projects/textures/GWC_Wall_Panels_04_basecolor.jpg,/Volumes/Data/University/PPMGR/Blender_Mat_Generator_PPMGR/Projects/textures
GWC_Wicker_Plaited_Wood_Dark_Double_Braid_01_BaseColor.jpg,/Volumes/Data/University/PPMGR/Blender_Mat_Generator_PPMGR/Projects/textures/GWC_Wicker_Plaited_Wood_Dark_Double_Braid_01_BaseColor.jpg,/Volumes/Data/University/PPMGR/Blender_Mat_Generator_PPMGR/Projects/textures
GWC_Wicker_Plaited_Wood_Ebony_Single_Open_Weave_BaseColor.jpg,/Volumes/Data/University/PPMGR/Blender_Mat_Generator_PPMGR/Projects/textures/GWC_Wicker_Plaited_Wood_Ebony_Single_Open_Weave_BaseColor.jpg,/Volumes/Data/University/PPMGR/Blender_Mat_Generator_PPMGR/Projects/textures
GWC_Wicker_Plaited_Wood_Light_Double_Braid_BaseColor.jpg,/Volumes/Data/University/PPMGR/Blender_Mat_Generator_PPMGR/Projects/textures/GWC_Wicker_Plaited_Wood_Light_Double_Braid_BaseColor.jpg,/Volumes/Data/University/PPMGR/Blender_Mat_Generator_PPMGR/Projects/textures
GWC_Wicker_Plaited_Wood_Light_Tripple_Braid_01_BaseColor.jpg,/Volumes/Data/University/PPMGR/Blender_Mat_Generator_PPMGR/Projects/textures/GWC_Wicker_Plaited_Wood_Light_Tripple_Braid_01_BaseColor.jpg,/Volumes/Data/University/PPMGR/Blender_Mat_Generator_PPMGR/Projects/textures
GWC_plastic_Material_01_BaseColor.jpg,/Volumes/Data/University/PPMGR/Blender_Mat_Generator_PPMGR/Projects/textures/GWC_plastic_Material_01_BaseColor.jpg,/Volumes/Data/University/PPMGR/Blender_Mat_Generator_PPMGR/Projects/textures
GenericFloor_diffuseOriginal.jpg,/Volumes/Data/University/PPMGR/Blender_Mat_Generator_PPMGR/Projects/textures/GenericFloor_diffuseOriginal.jpg,/Volumes/Data/University/PPMGR/Blender_Mat_Generator_PPMGR/Projects/textures
Geometertic_shape_wallpaper_Base_Color.jpg,/Volumes/Data/University/PPMGR/Blender_Mat_Generator_PPMGR/Projects/textures/Geometertic_shape_wallpaper_Base_Color.jpg,/Volumes/Data/University/PPMGR/Blender_Mat_Generator_PPMGR/Projects/textures
Geometertic_shape_wallpaper_black_Base_Color.jpg,/Volumes/Data/University/PPMGR/Blender_Mat_Generator_PPMGR/Projects/textures/Geometertic_shape_wallpaper_black_Base_Color.jpg,/Volumes/Data/University/PPMGR/Blender_Mat_Generator_PPMGR/Projects/textures
Geometertic_shape_wallpaper_green_Base_Color.jpg,/Volumes/Data/University/PPMGR/Blender_Mat_Generator_PPMGR/Projects/textures/Geometertic_shape_wallpaper_green_Base_Color.jpg,/Volumes/Data/University/PPMGR/Blender_Mat_Generator_PPMGR/Projects/textures
Geometric_black_Marble_Base_Color.jpg,/Volumes/Data/University/PPMGR/Blender_Mat_Generator_PPMGR/Projects/textures/Geometric_black_Marble_Base_Color.jpg,/Volumes/Data/University/PPMGR/Blender_Mat_Generator_PPMGR/Projects/textures
Giraffe_skin_Fur_Base_Color.jpg,/Volumes/Data/University/PPMGR/Blender_Mat_Generator_PPMGR/Projects/textures/Giraffe_skin_Fur_Base_Color.jpg,/Volumes/Data/University/PPMGR/Blender_Mat_Generator_PPMGR/Projects/textures
Giraffe_skin_Fur_checker_Base_Color.jpg,/Volumes/Data/University/PPMGR/Blender_Mat_Generator_PPMGR/Projects/textures/Giraffe_skin_Fur_checker_Base_Color.jpg,/Volumes/Data/University/PPMGR/Blender_Mat_Generator_PPMGR/Projects/textures
Glossy_brown_terractotta_tiles_Base_Color.jpg,/Volumes/Data/University/PPMGR/Blender_Mat_Generator_PPMGR/Projects/textures/Glossy_brown_terractotta_tiles_Base_Color.jpg,/Volumes/Data/University/PPMGR/Blender_Mat_Generator_PPMGR/Projects/textures
Glossy_red_terazzo_tiles_Base_Color.jpg,/Volumes/Data/University/PPMGR/Blender_Mat_Generator_PPMGR/Projects/textures/Glossy_red_terazzo_tiles_Base_Color.jpg,/Volumes/Data/University/PPMGR/Blender_Mat_Generator_PPMGR/Projects/textures
Gold rock_BaseColor.jpg,/Volumes/Data/University/PPMGR/Blender_Mat_Generator_PPMGR/Projects/textures/Gold rock_BaseColor.jpg,/Volumes/Data/University/PPMGR/Blender_Mat_Generator_PPMGR/Projects/textures
GoldGlitter_Diffuse.jpg,/Volumes/Data/University/PPMGR/Blender_Mat_Generator_PPMGR/Projects/textures/GoldGlitter_Diffuse.jpg,/Volumes/Data/University/PPMGR/Blender_Mat_Generator_PPMGR/Projects/textures
Gold_Antislip_Base_Color.jpg,/Volumes/Data/University/PPMGR/Blender_Mat_Generator_PPMGR/Projects/textures/Gold_Antislip_Base_Color.jpg,/Volumes/Data/University/PPMGR/Blender_Mat_Generator_PPMGR/Projects/textures
Gold_Circular_chainmail_Base_Color.jpg,/Volumes/Data/University/PPMGR/Blender_Mat_Generator_PPMGR/Projects/textures/Gold_Circular_chainmail_Base_Color.jpg,/Volumes/Data/University/PPMGR/Blender_Mat_Generator_PPMGR/Projects/textures
Gold_Metal_Tread_Plate_Base_Color.jpg,/Volumes/Data/University/PPMGR/Blender_Mat_Generator_PPMGR/Projects/textures/Gold_Metal_Tread_Plate_Base_Color.jpg,/Volumes/Data/University/PPMGR/Blender_Mat_Generator_PPMGR/Projects/textures
Gold_basecolor.jpg,/Volumes/Data/University/PPMGR/Blender_Mat_Generator_PPMGR/Projects/textures/Gold_basecolor.jpg,/Volumes/Data/University/PPMGR/Blender_Mat_Generator_PPMGR/Projects/textures
Golden Yellow_old_Base Color.jpeg,/Volumes/Data/University/PPMGR/Blender_Mat_Generator_PPMGR/Projects/textures/Golden Yellow_old_Base Color.jpeg,/Volumes/Data/University/PPMGR/Blender_Mat_Generator_PPMGR/Projects/textures
Grade_Pattern_basecolor.jpg,/Volumes/Data/University/PPMGR/Blender_Mat_Generator_PPMGR/Projects/textures/Grade_Pattern_basecolor.jpg,/Volumes/Data/University/PPMGR/Blender_Mat_Generator_PPMGR/Projects/textures
Granite Rock 2_BaseColor.jpg,/Volumes/Data/University/PPMGR/Blender_Mat_Generator_PPMGR/Projects/textures/Granite Rock 2_BaseColor.jpg,/Volumes/Data/University/PPMGR/Blender_Mat_Generator_PPMGR/Projects/textures
Granite Rock_BaseColor.jpg,/Volumes/Data/University/PPMGR/Blender_Mat_Generator_PPMGR/Projects/textures/Granite Rock_BaseColor.jpg,/Volumes/Data/University/PPMGR/Blender_Mat_Generator_PPMGR/Projects/textures
Granite tiles 1_BaseColor.jpg,/Volumes/Data/University/PPMGR/Blender_Mat_Generator_PPMGR/Projects/textures/Granite tiles 1_BaseColor.jpg,/Volumes/Data/University/PPMGR/Blender_Mat_Generator_PPMGR/Projects/textures
Granite tiles_BaseColor.jpg,/Volumes/Data/University/PPMGR/Blender_Mat_Generator_PPMGR/Projects/textures/Granite tiles_BaseColor.jpg,/Volumes/Data/University/PPMGR/Blender_Mat_Generator_PPMGR/Projects/textures
Granite_BaseColor.jpg,/Volumes/Data/University/PPMGR/Blender_Mat_Generator_PPMGR/Projects/textures/Granite_BaseColor.jpg,/Volumes/Data/University/PPMGR/Blender_Mat_Generator_PPMGR/Projects/textures
Granite_Brown_basecolor.jpg,/Volumes/Data/University/PPMGR/Blender_Mat_Generator_PPMGR/Projects/textures/Granite_Brown_basecolor.jpg,/Volumes/Data/University/PPMGR/Blender_Mat_Generator_PPMGR/Projects/textures
Granite_Diffuse.jpg,/Volumes/Data/University/PPMGR/Blender_Mat_Generator_PPMGR/Projects/textures/Granite_Diffuse.jpg,/Volumes/Data/University/PPMGR/Blender_Mat_Generator_PPMGR/Projects/textures
Grape Cloth Fabric_BaseColor.jpg,/Volumes/Data/University/PPMGR/Blender_Mat_Generator_PPMGR/Projects/textures/Grape Cloth Fabric_BaseColor.jpg,/Volumes/Data/University/PPMGR/Blender_Mat_Generator_PPMGR/Projects/textures
Grass 1_BaseColor.jpg,/Volumes/Data/University/PPMGR/Blender_Mat_Generator_PPMGR/Projects/textures/Grass 1_BaseColor.jpg,/Volumes/Data/University/PPMGR/Blender_Mat_Generator_PPMGR/Projects/textures
Grass04_diffuseOriginal.jpg,/Volumes/Data/University/PPMGR/Blender_Mat_Generator_PPMGR/Projects/textures/Grass04_diffuseOriginal.jpg,/Volumes/Data/University/PPMGR/Blender_Mat_Generator_PPMGR/Projects/textures
Grass1_baseColor.jpg,/Volumes/Data/University/PPMGR/Blender_Mat_Generator_PPMGR/Projects/textures/Grass1_baseColor.jpg,/Volumes/Data/University/PPMGR/Blender_Mat_Generator_PPMGR/Projects/textures
Grass1_normal.jpg,/Volumes/Data/University/PPMGR/Blender_Mat_Generator_PPMGR/Projects/textures/Grass1_normal.jpg,/Volumes/Data/University/PPMGR/Blender_Mat_Generator_PPMGR/Projects/textures
Grass_010_baseColor.jpg,/Volumes/Data/University/PPMGR/Blender_Mat_Generator_PPMGR/Projects/textures/Grass_010_baseColor.jpg,/Volumes/Data/University/PPMGR/Blender_Mat_Generator_PPMGR/Projects/textures
Grass_011_baseColor.jpg,/Volumes/Data/University/PPMGR/Blender_Mat_Generator_PPMGR/Projects/textures/Grass_011_baseColor.jpg,/Volumes/Data/University/PPMGR/Blender_Mat_Generator_PPMGR/Projects/textures
Grass_012_baseColor.jpg,/Volumes/Data/University/PPMGR/Blender_Mat_Generator_PPMGR/Projects/textures/Grass_012_baseColor.jpg,/Volumes/Data/University/PPMGR/Blender_Mat_Generator_PPMGR/Projects/textures
Grass_012_normal.jpg,/Volumes/Data/University/PPMGR/Blender_Mat_Generator_PPMGR/Projects/textures/Grass_012_normal.jpg,/Volumes/Data/University/PPMGR/Blender_Mat_Generator_PPMGR/Projects/textures
Grass_013_baseColor.jpg,/Volumes/Data/University/PPMGR/Blender_Mat_Generator_PPMGR/Projects/textures/Grass_013_baseColor.jpg,/Volumes/Data/University/PPMGR/Blender_Mat_Generator_PPMGR/Projects/textures
Grass_09_baseColor.jpg,/Volumes/Data/University/PPMGR/Blender_Mat_Generator_PPMGR/Projects/textures/Grass_09_baseColor.jpg,/Volumes/Data/University/PPMGR/Blender_Mat_Generator_PPMGR/Projects/textures
Grass_Base_Color.jpg,/Volumes/Data/University/PPMGR/Blender_Mat_Generator_PPMGR/Projects/textures/Grass_Base_Color.jpg,/Volumes/Data/University/PPMGR/Blender_Mat_Generator_PPMGR/Projects/textures
Grass_Bricks_baseColor.jpg,/Volumes/Data/University/PPMGR/Blender_Mat_Generator_PPMGR/Projects/textures/Grass_Bricks_baseColor.jpg,/Volumes/Data/University/PPMGR/Blender_Mat_Generator_PPMGR/Projects/textures
Grass_Clover_baseColor.jpg,/Volumes/Data/University/PPMGR/Blender_Mat_Generator_PPMGR/Projects/textures/Grass_Clover_baseColor.jpg,/Volumes/Data/University/PPMGR/Blender_Mat_Generator_PPMGR/Projects/textures
Grass_Clover_normal.jpg,/Volumes/Data/University/PPMGR/Blender_Mat_Generator_PPMGR/Projects/textures/Grass_Clover_normal.jpg,/Volumes/Data/University/PPMGR/Blender_Mat_Generator_PPMGR/Projects/textures
Grass_Icy_2_baseColor2.jpg,/Volumes/Data/University/PPMGR/Blender_Mat_Generator_PPMGR/Projects/textures/Grass_Icy_2_baseColor2.jpg,/Volumes/Data/University/PPMGR/Blender_Mat_Generator_PPMGR/Projects/textures
Grass_Icy_baseColor2.jpg,/Volumes/Data/University/PPMGR/Blender_Mat_Generator_PPMGR/Projects/textures/Grass_Icy_baseColor2.jpg,/Volumes/Data/University/PPMGR/Blender_Mat_Generator_PPMGR/Projects/textures
Grass_Small_Leaves_baseColor.jpg,/Volumes/Data/University/PPMGR/Blender_Mat_Generator_PPMGR/Projects/textures/Grass_Small_Leaves_baseColor.jpg,/Volumes/Data/University/PPMGR/Blender_Mat_Generator_PPMGR/Projects/textures
Grass_With_Clovers_baseColor.jpg,/Volumes/Data/University/PPMGR/Blender_Mat_Generator_PPMGR/Projects/textures/Grass_With_Clovers_baseColor.jpg,/Volumes/Data/University/PPMGR/Blender_Mat_Generator_PPMGR/Projects/textures
Grass_With_Dirt2_baseColor.jpg,/Volumes/Data/University/PPMGR/Blender_Mat_Generator_PPMGR/Projects/textures/Grass_With_Dirt2_baseColor.jpg,/Volumes/Data/University/PPMGR/Blender_Mat_Generator_PPMGR/Projects/textures
Grass_With_Dirt_baseColor.jpg,/Volumes/Data/University/PPMGR/Blender_Mat_Generator_PPMGR/Projects/textures/Grass_With_Dirt_baseColor.jpg,/Volumes/Data/University/PPMGR/Blender_Mat_Generator_PPMGR/Projects/textures
Grass_basecolor.jpg,/Volumes/Data/University/PPMGR/Blender_Mat_Generator_PPMGR/Projects/textures/Grass_basecolor.jpg,/Volumes/Data/University/PPMGR/Blender_Mat_Generator_PPMGR/Projects/textures
Grass_diffuseOriginal.jpg,/Volumes/Data/University/PPMGR/Blender_Mat_Generator_PPMGR/Projects/textures/Grass_diffuseOriginal.jpg,/Volumes/Data/University/PPMGR/Blender_Mat_Generator_PPMGR/Projects/textures
Grass_stilized_basecolor.jpg,/Volumes/Data/University/PPMGR/Blender_Mat_Generator_PPMGR/Projects/textures/Grass_stilized_basecolor.jpg,/Volumes/Data/University/PPMGR/Blender_Mat_Generator_PPMGR/Projects/textures
GrassyRocks01_BaseColor.jpg,/Volumes/Data/University/PPMGR/Blender_Mat_Generator_PPMGR/Projects/textures/GrassyRocks01_BaseColor.jpg,/Volumes/Data/University/PPMGR/Blender_Mat_Generator_PPMGR/Projects/textures
GrassyRocks02_BaseColor.jpg,/Volumes/Data/University/PPMGR/Blender_Mat_Generator_PPMGR/Projects/textures/GrassyRocks02_BaseColor.jpg,/Volumes/Data/University/PPMGR/Blender_Mat_Generator_PPMGR/Projects/textures
Gravel023_4K_Color.jpg,/Volumes/Data/University/PPMGR/Blender_Mat_Generator_PPMGR/Projects/textures/Gravel023_4K_Color.jpg,/Volumes/Data/University/PPMGR/Blender_Mat_Generator_PPMGR/Projects/textures
Gravel_01_BaseColor.jpg,/Volumes/Data/University/PPMGR/Blender_Mat_Generator_PPMGR/Projects/textures/Gravel_01_BaseColor.jpg,/Volumes/Data/University/PPMGR/Blender_Mat_Generator_PPMGR/Projects/textures
Gravel_Albedo.jpg,/Volumes/Data/University/PPMGR/Blender_Mat_Generator_PPMGR/Projects/textures/Gravel_Albedo.jpg,/Volumes/Data/University/PPMGR/Blender_Mat_Generator_PPMGR/Projects/textures
Gravel_Path_01_BaseColor.jpg,/Volumes/Data/University/PPMGR/Blender_Mat_Generator_PPMGR/Projects/textures/Gravel_Path_01_BaseColor.jpg,/Volumes/Data/University/PPMGR/Blender_Mat_Generator_PPMGR/Projects/textures
Gravel_path_Diffuse_4k.jpg,/Volumes/Data/University/PPMGR/Blender_Mat_Generator_PPMGR/Projects/textures/Gravel_path_Diffuse_4k.jpg,/Volumes/Data/University/PPMGR/Blender_Mat_Generator_PPMGR/Projects/textures
Gravel_tiles_Base_Color.jpg,/Volumes/Data/University/PPMGR/Blender_Mat_Generator_PPMGR/Projects/textures/Gravel_tiles_Base_Color.jpg,/Volumes/Data/University/PPMGR/Blender_Mat_Generator_PPMGR/Projects/textures
Gravelly_Mud_01_BaseColor.jpg,/Volumes/Data/University/PPMGR/Blender_Mat_Generator_PPMGR/Projects/textures/Gravelly_Mud_01_BaseColor.jpg,/Volumes/Data/University/PPMGR/Blender_Mat_Generator_PPMGR/Projects/textures
Gravelly_Riverine_Ground_01_BaseColor.jpg,/Volumes/Data/University/PPMGR/Blender_Mat_Generator_PPMGR/Projects/textures/Gravelly_Riverine_Ground_01_BaseColor.jpg,/Volumes/Data/University/PPMGR/Blender_Mat_Generator_PPMGR/Projects/textures
Gray_Marble_basecolor.jpg,/Volumes/Data/University/PPMGR/Blender_Mat_Generator_PPMGR/Projects/textures/Gray_Marble_basecolor.jpg,/Volumes/Data/University/PPMGR/Blender_Mat_Generator_PPMGR/Projects/textures
Greasy_Wood_Base_Color.jpg,/Volumes/Data/University/PPMGR/Blender_Mat_Generator_PPMGR/Projects/textures/Greasy_Wood_Base_Color.jpg,/Volumes/Data/University/PPMGR/Blender_Mat_Generator_PPMGR/Projects/textures
Green Fab_diffuse.jpg,/Volumes/Data/University/PPMGR/Blender_Mat_Generator_PPMGR/Projects/textures/Green Fab_diffuse.jpg,/Volumes/Data/University/PPMGR/Blender_Mat_Generator_PPMGR/Projects/textures
Green Leaves 01_BaseColor.png,/Volumes/Data/University/PPMGR/Blender_Mat_Generator_PPMGR/Projects/textures/Green Leaves 01_BaseColor.png,/Volumes/Data/University/PPMGR/Blender_Mat_Generator_PPMGR/Projects/textures
GreenErodeRock-basecolor.jpg,/Volumes/Data/University/PPMGR/Blender_Mat_Generator_PPMGR/Projects/textures/GreenErodeRock-basecolor.jpg,/Volumes/Data/University/PPMGR/Blender_Mat_Generator_PPMGR/Projects/textures
GreenGlitter_Diffuse.jpg,/Volumes/Data/University/PPMGR/Blender_Mat_Generator_PPMGR/Projects/textures/GreenGlitter_Diffuse.jpg,/Volumes/Data/University/PPMGR/Blender_Mat_Generator_PPMGR/Projects/textures
Green_Fan_Shapped_terracotta_Tile_Base_Color.jpg,/Volumes/Data/University/PPMGR/Blender_Mat_Generator_PPMGR/Projects/textures/Green_Fan_Shapped_terracotta_Tile_Base_Color.jpg,/Volumes/Data/University/PPMGR/Blender_Mat_Generator_PPMGR/Projects/textures
Green_Leather_Diffuse_01.jpg,/Volumes/Data/University/PPMGR/Blender_Mat_Generator_PPMGR/Projects/textures/Green_Leather_Diffuse_01.jpg,/Volumes/Data/University/PPMGR/Blender_Mat_Generator_PPMGR/Projects/textures
Green_Retro_Asian_Floor_Base_Color.jpg,/Volumes/Data/University/PPMGR/Blender_Mat_Generator_PPMGR/Projects/textures/Green_Retro_Asian_Floor_Base_Color.jpg,/Volumes/Data/University/PPMGR/Blender_Mat_Generator_PPMGR/Projects/textures
Green_Tweed_01-diffuse.jpg,/Volumes/Data/University/PPMGR/Blender_Mat_Generator_PPMGR/Projects/textures/Green_Tweed_01-diffuse.jpg,/Volumes/Data/University/PPMGR/Blender_Mat_Generator_PPMGR/Projects/textures
Green_Tweed_01-normal.jpg,/Volumes/Data/University/PPMGR/Blender_Mat_Generator_PPMGR/Projects/textures/Green_Tweed_01-normal.jpg,/Volumes/Data/University/PPMGR/Blender_Mat_Generator_PPMGR/Projects/textures
Green__Zigzag_Flower_Tiles_Base_Color.jpg,/Volumes/Data/University/PPMGR/Blender_Mat_Generator_PPMGR/Projects/textures/Green__Zigzag_Flower_Tiles_Base_Color.jpg,/Volumes/Data/University/PPMGR/Blender_Mat_Generator_PPMGR/Projects/textures
Green_dark_Crystal_Base_Color.jpg,/Volumes/Data/University/PPMGR/Blender_Mat_Generator_PPMGR/Projects/textures/Green_dark_Crystal_Base_Color.jpg,/Volumes/Data/University/PPMGR/Blender_Mat_Generator_PPMGR/Projects/textures
Green_terrazzo_tiles_Base_Color.jpg,/Volumes/Data/University/PPMGR/Blender_Mat_Generator_PPMGR/Projects/textures/Green_terrazzo_tiles_Base_Color.jpg,/Volumes/Data/University/PPMGR/Blender_Mat_Generator_PPMGR/Projects/textures
Greenish_Vertically_stacked_terracotta_tiles_Base_Color.jpg,/Volumes/Data/University/PPMGR/Blender_Mat_Generator_PPMGR/Projects/textures/Greenish_Vertically_stacked_terracotta_tiles_Base_Color.jpg,/Volumes/Data/University/PPMGR/Blender_Mat_Generator_PPMGR/Projects/textures
Grey Granite Marble-diffuse.jpg,/Volumes/Data/University/PPMGR/Blender_Mat_Generator_PPMGR/Projects/textures/Grey Granite Marble-diffuse.jpg,/Volumes/Data/University/PPMGR/Blender_Mat_Generator_PPMGR/Projects/textures
Grey Plaster_1_diffuseOriginal.jpg,/Volumes/Data/University/PPMGR/Blender_Mat_Generator_PPMGR/Projects/textures/Grey Plaster_1_diffuseOriginal.jpg,/Volumes/Data/University/PPMGR/Blender_Mat_Generator_PPMGR/Projects/textures
Grey Plastic Siding_1_diffuseOriginal.jpg,/Volumes/Data/University/PPMGR/Blender_Mat_Generator_PPMGR/Projects/textures/Grey Plastic Siding_1_diffuseOriginal.jpg,/Volumes/Data/University/PPMGR/Blender_Mat_Generator_PPMGR/Projects/textures
Grey_Marble_basecolor.jpg,/Volumes/Data/University/PPMGR/Blender_Mat_Generator_PPMGR/Projects/textures/Grey_Marble_basecolor.jpg,/Volumes/Data/University/PPMGR/Blender_Mat_Generator_PPMGR/Projects/textures
Grilled_Steak_Base_Color.jpg,/Volumes/Data/University/PPMGR/Blender_Mat_Generator_PPMGR/Projects/textures/Grilled_Steak_Base_Color.jpg,/Volumes/Data/University/PPMGR/Blender_Mat_Generator_PPMGR/Projects/textures
Gritty_Concrete_Wall_Base_Color.jpg,/Volumes/Data/University/PPMGR/Blender_Mat_Generator_PPMGR/Projects/textures/Gritty_Concrete_Wall_Base_Color.jpg,/Volumes/Data/University/PPMGR/Blender_Mat_Generator_PPMGR/Projects/textures
Ground 4_4K_Color.jpg,/Volumes/Data/University/PPMGR/Blender_Mat_Generator_PPMGR/Projects/textures/Ground 4_4K_Color.jpg,/Volumes/Data/University/PPMGR/Blender_Mat_Generator_PPMGR/Projects/textures
Ground Dirt Mud_BaseColor.jpg,/Volumes/Data/University/PPMGR/Blender_Mat_Generator_PPMGR/Projects/textures/Ground Dirt Mud_BaseColor.jpg,/Volumes/Data/University/PPMGR/Blender_Mat_Generator_PPMGR/Projects/textures
Ground Scan_BaseColor.jpg,/Volumes/Data/University/PPMGR/Blender_Mat_Generator_PPMGR/Projects/textures/Ground Scan_BaseColor.jpg,/Volumes/Data/University/PPMGR/Blender_Mat_Generator_PPMGR/Projects/textures
Ground with puddles_basecolor.png,/Volumes/Data/University/PPMGR/Blender_Mat_Generator_PPMGR/Projects/textures/Ground with puddles_basecolor.png,/Volumes/Data/University/PPMGR/Blender_Mat_Generator_PPMGR/Projects/textures
Ground062L_4K_Color.jpg,/Volumes/Data/University/PPMGR/Blender_Mat_Generator_PPMGR/Projects/textures/Ground062L_4K_Color.jpg,/Volumes/Data/University/PPMGR/Blender_Mat_Generator_PPMGR/Projects/textures
GroundWithSmallRocks_basecolor.png,/Volumes/Data/University/PPMGR/Blender_Mat_Generator_PPMGR/Projects/textures/GroundWithSmallRocks_basecolor.png,/Volumes/Data/University/PPMGR/Blender_Mat_Generator_PPMGR/Projects/textures
Ground_Albedo.jpg,/Volumes/Data/University/PPMGR/Blender_Mat_Generator_PPMGR/Projects/textures/Ground_Albedo.jpg,/Volumes/Data/University/PPMGR/Blender_Mat_Generator_PPMGR/Projects/textures
Ground_Style_Base_color.jpg,/Volumes/Data/University/PPMGR/Blender_Mat_Generator_PPMGR/Projects/textures/Ground_Style_Base_color.jpg,/Volumes/Data/University/PPMGR/Blender_Mat_Generator_PPMGR/Projects/textures
Grunge_Wall_basecolor.jpg,/Volumes/Data/University/PPMGR/Blender_Mat_Generator_PPMGR/Projects/textures/Grunge_Wall_basecolor.jpg,/Volumes/Data/University/PPMGR/Blender_Mat_Generator_PPMGR/Projects/textures
HEX GREEN -basecolor.jpg,/Volumes/Data/University/PPMGR/Blender_Mat_Generator_PPMGR/Projects/textures/HEX GREEN -basecolor.jpg,/Volumes/Data/University/PPMGR/Blender_Mat_Generator_PPMGR/Projects/textures
Hedge1_baseColor.png,/Volumes/Data/University/PPMGR/Blender_Mat_Generator_PPMGR/Projects/textures/Hedge1_baseColor.png,/Volumes/Data/University/PPMGR/Blender_Mat_Generator_PPMGR/Projects/textures
Hedge1_detailNormal.jpg,/Volumes/Data/University/PPMGR/Blender_Mat_Generator_PPMGR/Projects/textures/Hedge1_detailNormal.jpg,/Volumes/Data/University/PPMGR/Blender_Mat_Generator_PPMGR/Projects/textures
Hedge1_normal.jpg,/Volumes/Data/University/PPMGR/Blender_Mat_Generator_PPMGR/Projects/textures/Hedge1_normal.jpg,/Volumes/Data/University/PPMGR/Blender_Mat_Generator_PPMGR/Projects/textures
Hemp_fabric_Base_Color.jpg,/Volumes/Data/University/PPMGR/Blender_Mat_Generator_PPMGR/Projects/textures/Hemp_fabric_Base_Color.jpg,/Volumes/Data/University/PPMGR/Blender_Mat_Generator_PPMGR/Projects/textures
Herringbone_Parquet_Wooden_Base_Color.jpg,/Volumes/Data/University/PPMGR/Blender_Mat_Generator_PPMGR/Projects/textures/Herringbone_Parquet_Wooden_Base_Color.jpg,/Volumes/Data/University/PPMGR/Blender_Mat_Generator_PPMGR/Projects/textures
Hexa_Black_excessive_Tiles_Base_Color.jpg,/Volumes/Data/University/PPMGR/Blender_Mat_Generator_PPMGR/Projects/textures/Hexa_Black_excessive_Tiles_Base_Color.jpg,/Volumes/Data/University/PPMGR/Blender_Mat_Generator_PPMGR/Projects/textures
Hexa_Teal_procelain_Base_Color.jpg,/Volumes/Data/University/PPMGR/Blender_Mat_Generator_PPMGR/Projects/textures/Hexa_Teal_procelain_Base_Color.jpg,/Volumes/Data/University/PPMGR/Blender_Mat_Generator_PPMGR/Projects/textures
Hexa_Teal_procelain_bulge_Base_Color.jpg,/Volumes/Data/University/PPMGR/Blender_Mat_Generator_PPMGR/Projects/textures/Hexa_Teal_procelain_bulge_Base_Color.jpg,/Volumes/Data/University/PPMGR/Blender_Mat_Generator_PPMGR/Projects/textures
Hexa_White_excessive_Tiles_Base_Color.jpg,/Volumes/Data/University/PPMGR/Blender_Mat_Generator_PPMGR/Projects/textures/Hexa_White_excessive_Tiles_Base_Color.jpg,/Volumes/Data/University/PPMGR/Blender_Mat_Generator_PPMGR/Projects/textures
Hexa_Wood_Tile_Base_Color.jpg,/Volumes/Data/University/PPMGR/Blender_Mat_Generator_PPMGR/Projects/textures/Hexa_Wood_Tile_Base_Color.jpg,/Volumes/Data/University/PPMGR/Blender_Mat_Generator_PPMGR/Projects/textures
Hexa_Wood_Tile_White_Base_Color.jpg,/Volumes/Data/University/PPMGR/Blender_Mat_Generator_PPMGR/Projects/textures/Hexa_Wood_Tile_White_Base_Color.jpg,/Volumes/Data/University/PPMGR/Blender_Mat_Generator_PPMGR/Projects/textures
Hexa_Wood_Tile_dark_Base_Color.jpg,/Volumes/Data/University/PPMGR/Blender_Mat_Generator_PPMGR/Projects/textures/Hexa_Wood_Tile_dark_Base_Color.jpg,/Volumes/Data/University/PPMGR/Blender_Mat_Generator_PPMGR/Projects/textures
Hexaginal_white_and_black_tiles_Base_Color.jpg,/Volumes/Data/University/PPMGR/Blender_Mat_Generator_PPMGR/Projects/textures/Hexaginal_white_and_black_tiles_Base_Color.jpg,/Volumes/Data/University/PPMGR/Blender_Mat_Generator_PPMGR/Projects/textures
HexagonMarble_Diffuse.jpg,/Volumes/Data/University/PPMGR/Blender_Mat_Generator_PPMGR/Projects/textures/HexagonMarble_Diffuse.jpg,/Volumes/Data/University/PPMGR/Blender_Mat_Generator_PPMGR/Projects/textures
Hexagon_Floor_Base_color.jpg,/Volumes/Data/University/PPMGR/Blender_Mat_Generator_PPMGR/Projects/textures/Hexagon_Floor_Base_color.jpg,/Volumes/Data/University/PPMGR/Blender_Mat_Generator_PPMGR/Projects/textures
Hexagon_Tile_Pattern_01_basecolor.jpg,/Volumes/Data/University/PPMGR/Blender_Mat_Generator_PPMGR/Projects/textures/Hexagon_Tile_Pattern_01_basecolor.jpg,/Volumes/Data/University/PPMGR/Blender_Mat_Generator_PPMGR/Projects/textures
Hexagonal_Black_perforated_Base_Color.jpg,/Volumes/Data/University/PPMGR/Blender_Mat_Generator_PPMGR/Projects/textures/Hexagonal_Black_perforated_Base_Color.jpg,/Volumes/Data/University/PPMGR/Blender_Mat_Generator_PPMGR/Projects/textures
Hexagonal_Green_tile_Base_Color.jpg,/Volumes/Data/University/PPMGR/Blender_Mat_Generator_PPMGR/Projects/textures/Hexagonal_Green_tile_Base_Color.jpg,/Volumes/Data/University/PPMGR/Blender_Mat_Generator_PPMGR/Projects/textures
Hexagonal_Red_tile_Base_Color.jpg,/Volumes/Data/University/PPMGR/Blender_Mat_Generator_PPMGR/Projects/textures/Hexagonal_Red_tile_Base_Color.jpg,/Volumes/Data/University/PPMGR/Blender_Mat_Generator_PPMGR/Projects/textures
Hexagonal_Terracotta_Base_Color.jpg,/Volumes/Data/University/PPMGR/Blender_Mat_Generator_PPMGR/Projects/textures/Hexagonal_Terracotta_Base_Color.jpg,/Volumes/Data/University/PPMGR/Blender_Mat_Generator_PPMGR/Projects/textures
Hexagonal_Tiles_Blue_Base_Color.jpg,/Volumes/Data/University/PPMGR/Blender_Mat_Generator_PPMGR/Projects/textures/Hexagonal_Tiles_Blue_Base_Color.jpg,/Volumes/Data/University/PPMGR/Blender_Mat_Generator_PPMGR/Projects/textures
Hexagonal_Yellow_Terracotta_Base_Color.jpg,/Volumes/Data/University/PPMGR/Blender_Mat_Generator_PPMGR/Projects/textures/Hexagonal_Yellow_Terracotta_Base_Color.jpg,/Volumes/Data/University/PPMGR/Blender_Mat_Generator_PPMGR/Projects/textures
Hexagonal_and_Star_Shaped_Black_Tile_Base_Color.jpg,/Volumes/Data/University/PPMGR/Blender_Mat_Generator_PPMGR/Projects/textures/Hexagonal_and_Star_Shaped_Black_Tile_Base_Color.jpg,/Volumes/Data/University/PPMGR/Blender_Mat_Generator_PPMGR/Projects/textures
Hexagonal_and_Star_Shaped_white_Tile_Base_Color.jpg,/Volumes/Data/University/PPMGR/Blender_Mat_Generator_PPMGR/Projects/textures/Hexagonal_and_Star_Shaped_white_Tile_Base_Color.jpg,/Volumes/Data/University/PPMGR/Blender_Mat_Generator_PPMGR/Projects/textures
Hexagonal_silver_perforated_Base_Color.jpg,/Volumes/Data/University/PPMGR/Blender_Mat_Generator_PPMGR/Projects/textures/Hexagonal_silver_perforated_Base_Color.jpg,/Volumes/Data/University/PPMGR/Blender_Mat_Generator_PPMGR/Projects/textures
HighRes Natural Oak.jpg,/Volumes/Data/University/PPMGR/Blender_Mat_Generator_PPMGR/Projects/textures/HighRes Natural Oak.jpg,/Volumes/Data/University/PPMGR/Blender_Mat_Generator_PPMGR/Projects/textures
Himalayan_Salt4K_baseColor.jpg,/Volumes/Data/University/PPMGR/Blender_Mat_Generator_PPMGR/Projects/textures/Himalayan_Salt4K_baseColor.jpg,/Volumes/Data/University/PPMGR/Blender_Mat_Generator_PPMGR/Projects/textures
Honeycomb_Base_Color.jpg,/Volumes/Data/University/PPMGR/Blender_Mat_Generator_PPMGR/Projects/textures/Honeycomb_Base_Color.jpg,/Volumes/Data/University/PPMGR/Blender_Mat_Generator_PPMGR/Projects/textures
Honeycomb_basecolor.jpg,/Volumes/Data/University/PPMGR/Blender_Mat_Generator_PPMGR/Projects/textures/Honeycomb_basecolor.jpg,/Volumes/Data/University/PPMGR/Blender_Mat_Generator_PPMGR/Projects/textures
Hook__Base_Color.jpg,/Volumes/Data/University/PPMGR/Blender_Mat_Generator_PPMGR/Projects/textures/Hook__Base_Color.jpg,/Volumes/Data/University/PPMGR/Blender_Mat_Generator_PPMGR/Projects/textures
Hook_and_loop__Base_Color.jpg,/Volumes/Data/University/PPMGR/Blender_Mat_Generator_PPMGR/Projects/textures/Hook_and_loop__Base_Color.jpg,/Volumes/Data/University/PPMGR/Blender_Mat_Generator_PPMGR/Projects/textures
Horse Leather Chesterfield_BaseColor.jpg,/Volumes/Data/University/PPMGR/Blender_Mat_Generator_PPMGR/Projects/textures/Horse Leather Chesterfield_BaseColor.jpg,/Volumes/Data/University/PPMGR/Blender_Mat_Generator_PPMGR/Projects/textures
Houndstooth_Base_Color.jpg,/Volumes/Data/University/PPMGR/Blender_Mat_Generator_PPMGR/Projects/textures/Houndstooth_Base_Color.jpg,/Volumes/Data/University/PPMGR/Blender_Mat_Generator_PPMGR/Projects/textures
Houndstooth_weaving_checker_Base_Color.jpg,/Volumes/Data/University/PPMGR/Blender_Mat_Generator_PPMGR/Projects/textures/Houndstooth_weaving_checker_Base_Color.jpg,/Volumes/Data/University/PPMGR/Blender_Mat_Generator_PPMGR/Projects/textures
Household Garbage Heap 01122024_BaseColor.jpg,/Volumes/Data/University/PPMGR/Blender_Mat_Generator_PPMGR/Projects/textures/Household Garbage Heap 01122024_BaseColor.jpg,/Volumes/Data/University/PPMGR/Blender_Mat_Generator_PPMGR/Projects/textures
Household_Garbage_Heap_basecolor.jpg,/Volumes/Data/University/PPMGR/Blender_Mat_Generator_PPMGR/Projects/textures/Household_Garbage_Heap_basecolor.jpg,/Volumes/Data/University/PPMGR/Blender_Mat_Generator_PPMGR/Projects/textures
Hungarian Oak Parquet Old_Diffuse.jpg,/Volumes/Data/University/PPMGR/Blender_Mat_Generator_PPMGR/Projects/textures/Hungarian Oak Parquet Old_Diffuse.jpg,/Volumes/Data/University/PPMGR/Blender_Mat_Generator_PPMGR/Projects/textures
Ice_cream_Brown_White_Base_Color.jpg,/Volumes/Data/University/PPMGR/Blender_Mat_Generator_PPMGR/Projects/textures/Ice_cream_Brown_White_Base_Color.jpg,/Volumes/Data/University/PPMGR/Blender_Mat_Generator_PPMGR/Projects/textures
Icy_Rock_Base_Color.jpg,/Volumes/Data/University/PPMGR/Blender_Mat_Generator_PPMGR/Projects/textures/Icy_Rock_Base_Color.jpg,/Volumes/Data/University/PPMGR/Blender_Mat_Generator_PPMGR/Projects/textures
ImageGoesHere_diffuseOriginal.png,/Volumes/Data/University/PPMGR/Blender_Mat_Generator_PPMGR/Projects/textures/ImageGoesHere_diffuseOriginal.png,/Volumes/Data/University/PPMGR/Blender_Mat_Generator_PPMGR/Projects/textures
Incrusted_Gems_001_COLOR.jpg,/Volumes/Data/University/PPMGR/Blender_Mat_Generator_PPMGR/Projects/textures/Incrusted_Gems_001_COLOR.jpg,/Volumes/Data/University/PPMGR/Blender_Mat_Generator_PPMGR/Projects/textures
Interlocking_Paver_Blocks_Base_Color.jpg,/Volumes/Data/University/PPMGR/Blender_Mat_Generator_PPMGR/Projects/textures/Interlocking_Paver_Blocks_Base_Color.jpg,/Volumes/Data/University/PPMGR/Blender_Mat_Generator_PPMGR/Projects/textures
Interlocking_Paver_Blocks_Brown_Base_Color.jpg,/Volumes/Data/University/PPMGR/Blender_Mat_Generator_PPMGR/Projects/textures/Interlocking_Paver_Blocks_Brown_Base_Color.jpg,/Volumes/Data/University/PPMGR/Blender_Mat_Generator_PPMGR/Projects/textures
Iron_Scratched_BaseColor.jpg,/Volumes/Data/University/PPMGR/Blender_Mat_Generator_PPMGR/Projects/textures/Iron_Scratched_BaseColor.jpg,/Volumes/Data/University/PPMGR/Blender_Mat_Generator_PPMGR/Projects/textures
Iron_old_Base Color.jpeg,/Volumes/Data/University/PPMGR/Blender_Mat_Generator_PPMGR/Projects/textures/Iron_old_Base Color.jpeg,/Volumes/Data/University/PPMGR/Blender_Mat_Generator_PPMGR/Projects/textures
Ivory_BaseColor.jpg,/Volumes/Data/University/PPMGR/Blender_Mat_Generator_PPMGR/Projects/textures/Ivory_BaseColor.jpg,/Volumes/Data/University/PPMGR/Blender_Mat_Generator_PPMGR/Projects/textures
JATOBA BRASILEIRO - Diffuse.jpg,/Volumes/Data/University/PPMGR/Blender_Mat_Generator_PPMGR/Projects/textures/JATOBA BRASILEIRO - Diffuse.jpg,/Volumes/Data/University/PPMGR/Blender_Mat_Generator_PPMGR/Projects/textures
Japanese Pattern_Base_Color_1001.jpg,/Volumes/Data/University/PPMGR/Blender_Mat_Generator_PPMGR/Projects/textures/Japanese Pattern_Base_Color_1001.jpg,/Volumes/Data/University/PPMGR/Blender_Mat_Generator_PPMGR/Projects/textures
Japanese_Shoji_Screen_Base_Color.jpg,/Volumes/Data/University/PPMGR/Blender_Mat_Generator_PPMGR/Projects/textures/Japanese_Shoji_Screen_Base_Color.jpg,/Volumes/Data/University/PPMGR/Blender_Mat_Generator_PPMGR/Projects/textures
Jiraffe_diffuseOriginal.jpg,/Volumes/Data/University/PPMGR/Blender_Mat_Generator_PPMGR/Projects/textures/Jiraffe_diffuseOriginal.jpg,/Volumes/Data/University/PPMGR/Blender_Mat_Generator_PPMGR/Projects/textures
Jupiter 8K_diffuseOriginal.jpg,/Volumes/Data/University/PPMGR/Blender_Mat_Generator_PPMGR/Projects/textures/Jupiter 8K_diffuseOriginal.jpg,/Volumes/Data/University/PPMGR/Blender_Mat_Generator_PPMGR/Projects/textures
Jute_Matting_Base_Color.jpg,/Volumes/Data/University/PPMGR/Blender_Mat_Generator_PPMGR/Projects/textures/Jute_Matting_Base_Color.jpg,/Volumes/Data/University/PPMGR/Blender_Mat_Generator_PPMGR/Projects/textures
Kirchenpflaster_Albedo_8192x8192.jpg,/Volumes/Data/University/PPMGR/Blender_Mat_Generator_PPMGR/Projects/textures/Kirchenpflaster_Albedo_8192x8192.jpg,/Volumes/Data/University/PPMGR/Blender_Mat_Generator_PPMGR/Projects/textures
Knit Fabric 01112024_BaseColor.jpg,/Volumes/Data/University/PPMGR/Blender_Mat_Generator_PPMGR/Projects/textures/Knit Fabric 01112024_BaseColor.jpg,/Volumes/Data/University/PPMGR/Blender_Mat_Generator_PPMGR/Projects/textures
Knit_Fabric_02_10092023_basecolor.jpg,/Volumes/Data/University/PPMGR/Blender_Mat_Generator_PPMGR/Projects/textures/Knit_Fabric_02_10092023_basecolor.jpg,/Volumes/Data/University/PPMGR/Blender_Mat_Generator_PPMGR/Projects/textures
Knit_Fabric_basecolor.jpg,/Volumes/Data/University/PPMGR/Blender_Mat_Generator_PPMGR/Projects/textures/Knit_Fabric_basecolor.jpg,/Volumes/Data/University/PPMGR/Blender_Mat_Generator_PPMGR/Projects/textures
Knits_basecolor.jpg,/Volumes/Data/University/PPMGR/Blender_Mat_Generator_PPMGR/Projects/textures/Knits_basecolor.jpg,/Volumes/Data/University/PPMGR/Blender_Mat_Generator_PPMGR/Projects/textures
Knitted_Fabric_Base_Color.jpg,/Volumes/Data/University/PPMGR/Blender_Mat_Generator_PPMGR/Projects/textures/Knitted_Fabric_Base_Color.jpg,/Volumes/Data/University/PPMGR/Blender_Mat_Generator_PPMGR/Projects/textures
Knitted_Fabric__Base_Color.jpg,/Volumes/Data/University/PPMGR/Blender_Mat_Generator_PPMGR/Projects/textures/Knitted_Fabric__Base_Color.jpg,/Volumes/Data/University/PPMGR/Blender_Mat_Generator_PPMGR/Projects/textures
Knitted_Wool_03.jpg,/Volumes/Data/University/PPMGR/Blender_Mat_Generator_PPMGR/Projects/textures/Knitted_Wool_03.jpg,/Volumes/Data/University/PPMGR/Blender_Mat_Generator_PPMGR/Projects/textures
Knitted_Wool_06_Image.jpg,/Volumes/Data/University/PPMGR/Blender_Mat_Generator_PPMGR/Projects/textures/Knitted_Wool_06_Image.jpg,/Volumes/Data/University/PPMGR/Blender_Mat_Generator_PPMGR/Projects/textures
Knitting_Wool_Base_Color.jpg,/Volumes/Data/University/PPMGR/Blender_Mat_Generator_PPMGR/Projects/textures/Knitting_Wool_Base_Color.jpg,/Volumes/Data/University/PPMGR/Blender_Mat_Generator_PPMGR/Projects/textures
LVL panel 02.jpg,/Volumes/Data/University/PPMGR/Blender_Mat_Generator_PPMGR/Projects/textures/LVL panel 02.jpg,/Volumes/Data/University/PPMGR/Blender_Mat_Generator_PPMGR/Projects/textures
Laminated_Black_Wood_Planks_Base_Color.jpg,/Volumes/Data/University/PPMGR/Blender_Mat_Generator_PPMGR/Projects/textures/Laminated_Black_Wood_Planks_Base_Color.jpg,/Volumes/Data/University/PPMGR/Blender_Mat_Generator_PPMGR/Projects/textures
Laminated_Wood_Planks_Base_Color.jpg,/Volumes/Data/University/PPMGR/Blender_Mat_Generator_PPMGR/Projects/textures/Laminated_Wood_Planks_Base_Color.jpg,/Volumes/Data/University/PPMGR/Blender_Mat_Generator_PPMGR/Projects/textures
Lava-basecolor.jpg,/Volumes/Data/University/PPMGR/Blender_Mat_Generator_PPMGR/Projects/textures/Lava-basecolor.jpg,/Volumes/Data/University/PPMGR/Blender_Mat_Generator_PPMGR/Projects/textures
Lava_01_basecolor-2K.png,/Volumes/Data/University/PPMGR/Blender_Mat_Generator_PPMGR/Projects/textures/Lava_01_basecolor-2K.png,/Volumes/Data/University/PPMGR/Blender_Mat_Generator_PPMGR/Projects/textures
Lava_01_emissive-2K.jpg,/Volumes/Data/University/PPMGR/Blender_Mat_Generator_PPMGR/Projects/textures/Lava_01_emissive-2K.jpg,/Volumes/Data/University/PPMGR/Blender_Mat_Generator_PPMGR/Projects/textures
Lava_02_basecolor-2K.png,/Volumes/Data/University/PPMGR/Blender_Mat_Generator_PPMGR/Projects/textures/Lava_02_basecolor-2K.png,/Volumes/Data/University/PPMGR/Blender_Mat_Generator_PPMGR/Projects/textures
Lava_02_emissive-2K.png,/Volumes/Data/University/PPMGR/Blender_Mat_Generator_PPMGR/Projects/textures/Lava_02_emissive-2K.png,/Volumes/Data/University/PPMGR/Blender_Mat_Generator_PPMGR/Projects/textures
Lava_03_basecolor-2K.png,/Volumes/Data/University/PPMGR/Blender_Mat_Generator_PPMGR/Projects/textures/Lava_03_basecolor-2K.png,/Volumes/Data/University/PPMGR/Blender_Mat_Generator_PPMGR/Projects/textures
Lava_03_emissive-2K.png,/Volumes/Data/University/PPMGR/Blender_Mat_Generator_PPMGR/Projects/textures/Lava_03_emissive-2K.png,/Volumes/Data/University/PPMGR/Blender_Mat_Generator_PPMGR/Projects/textures
Lava_04_basecolor.jpg,/Volumes/Data/University/PPMGR/Blender_Mat_Generator_PPMGR/Projects/textures/Lava_04_basecolor.jpg,/Volumes/Data/University/PPMGR/Blender_Mat_Generator_PPMGR/Projects/textures
Lava_04_emissive.jpg,/Volumes/Data/University/PPMGR/Blender_Mat_Generator_PPMGR/Projects/textures/Lava_04_emissive.jpg,/Volumes/Data/University/PPMGR/Blender_Mat_Generator_PPMGR/Projects/textures
Lava_05_basecolor-2K.png,/Volumes/Data/University/PPMGR/Blender_Mat_Generator_PPMGR/Projects/textures/Lava_05_basecolor-2K.png,/Volumes/Data/University/PPMGR/Blender_Mat_Generator_PPMGR/Projects/textures
Lava_05_emissive-2K.jpg,/Volumes/Data/University/PPMGR/Blender_Mat_Generator_PPMGR/Projects/textures/Lava_05_emissive-2K.jpg,/Volumes/Data/University/PPMGR/Blender_Mat_Generator_PPMGR/Projects/textures
Lava_06_basecolor.jpg,/Volumes/Data/University/PPMGR/Blender_Mat_Generator_PPMGR/Projects/textures/Lava_06_basecolor.jpg,/Volumes/Data/University/PPMGR/Blender_Mat_Generator_PPMGR/Projects/textures
Lava_06_emissive.jpg,/Volumes/Data/University/PPMGR/Blender_Mat_Generator_PPMGR/Projects/textures/Lava_06_emissive.jpg,/Volumes/Data/University/PPMGR/Blender_Mat_Generator_PPMGR/Projects/textures
Lava_Emissive.jpg,/Volumes/Data/University/PPMGR/Blender_Mat_Generator_PPMGR/Projects/textures/Lava_Emissive.jpg,/Volumes/Data/University/PPMGR/Blender_Mat_Generator_PPMGR/Projects/textures
Lava_basecolor.jpg,/Volumes/Data/University/PPMGR/Blender_Mat_Generator_PPMGR/Projects/textures/Lava_basecolor.jpg,/Volumes/Data/University/PPMGR/Blender_Mat_Generator_PPMGR/Projects/textures
Layered Stone_1_diffuseOriginal.jpg,/Volumes/Data/University/PPMGR/Blender_Mat_Generator_PPMGR/Projects/textures/Layered Stone_1_diffuseOriginal.jpg,/Volumes/Data/University/PPMGR/Blender_Mat_Generator_PPMGR/Projects/textures
Layered_Lavastone_01.jpg,/Volumes/Data/University/PPMGR/Blender_Mat_Generator_PPMGR/Projects/textures/Layered_Lavastone_01.jpg,/Volumes/Data/University/PPMGR/Blender_Mat_Generator_PPMGR/Projects/textures
Leaf_wall_deco_tiles_Base_Color.jpg,/Volumes/Data/University/PPMGR/Blender_Mat_Generator_PPMGR/Projects/textures/Leaf_wall_deco_tiles_Base_Color.jpg,/Volumes/Data/University/PPMGR/Blender_Mat_Generator_PPMGR/Projects/textures
Leaf_wall_deco_tiles_black_Base_Color.jpg,/Volumes/Data/University/PPMGR/Blender_Mat_Generator_PPMGR/Projects/textures/Leaf_wall_deco_tiles_black_Base_Color.jpg,/Volumes/Data/University/PPMGR/Blender_Mat_Generator_PPMGR/Projects/textures
Leaf_wall_deco_tiles_orange_Base_Color.jpg,/Volumes/Data/University/PPMGR/Blender_Mat_Generator_PPMGR/Projects/textures/Leaf_wall_deco_tiles_orange_Base_Color.jpg,/Volumes/Data/University/PPMGR/Blender_Mat_Generator_PPMGR/Projects/textures
LeakGrunge_Base_color.jpg,/Volumes/Data/University/PPMGR/Blender_Mat_Generator_PPMGR/Projects/textures/LeakGrunge_Base_color.jpg,/Volumes/Data/University/PPMGR/Blender_Mat_Generator_PPMGR/Projects/textures
Leather 1_BaseColor.jpg,/Volumes/Data/University/PPMGR/Blender_Mat_Generator_PPMGR/Projects/textures/Leather 1_BaseColor.jpg,/Volumes/Data/University/PPMGR/Blender_Mat_Generator_PPMGR/Projects/textures
Leather 2_BaseColor.jpg,/Volumes/Data/University/PPMGR/Blender_Mat_Generator_PPMGR/Projects/textures/Leather 2_BaseColor.jpg,/Volumes/Data/University/PPMGR/Blender_Mat_Generator_PPMGR/Projects/textures
Leather Diffuse.jpg,/Volumes/Data/University/PPMGR/Blender_Mat_Generator_PPMGR/Projects/textures/Leather Diffuse.jpg,/Volumes/Data/University/PPMGR/Blender_Mat_Generator_PPMGR/Projects/textures
Leather Drum Head_A_R_M.jpg,/Volumes/Data/University/PPMGR/Blender_Mat_Generator_PPMGR/Projects/textures/Leather Drum Head_A_R_M.jpg,/Volumes/Data/University/PPMGR/Blender_Mat_Generator_PPMGR/Projects/textures
Leather Drum Head_BaseColor.jpg,/Volumes/Data/University/PPMGR/Blender_Mat_Generator_PPMGR/Projects/textures/Leather Drum Head_BaseColor.jpg,/Volumes/Data/University/PPMGR/Blender_Mat_Generator_PPMGR/Projects/textures
Leather fabric 1_BaseColor.jpg,/Volumes/Data/University/PPMGR/Blender_Mat_Generator_PPMGR/Projects/textures/Leather fabric 1_BaseColor.jpg,/Volumes/Data/University/PPMGR/Blender_Mat_Generator_PPMGR/Projects/textures
Leather fabric 2_BaseColor.jpg,/Volumes/Data/University/PPMGR/Blender_Mat_Generator_PPMGR/Projects/textures/Leather fabric 2_BaseColor.jpg,/Volumes/Data/University/PPMGR/Blender_Mat_Generator_PPMGR/Projects/textures
Leather fabric_BaseColor.jpg,/Volumes/Data/University/PPMGR/Blender_Mat_Generator_PPMGR/Projects/textures/Leather fabric_BaseColor.jpg,/Volumes/Data/University/PPMGR/Blender_Mat_Generator_PPMGR/Projects/textures
Leather008_4K_Color.jpg,/Volumes/Data/University/PPMGR/Blender_Mat_Generator_PPMGR/Projects/textures/Leather008_4K_Color.jpg,/Volumes/Data/University/PPMGR/Blender_Mat_Generator_PPMGR/Projects/textures
Leather_01_basecolor.jpg,/Volumes/Data/University/PPMGR/Blender_Mat_Generator_PPMGR/Projects/textures/Leather_01_basecolor.jpg,/Volumes/Data/University/PPMGR/Blender_Mat_Generator_PPMGR/Projects/textures
Leather_02_color.jpg,/Volumes/Data/University/PPMGR/Blender_Mat_Generator_PPMGR/Projects/textures/Leather_02_color.jpg,/Volumes/Data/University/PPMGR/Blender_Mat_Generator_PPMGR/Projects/textures
Leaves_muddy_swamp_Base_Color.jpg,/Volumes/Data/University/PPMGR/Blender_Mat_Generator_PPMGR/Projects/textures/Leaves_muddy_swamp_Base_Color.jpg,/Volumes/Data/University/PPMGR/Blender_Mat_Generator_PPMGR/Projects/textures
Lemon_Peel_01Image-diffuse.jpg,/Volumes/Data/University/PPMGR/Blender_Mat_Generator_PPMGR/Projects/textures/Lemon_Peel_01Image-diffuse.jpg,/Volumes/Data/University/PPMGR/Blender_Mat_Generator_PPMGR/Projects/textures
Lemon_Skin_Base.jpg,/Volumes/Data/University/PPMGR/Blender_Mat_Generator_PPMGR/Projects/textures/Lemon_Skin_Base.jpg,/Volumes/Data/University/PPMGR/Blender_Mat_Generator_PPMGR/Projects/textures
LeopardFur_Diffuse.jpg,/Volumes/Data/University/PPMGR/Blender_Mat_Generator_PPMGR/Projects/textures/LeopardFur_Diffuse.jpg,/Volumes/Data/University/PPMGR/Blender_Mat_Generator_PPMGR/Projects/textures
Lichen_Covered_Stone_Image.jpg,/Volumes/Data/University/PPMGR/Blender_Mat_Generator_PPMGR/Projects/textures/Lichen_Covered_Stone_Image.jpg,/Volumes/Data/University/PPMGR/Blender_Mat_Generator_PPMGR/Projects/textures
Light Blue Painted Metal_BaseColor.jpg,/Volumes/Data/University/PPMGR/Blender_Mat_Generator_PPMGR/Projects/textures/Light Blue Painted Metal_BaseColor.jpg,/Volumes/Data/University/PPMGR/Blender_Mat_Generator_PPMGR/Projects/textures
Light_Brown_Leather_Base.jpg,/Volumes/Data/University/PPMGR/Blender_Mat_Generator_PPMGR/Projects/textures/Light_Brown_Leather_Base.jpg,/Volumes/Data/University/PPMGR/Blender_Mat_Generator_PPMGR/Projects/textures
Light_Color_Cedar_Base_Color.jpg,/Volumes/Data/University/PPMGR/Blender_Mat_Generator_PPMGR/Projects/textures/Light_Color_Cedar_Base_Color.jpg,/Volumes/Data/University/PPMGR/Blender_Mat_Generator_PPMGR/Projects/textures
Lime_Peel_01Image-diffuse.jpg,/Volumes/Data/University/PPMGR/Blender_Mat_Generator_PPMGR/Projects/textures/Lime_Peel_01Image-diffuse.jpg,/Volumes/Data/University/PPMGR/Blender_Mat_Generator_PPMGR/Projects/textures
Limestone_1_basecolor-4K.jpg,/Volumes/Data/University/PPMGR/Blender_Mat_Generator_PPMGR/Projects/textures/Limestone_1_basecolor-4K.jpg,/Volumes/Data/University/PPMGR/Blender_Mat_Generator_PPMGR/Projects/textures
LinoTiles_Sixties_MaskMap.png,/Volumes/Data/University/PPMGR/Blender_Mat_Generator_PPMGR/Projects/textures/LinoTiles_Sixties_MaskMap.png,/Volumes/Data/University/PPMGR/Blender_Mat_Generator_PPMGR/Projects/textures
LinoTiles_Sixties_basecolor.jpg,/Volumes/Data/University/PPMGR/Blender_Mat_Generator_PPMGR/Projects/textures/LinoTiles_Sixties_basecolor.jpg,/Volumes/Data/University/PPMGR/Blender_Mat_Generator_PPMGR/Projects/textures
Louro Freijo - diffuse.png,/Volumes/Data/University/PPMGR/Blender_Mat_Generator_PPMGR/Projects/textures/Louro Freijo - diffuse.png,/Volumes/Data/University/PPMGR/Blender_Mat_Generator_PPMGR/Projects/textures
Love decorative fabric_BaseColor.png,/Volumes/Data/University/PPMGR/Blender_Mat_Generator_PPMGR/Projects/textures/Love decorative fabric_BaseColor.png,/Volumes/Data/University/PPMGR/Blender_Mat_Generator_PPMGR/Projects/textures
M 981 Tagliare.jpg,/Volumes/Data/University/PPMGR/Blender_Mat_Generator_PPMGR/Projects/textures/M 981 Tagliare.jpg,/Volumes/Data/University/PPMGR/Blender_Mat_Generator_PPMGR/Projects/textures
MANGO LUMBER 01_BaseColor.jpg,/Volumes/Data/University/PPMGR/Blender_Mat_Generator_PPMGR/Projects/textures/MANGO LUMBER 01_BaseColor.jpg,/Volumes/Data/University/PPMGR/Blender_Mat_Generator_PPMGR/Projects/textures
Machine_Chipped_Paint_Base_Color.jpg,/Volumes/Data/University/PPMGR/Blender_Mat_Generator_PPMGR/Projects/textures/Machine_Chipped_Paint_Base_Color.jpg,/Volumes/Data/University/PPMGR/Blender_Mat_Generator_PPMGR/Projects/textures
Machinery_Chipped_Paint_Base_Color.jpg,/Volumes/Data/University/PPMGR/Blender_Mat_Generator_PPMGR/Projects/textures/Machinery_Chipped_Paint_Base_Color.jpg,/Volumes/Data/University/PPMGR/Blender_Mat_Generator_PPMGR/Projects/textures
Madeiral Diffuse.jpg,/Volumes/Data/University/PPMGR/Blender_Mat_Generator_PPMGR/Projects/textures/Madeiral Diffuse.jpg,/Volumes/Data/University/PPMGR/Blender_Mat_Generator_PPMGR/Projects/textures
Magma_02-diffuse.jpg,/Volumes/Data/University/PPMGR/Blender_Mat_Generator_PPMGR/Projects/textures/Magma_02-diffuse.jpg,/Volumes/Data/University/PPMGR/Blender_Mat_Generator_PPMGR/Projects/textures
Mandala_diffuseOriginal.jpg,/Volumes/Data/University/PPMGR/Blender_Mat_Generator_PPMGR/Projects/textures/Mandala_diffuseOriginal.jpg,/Volumes/Data/University/PPMGR/Blender_Mat_Generator_PPMGR/Projects/textures
Mandalas_diffuseOriginal.jpg,/Volumes/Data/University/PPMGR/Blender_Mat_Generator_PPMGR/Projects/textures/Mandalas_diffuseOriginal.jpg,/Volumes/Data/University/PPMGR/Blender_Mat_Generator_PPMGR/Projects/textures
Manhole Cover 13_Diffuse.jpg,/Volumes/Data/University/PPMGR/Blender_Mat_Generator_PPMGR/Projects/textures/Manhole Cover 13_Diffuse.jpg,/Volumes/Data/University/PPMGR/Blender_Mat_Generator_PPMGR/Projects/textures
Manhole Cover 2_Diffuse.jpg,/Volumes/Data/University/PPMGR/Blender_Mat_Generator_PPMGR/Projects/textures/Manhole Cover 2_Diffuse.jpg,/Volumes/Data/University/PPMGR/Blender_Mat_Generator_PPMGR/Projects/textures
Manhole01_basecolor.jpg,/Volumes/Data/University/PPMGR/Blender_Mat_Generator_PPMGR/Projects/textures/Manhole01_basecolor.jpg,/Volumes/Data/University/PPMGR/Blender_Mat_Generator_PPMGR/Projects/textures
Maple_Wood_01_Base.jpg,/Volumes/Data/University/PPMGR/Blender_Mat_Generator_PPMGR/Projects/textures/Maple_Wood_01_Base.jpg,/Volumes/Data/University/PPMGR/Blender_Mat_Generator_PPMGR/Projects/textures
Maple_Wood_02_Base.jpg,/Volumes/Data/University/PPMGR/Blender_Mat_Generator_PPMGR/Projects/textures/Maple_Wood_02_Base.jpg,/Volumes/Data/University/PPMGR/Blender_Mat_Generator_PPMGR/Projects/textures
Maple_Wood_03_Base.jpg,/Volumes/Data/University/PPMGR/Blender_Mat_Generator_PPMGR/Projects/textures/Maple_Wood_03_Base.jpg,/Volumes/Data/University/PPMGR/Blender_Mat_Generator_PPMGR/Projects/textures
Maple_leaves_Base_Color.jpg,/Volumes/Data/University/PPMGR/Blender_Mat_Generator_PPMGR/Projects/textures/Maple_leaves_Base_Color.jpg,/Volumes/Data/University/PPMGR/Blender_Mat_Generator_PPMGR/Projects/textures
Marble 1_BaseColor.jpg,/Volumes/Data/University/PPMGR/Blender_Mat_Generator_PPMGR/Projects/textures/Marble 1_BaseColor.jpg,/Volumes/Data/University/PPMGR/Blender_Mat_Generator_PPMGR/Projects/textures
Marble 3_BaseColor.jpg,/Volumes/Data/University/PPMGR/Blender_Mat_Generator_PPMGR/Projects/textures/Marble 3_BaseColor.jpg,/Volumes/Data/University/PPMGR/Blender_Mat_Generator_PPMGR/Projects/textures
Marble 4_BaseColor.jpg,/Volumes/Data/University/PPMGR/Blender_Mat_Generator_PPMGR/Projects/textures/Marble 4_BaseColor.jpg,/Volumes/Data/University/PPMGR/Blender_Mat_Generator_PPMGR/Projects/textures
Marble 5_BaseColor.jpg,/Volumes/Data/University/PPMGR/Blender_Mat_Generator_PPMGR/Projects/textures/Marble 5_BaseColor.jpg,/Volumes/Data/University/PPMGR/Blender_Mat_Generator_PPMGR/Projects/textures
Marble Diamond_BaseColor.jpg,/Volumes/Data/University/PPMGR/Blender_Mat_Generator_PPMGR/Projects/textures/Marble Diamond_BaseColor.jpg,/Volumes/Data/University/PPMGR/Blender_Mat_Generator_PPMGR/Projects/textures
Marble falgstone tile_BaseColor.jpg,/Volumes/Data/University/PPMGR/Blender_Mat_Generator_PPMGR/Projects/textures/Marble falgstone tile_BaseColor.jpg,/Volumes/Data/University/PPMGR/Blender_Mat_Generator_PPMGR/Projects/textures
Marble hexagon_BaseColor.jpg,/Volumes/Data/University/PPMGR/Blender_Mat_Generator_PPMGR/Projects/textures/Marble hexagon_BaseColor.jpg,/Volumes/Data/University/PPMGR/Blender_Mat_Generator_PPMGR/Projects/textures
Marble r-square_BaseColor.jpg,/Volumes/Data/University/PPMGR/Blender_Mat_Generator_PPMGR/Projects/textures/Marble r-square_BaseColor.jpg,/Volumes/Data/University/PPMGR/Blender_Mat_Generator_PPMGR/Projects/textures
Marble tiles 1_BaseColor.jpg,/Volumes/Data/University/PPMGR/Blender_Mat_Generator_PPMGR/Projects/textures/Marble tiles 1_BaseColor.jpg,/Volumes/Data/University/PPMGR/Blender_Mat_Generator_PPMGR/Projects/textures
Marble tiles 2_BaseColor.jpg,/Volumes/Data/University/PPMGR/Blender_Mat_Generator_PPMGR/Projects/textures/Marble tiles 2_BaseColor.jpg,/Volumes/Data/University/PPMGR/Blender_Mat_Generator_PPMGR/Projects/textures
Marble tiles 3_BaseColor.jpg,/Volumes/Data/University/PPMGR/Blender_Mat_Generator_PPMGR/Projects/textures/Marble tiles 3_BaseColor.jpg,/Volumes/Data/University/PPMGR/Blender_Mat_Generator_PPMGR/Projects/textures
Marble tiles 4_BaseColor.jpg,/Volumes/Data/University/PPMGR/Blender_Mat_Generator_PPMGR/Projects/textures/Marble tiles 4_BaseColor.jpg,/Volumes/Data/University/PPMGR/Blender_Mat_Generator_PPMGR/Projects/textures
Marble tiles 5_BaseColor.jpg,/Volumes/Data/University/PPMGR/Blender_Mat_Generator_PPMGR/Projects/textures/Marble tiles 5_BaseColor.jpg,/Volumes/Data/University/PPMGR/Blender_Mat_Generator_PPMGR/Projects/textures
Marble tiles 6_BaseColor.jpg,/Volumes/Data/University/PPMGR/Blender_Mat_Generator_PPMGR/Projects/textures/Marble tiles 6_BaseColor.jpg,/Volumes/Data/University/PPMGR/Blender_Mat_Generator_PPMGR/Projects/textures
Marble tiles 7_BaseColor.jpg,/Volumes/Data/University/PPMGR/Blender_Mat_Generator_PPMGR/Projects/textures/Marble tiles 7_BaseColor.jpg,/Volumes/Data/University/PPMGR/Blender_Mat_Generator_PPMGR/Projects/textures
Marble tiles 8_BaseColor.jpg,/Volumes/Data/University/PPMGR/Blender_Mat_Generator_PPMGR/Projects/textures/Marble tiles 8_BaseColor.jpg,/Volumes/Data/University/PPMGR/Blender_Mat_Generator_PPMGR/Projects/textures
Marble tiles 9_BaseColor.jpg,/Volumes/Data/University/PPMGR/Blender_Mat_Generator_PPMGR/Projects/textures/Marble tiles 9_BaseColor.jpg,/Volumes/Data/University/PPMGR/Blender_Mat_Generator_PPMGR/Projects/textures
Marble tiles_BaseColor.jpg,/Volumes/Data/University/PPMGR/Blender_Mat_Generator_PPMGR/Projects/textures/Marble tiles_BaseColor.jpg,/Volumes/Data/University/PPMGR/Blender_Mat_Generator_PPMGR/Projects/textures
Marble triangle tile_BaseColor.jpg,/Volumes/Data/University/PPMGR/Blender_Mat_Generator_PPMGR/Projects/textures/Marble triangle tile_BaseColor.jpg,/Volumes/Data/University/PPMGR/Blender_Mat_Generator_PPMGR/Projects/textures
Marble016_4K_Color.jpg,/Volumes/Data/University/PPMGR/Blender_Mat_Generator_PPMGR/Projects/textures/Marble016_4K_Color.jpg,/Volumes/Data/University/PPMGR/Blender_Mat_Generator_PPMGR/Projects/textures
Marble021_4K_Color.jpg,/Volumes/Data/University/PPMGR/Blender_Mat_Generator_PPMGR/Projects/textures/Marble021_4K_Color.jpg,/Volumes/Data/University/PPMGR/Blender_Mat_Generator_PPMGR/Projects/textures
Marble024_4K_Color.jpg,/Volumes/Data/University/PPMGR/Blender_Mat_Generator_PPMGR/Projects/textures/Marble024_4K_Color.jpg,/Volumes/Data/University/PPMGR/Blender_Mat_Generator_PPMGR/Projects/textures
Marble03_BaseColor.jpg,/Volumes/Data/University/PPMGR/Blender_Mat_Generator_PPMGR/Projects/textures/Marble03_BaseColor.jpg,/Volumes/Data/University/PPMGR/Blender_Mat_Generator_PPMGR/Projects/textures
Marble04_BaseColor.jpg,/Volumes/Data/University/PPMGR/Blender_Mat_Generator_PPMGR/Projects/textures/Marble04_BaseColor.jpg,/Volumes/Data/University/PPMGR/Blender_Mat_Generator_PPMGR/Projects/textures
Marble2x2_Albedo.jpg,/Volumes/Data/University/PPMGR/Blender_Mat_Generator_PPMGR/Projects/textures/Marble2x2_Albedo.jpg,/Volumes/Data/University/PPMGR/Blender_Mat_Generator_PPMGR/Projects/textures
Marble_BaseColor.jpg,/Volumes/Data/University/PPMGR/Blender_Mat_Generator_PPMGR/Projects/textures/Marble_BaseColor.jpg,/Volumes/Data/University/PPMGR/Blender_Mat_Generator_PPMGR/Projects/textures
Marble_Base_Color_1001.jpg,/Volumes/Data/University/PPMGR/Blender_Mat_Generator_PPMGR/Projects/textures/Marble_Base_Color_1001.jpg,/Volumes/Data/University/PPMGR/Blender_Mat_Generator_PPMGR/Projects/textures
Marble_Base_color.jpg,/Volumes/Data/University/PPMGR/Blender_Mat_Generator_PPMGR/Projects/textures/Marble_Base_color.jpg,/Volumes/Data/University/PPMGR/Blender_Mat_Generator_PPMGR/Projects/textures
Marblecolor.jpg,/Volumes/Data/University/PPMGR/Blender_Mat_Generator_PPMGR/Projects/textures/Marblecolor.jpg,/Volumes/Data/University/PPMGR/Blender_Mat_Generator_PPMGR/Projects/textures
Mars 8K_diffuseOriginal.jpg,/Volumes/Data/University/PPMGR/Blender_Mat_Generator_PPMGR/Projects/textures/Mars 8K_diffuseOriginal.jpg,/Volumes/Data/University/PPMGR/Blender_Mat_Generator_PPMGR/Projects/textures
Masonite_Rear_Side_01_Image-diffuse.jpg,/Volumes/Data/University/PPMGR/Blender_Mat_Generator_PPMGR/Projects/textures/Masonite_Rear_Side_01_Image-diffuse.jpg,/Volumes/Data/University/PPMGR/Blender_Mat_Generator_PPMGR/Projects/textures
Mat 2_Diffuse.jpg,/Volumes/Data/University/PPMGR/Blender_Mat_Generator_PPMGR/Projects/textures/Mat 2_Diffuse.jpg,/Volumes/Data/University/PPMGR/Blender_Mat_Generator_PPMGR/Projects/textures
Mat 3_Diffuse.jpg,/Volumes/Data/University/PPMGR/Blender_Mat_Generator_PPMGR/Projects/textures/Mat 3_Diffuse.jpg,/Volumes/Data/University/PPMGR/Blender_Mat_Generator_PPMGR/Projects/textures
Mat 4_Diffuse.jpg,/Volumes/Data/University/PPMGR/Blender_Mat_Generator_PPMGR/Projects/textures/Mat 4_Diffuse.jpg,/Volumes/Data/University/PPMGR/Blender_Mat_Generator_PPMGR/Projects/textures
Mat_Diffuse.jpg,/Volumes/Data/University/PPMGR/Blender_Mat_Generator_PPMGR/Projects/textures/Mat_Diffuse.jpg,/Volumes/Data/University/PPMGR/Blender_Mat_Generator_PPMGR/Projects/textures
Mat_Normal.jpg,/Volumes/Data/University/PPMGR/Blender_Mat_Generator_PPMGR/Projects/textures/Mat_Normal.jpg,/Volumes/Data/University/PPMGR/Blender_Mat_Generator_PPMGR/Projects/textures
Material_BaseColor.jpg,/Volumes/Data/University/PPMGR/Blender_Mat_Generator_PPMGR/Projects/textures/Material_BaseColor.jpg,/Volumes/Data/University/PPMGR/Blender_Mat_Generator_PPMGR/Projects/textures
Mayan_Tile_Base_color.jpg,/Volumes/Data/University/PPMGR/Blender_Mat_Generator_PPMGR/Projects/textures/Mayan_Tile_Base_color.jpg,/Volumes/Data/University/PPMGR/Blender_Mat_Generator_PPMGR/Projects/textures
Meat_Base_Color.jpg,/Volumes/Data/University/PPMGR/Blender_Mat_Generator_PPMGR/Projects/textures/Meat_Base_Color.jpg,/Volumes/Data/University/PPMGR/Blender_Mat_Generator_PPMGR/Projects/textures
Mediaval fabric dragon pattern BaseColor.jpg,/Volumes/Data/University/PPMGR/Blender_Mat_Generator_PPMGR/Projects/textures/Mediaval fabric dragon pattern BaseColor.jpg,/Volumes/Data/University/PPMGR/Blender_Mat_Generator_PPMGR/Projects/textures
Medieval_Chain_basecolor.jpg,/Volumes/Data/University/PPMGR/Blender_Mat_Generator_PPMGR/Projects/textures/Medieval_Chain_basecolor.jpg,/Volumes/Data/University/PPMGR/Blender_Mat_Generator_PPMGR/Projects/textures
Medieval_Stone_Wall_Base_Color.jpg,/Volumes/Data/University/PPMGR/Blender_Mat_Generator_PPMGR/Projects/textures/Medieval_Stone_Wall_Base_Color.jpg,/Volumes/Data/University/PPMGR/Blender_Mat_Generator_PPMGR/Projects/textures
Medieval_Stone_Wall_Dark_Base_Color.jpg,/Volumes/Data/University/PPMGR/Blender_Mat_Generator_PPMGR/Projects/textures/Medieval_Stone_Wall_Dark_Base_Color.jpg,/Volumes/Data/University/PPMGR/Blender_Mat_Generator_PPMGR/Projects/textures
Medieval_Stone_Wall_White_Base_Color.jpg,/Volumes/Data/University/PPMGR/Blender_Mat_Generator_PPMGR/Projects/textures/Medieval_Stone_Wall_White_Base_Color.jpg,/Volumes/Data/University/PPMGR/Blender_Mat_Generator_PPMGR/Projects/textures
Medieval_Timber_Base_Color.jpg,/Volumes/Data/University/PPMGR/Blender_Mat_Generator_PPMGR/Projects/textures/Medieval_Timber_Base_Color.jpg,/Volumes/Data/University/PPMGR/Blender_Mat_Generator_PPMGR/Projects/textures
Medieval_Timber_Dark_Base_Color.jpg,/Volumes/Data/University/PPMGR/Blender_Mat_Generator_PPMGR/Projects/textures/Medieval_Timber_Dark_Base_Color.jpg,/Volumes/Data/University/PPMGR/Blender_Mat_Generator_PPMGR/Projects/textures
Medieval_Timbered_Wall_Base_Color.jpg,/Volumes/Data/University/PPMGR/Blender_Mat_Generator_PPMGR/Projects/textures/Medieval_Timbered_Wall_Base_Color.jpg,/Volumes/Data/University/PPMGR/Blender_Mat_Generator_PPMGR/Projects/textures
Medieval_chain_Octagon_AO_R_M.jpg,/Volumes/Data/University/PPMGR/Blender_Mat_Generator_PPMGR/Projects/textures/Medieval_chain_Octagon_AO_R_M.jpg,/Volumes/Data/University/PPMGR/Blender_Mat_Generator_PPMGR/Projects/textures
Medieval_chain_Octagon_basecolor.jpg,/Volumes/Data/University/PPMGR/Blender_Mat_Generator_PPMGR/Projects/textures/Medieval_chain_Octagon_basecolor.jpg,/Volumes/Data/University/PPMGR/Blender_Mat_Generator_PPMGR/Projects/textures
Melting ice_BaseColor.jpg,/Volumes/Data/University/PPMGR/Blender_Mat_Generator_PPMGR/Projects/textures/Melting ice_BaseColor.jpg,/Volumes/Data/University/PPMGR/Blender_Mat_Generator_PPMGR/Projects/textures
Melting snow_BaseColor.jpg,/Volumes/Data/University/PPMGR/Blender_Mat_Generator_PPMGR/Projects/textures/Melting snow_BaseColor.jpg,/Volumes/Data/University/PPMGR/Blender_Mat_Generator_PPMGR/Projects/textures
Mercury 8K_diffuseOriginal.jpg,/Volumes/Data/University/PPMGR/Blender_Mat_Generator_PPMGR/Projects/textures/Mercury 8K_diffuseOriginal.jpg,/Volumes/Data/University/PPMGR/Blender_Mat_Generator_PPMGR/Projects/textures
Metal Plate_Albedo.jpg,/Volumes/Data/University/PPMGR/Blender_Mat_Generator_PPMGR/Projects/textures/Metal Plate_Albedo.jpg,/Volumes/Data/University/PPMGR/Blender_Mat_Generator_PPMGR/Projects/textures
Metal Rust Rope_BaseColor.jpg,/Volumes/Data/University/PPMGR/Blender_Mat_Generator_PPMGR/Projects/textures/Metal Rust Rope_BaseColor.jpg,/Volumes/Data/University/PPMGR/Blender_Mat_Generator_PPMGR/Projects/textures
Metal07_diffuse_xtm.jpg,/Volumes/Data/University/PPMGR/Blender_Mat_Generator_PPMGR/Projects/textures/Metal07_diffuse_xtm.jpg,/Volumes/Data/University/PPMGR/Blender_Mat_Generator_PPMGR/Projects/textures
MetalScan_basecolor.jpg,/Volumes/Data/University/PPMGR/Blender_Mat_Generator_PPMGR/Projects/textures/MetalScan_basecolor.jpg,/Volumes/Data/University/PPMGR/Blender_Mat_Generator_PPMGR/Projects/textures
Metal_Painted_Fence_01_basecolor.jpg,/Volumes/Data/University/PPMGR/Blender_Mat_Generator_PPMGR/Projects/textures/Metal_Painted_Fence_01_basecolor.jpg,/Volumes/Data/University/PPMGR/Blender_Mat_Generator_PPMGR/Projects/textures
Metal_plate_basecolor.jpg,/Volumes/Data/University/PPMGR/Blender_Mat_Generator_PPMGR/Projects/textures/Metal_plate_basecolor.jpg,/Volumes/Data/University/PPMGR/Blender_Mat_Generator_PPMGR/Projects/textures
Metallic Gold_old_Base Color.jpeg,/Volumes/Data/University/PPMGR/Blender_Mat_Generator_PPMGR/Projects/textures/Metallic Gold_old_Base Color.jpeg,/Volumes/Data/University/PPMGR/Blender_Mat_Generator_PPMGR/Projects/textures
Metro Aqua Wall Tiles Texture Seamless_Albedo.jpg,/Volumes/Data/University/PPMGR/Blender_Mat_Generator_PPMGR/Projects/textures/Metro Aqua Wall Tiles Texture Seamless_Albedo.jpg,/Volumes/Data/University/PPMGR/Blender_Mat_Generator_PPMGR/Projects/textures
MexicanColorFabric-basecolor.jpg,/Volumes/Data/University/PPMGR/Blender_Mat_Generator_PPMGR/Projects/textures/MexicanColorFabric-basecolor.jpg,/Volumes/Data/University/PPMGR/Blender_Mat_Generator_PPMGR/Projects/textures
Military Fabric_BaseColor.jpg,/Volumes/Data/University/PPMGR/Blender_Mat_Generator_PPMGR/Projects/textures/Military Fabric_BaseColor.jpg,/Volumes/Data/University/PPMGR/Blender_Mat_Generator_PPMGR/Projects/textures
Modern geometric fabricl_BaseColor.png,/Volumes/Data/University/PPMGR/Blender_Mat_Generator_PPMGR/Projects/textures/Modern geometric fabricl_BaseColor.png,/Volumes/Data/University/PPMGR/Blender_Mat_Generator_PPMGR/Projects/textures
MonsterFur_albedo.jpg,/Volumes/Data/University/PPMGR/Blender_Mat_Generator_PPMGR/Projects/textures/MonsterFur_albedo.jpg,/Volumes/Data/University/PPMGR/Blender_Mat_Generator_PPMGR/Projects/textures
Monster_diffuseOriginal.jpg,/Volumes/Data/University/PPMGR/Blender_Mat_Generator_PPMGR/Projects/textures/Monster_diffuseOriginal.jpg,/Volumes/Data/University/PPMGR/Blender_Mat_Generator_PPMGR/Projects/textures
Moon 01 8K_diffuseOriginal.jpg,/Volumes/Data/University/PPMGR/Blender_Mat_Generator_PPMGR/Projects/textures/Moon 01 8K_diffuseOriginal.jpg,/Volumes/Data/University/PPMGR/Blender_Mat_Generator_PPMGR/Projects/textures
Moon 02 8K_diffuseOriginal.jpg,/Volumes/Data/University/PPMGR/Blender_Mat_Generator_PPMGR/Projects/textures/Moon 02 8K_diffuseOriginal.jpg,/Volumes/Data/University/PPMGR/Blender_Mat_Generator_PPMGR/Projects/textures
Moon 03 8K_diffuseOriginal.jpg,/Volumes/Data/University/PPMGR/Blender_Mat_Generator_PPMGR/Projects/textures/Moon 03 8K_diffuseOriginal.jpg,/Volumes/Data/University/PPMGR/Blender_Mat_Generator_PPMGR/Projects/textures
Moon 04 8K_diffuseOriginal.jpg,/Volumes/Data/University/PPMGR/Blender_Mat_Generator_PPMGR/Projects/textures/Moon 04 8K_diffuseOriginal.jpg,/Volumes/Data/University/PPMGR/Blender_Mat_Generator_PPMGR/Projects/textures
Moon 05 8K_diffuseOriginal.jpg,/Volumes/Data/University/PPMGR/Blender_Mat_Generator_PPMGR/Projects/textures/Moon 05 8K_diffuseOriginal.jpg,/Volumes/Data/University/PPMGR/Blender_Mat_Generator_PPMGR/Projects/textures
Moon 8K_diffuseOriginal.jpg,/Volumes/Data/University/PPMGR/Blender_Mat_Generator_PPMGR/Projects/textures/Moon 8K_diffuseOriginal.jpg,/Volumes/Data/University/PPMGR/Blender_Mat_Generator_PPMGR/Projects/textures
Moon _BaseColor.jpg,/Volumes/Data/University/PPMGR/Blender_Mat_Generator_PPMGR/Projects/textures/Moon _BaseColor.jpg,/Volumes/Data/University/PPMGR/Blender_Mat_Generator_PPMGR/Projects/textures
Moon_diffuseOriginal.jpg,/Volumes/Data/University/PPMGR/Blender_Mat_Generator_PPMGR/Projects/textures/Moon_diffuseOriginal.jpg,/Volumes/Data/University/PPMGR/Blender_Mat_Generator_PPMGR/Projects/textures
Moos_Albedo_8192x8192.jpg,/Volumes/Data/University/PPMGR/Blender_Mat_Generator_PPMGR/Projects/textures/Moos_Albedo_8192x8192.jpg,/Volumes/Data/University/PPMGR/Blender_Mat_Generator_PPMGR/Projects/textures
MosaicTiles_basecolor.jpg,/Volumes/Data/University/PPMGR/Blender_Mat_Generator_PPMGR/Projects/textures/MosaicTiles_basecolor.jpg,/Volumes/Data/University/PPMGR/Blender_Mat_Generator_PPMGR/Projects/textures
Moss Bark_BaseColor.jpg,/Volumes/Data/University/PPMGR/Blender_Mat_Generator_PPMGR/Projects/textures/Moss Bark_BaseColor.jpg,/Volumes/Data/University/PPMGR/Blender_Mat_Generator_PPMGR/Projects/textures
Moss Cracked_BaseColor.jpg,/Volumes/Data/University/PPMGR/Blender_Mat_Generator_PPMGR/Projects/textures/Moss Cracked_BaseColor.jpg,/Volumes/Data/University/PPMGR/Blender_Mat_Generator_PPMGR/Projects/textures
Moss_01_BaseColor.jpg,/Volumes/Data/University/PPMGR/Blender_Mat_Generator_PPMGR/Projects/textures/Moss_01_BaseColor.jpg,/Volumes/Data/University/PPMGR/Blender_Mat_Generator_PPMGR/Projects/textures
Moss_Rock-basecolor.jpg,/Volumes/Data/University/PPMGR/Blender_Mat_Generator_PPMGR/Projects/textures/Moss_Rock-basecolor.jpg,/Volumes/Data/University/PPMGR/Blender_Mat_Generator_PPMGR/Projects/textures
Moss_Rock_2-basecolor.jpg,/Volumes/Data/University/PPMGR/Blender_Mat_Generator_PPMGR/Projects/textures/Moss_Rock_2-basecolor.jpg,/Volumes/Data/University/PPMGR/Blender_Mat_Generator_PPMGR/Projects/textures
Moss_Rock_3-basecolor.jpg,/Volumes/Data/University/PPMGR/Blender_Mat_Generator_PPMGR/Projects/textures/Moss_Rock_3-basecolor.jpg,/Volumes/Data/University/PPMGR/Blender_Mat_Generator_PPMGR/Projects/textures
Mossy Ground_basecolor.jpg,/Volumes/Data/University/PPMGR/Blender_Mat_Generator_PPMGR/Projects/textures/Mossy Ground_basecolor.jpg,/Volumes/Data/University/PPMGR/Blender_Mat_Generator_PPMGR/Projects/textures
Mossy Ground_basecolor.png,/Volumes/Data/University/PPMGR/Blender_Mat_Generator_PPMGR/Projects/textures/Mossy Ground_basecolor.png,/Volumes/Data/University/PPMGR/Blender_Mat_Generator_PPMGR/Projects/textures
Mossy_Cobblestones_01_BaseColor.jpg,/Volumes/Data/University/PPMGR/Blender_Mat_Generator_PPMGR/Projects/textures/Mossy_Cobblestones_01_BaseColor.jpg,/Volumes/Data/University/PPMGR/Blender_Mat_Generator_PPMGR/Projects/textures
Mossy_Rocks_01Image-diffuse.jpg,/Volumes/Data/University/PPMGR/Blender_Mat_Generator_PPMGR/Projects/textures/Mossy_Rocks_01Image-diffuse.jpg,/Volumes/Data/University/PPMGR/Blender_Mat_Generator_PPMGR/Projects/textures
Mossy_Rocks_01Image-normal.jpg,/Volumes/Data/University/PPMGR/Blender_Mat_Generator_PPMGR/Projects/textures/Mossy_Rocks_01Image-normal.jpg,/Volumes/Data/University/PPMGR/Blender_Mat_Generator_PPMGR/Projects/textures
Mossy_Rocks_01_BaseColor.jpg,/Volumes/Data/University/PPMGR/Blender_Mat_Generator_PPMGR/Projects/textures/Mossy_Rocks_01_BaseColor.jpg,/Volumes/Data/University/PPMGR/Blender_Mat_Generator_PPMGR/Projects/textures
Mud Floor Moss_BaseColor.jpg,/Volumes/Data/University/PPMGR/Blender_Mat_Generator_PPMGR/Projects/textures/Mud Floor Moss_BaseColor.jpg,/Volumes/Data/University/PPMGR/Blender_Mat_Generator_PPMGR/Projects/textures
Mud01_BaseColor.jpg,/Volumes/Data/University/PPMGR/Blender_Mat_Generator_PPMGR/Projects/textures/Mud01_BaseColor.jpg,/Volumes/Data/University/PPMGR/Blender_Mat_Generator_PPMGR/Projects/textures
Mud02_BaseColor.jpg,/Volumes/Data/University/PPMGR/Blender_Mat_Generator_PPMGR/Projects/textures/Mud02_BaseColor.jpg,/Volumes/Data/University/PPMGR/Blender_Mat_Generator_PPMGR/Projects/textures
Mud_basecolor.jpg,/Volumes/Data/University/PPMGR/Blender_Mat_Generator_PPMGR/Projects/textures/Mud_basecolor.jpg,/Volumes/Data/University/PPMGR/Blender_Mat_Generator_PPMGR/Projects/textures
Mud_material_AO_ROUGHNESS_SPECULAR.jpg,/Volumes/Data/University/PPMGR/Blender_Mat_Generator_PPMGR/Projects/textures/Mud_material_AO_ROUGHNESS_SPECULAR.jpg,/Volumes/Data/University/PPMGR/Blender_Mat_Generator_PPMGR/Projects/textures
Mud_material_basecolor.jpg,/Volumes/Data/University/PPMGR/Blender_Mat_Generator_PPMGR/Projects/textures/Mud_material_basecolor.jpg,/Volumes/Data/University/PPMGR/Blender_Mat_Generator_PPMGR/Projects/textures
Muddy ground_BaseColor.jpg,/Volumes/Data/University/PPMGR/Blender_Mat_Generator_PPMGR/Projects/textures/Muddy ground_BaseColor.jpg,/Volumes/Data/University/PPMGR/Blender_Mat_Generator_PPMGR/Projects/textures
Muddy_Carrot_skin_Texture_Base_Color.jpg,/Volumes/Data/University/PPMGR/Blender_Mat_Generator_PPMGR/Projects/textures/Muddy_Carrot_skin_Texture_Base_Color.jpg,/Volumes/Data/University/PPMGR/Blender_Mat_Generator_PPMGR/Projects/textures
Natural wood Planks_231241_BaseColor.jpg,/Volumes/Data/University/PPMGR/Blender_Mat_Generator_PPMGR/Projects/textures/Natural wood Planks_231241_BaseColor.jpg,/Volumes/Data/University/PPMGR/Blender_Mat_Generator_PPMGR/Projects/textures
Natural_Stone_Veneer_basecolor.jpg,/Volumes/Data/University/PPMGR/Blender_Mat_Generator_PPMGR/Projects/textures/Natural_Stone_Veneer_basecolor.jpg,/Volumes/Data/University/PPMGR/Blender_Mat_Generator_PPMGR/Projects/textures
Natural_Wood_triangular_Dark_Base_Color.jpg,/Volumes/Data/University/PPMGR/Blender_Mat_Generator_PPMGR/Projects/textures/Natural_Wood_triangular_Dark_Base_Color.jpg,/Volumes/Data/University/PPMGR/Blender_Mat_Generator_PPMGR/Projects/textures
Natural_Wood_triangular_Dark_Base_Color.jpg.png,/Volumes/Data/University/PPMGR/Blender_Mat_Generator_PPMGR/Projects/textures/Natural_Wood_triangular_Dark_Base_Color.jpg.png,/Volumes/Data/University/PPMGR/Blender_Mat_Generator_PPMGR/Projects/textures
Natural_Wood_triangular_White_Base_Color.jpg,/Volumes/Data/University/PPMGR/Blender_Mat_Generator_PPMGR/Projects/textures/Natural_Wood_triangular_White_Base_Color.jpg,/Volumes/Data/University/PPMGR/Blender_Mat_Generator_PPMGR/Projects/textures
Navy Blue Snowflake.png,/Volumes/Data/University/PPMGR/Blender_Mat_Generator_PPMGR/Projects/textures/Navy Blue Snowflake.png,/Volumes/Data/University/PPMGR/Blender_Mat_Generator_PPMGR/Projects/textures
Navy2-2K.jpg,/Volumes/Data/University/PPMGR/Blender_Mat_Generator_PPMGR/Projects/textures/Navy2-2K.jpg,/Volumes/Data/University/PPMGR/Blender_Mat_Generator_PPMGR/Projects/textures
Neon sci fi pannel purple 1-basecolor.jpg,/Volumes/Data/University/PPMGR/Blender_Mat_Generator_PPMGR/Projects/textures/Neon sci fi pannel purple 1-basecolor.jpg,/Volumes/Data/University/PPMGR/Blender_Mat_Generator_PPMGR/Projects/textures
Neon sci fi pannel purple 1-emission.jpg,/Volumes/Data/University/PPMGR/Blender_Mat_Generator_PPMGR/Projects/textures/Neon sci fi pannel purple 1-emission.jpg,/Volumes/Data/University/PPMGR/Blender_Mat_Generator_PPMGR/Projects/textures
Neon_Pink_Techni-Camo_01_BaseColor.jpg,/Volumes/Data/University/PPMGR/Blender_Mat_Generator_PPMGR/Projects/textures/Neon_Pink_Techni-Camo_01_BaseColor.jpg,/Volumes/Data/University/PPMGR/Blender_Mat_Generator_PPMGR/Projects/textures
Neon_Purple_Techni-Camo_01_BaseColor.jpg,/Volumes/Data/University/PPMGR/Blender_Mat_Generator_PPMGR/Projects/textures/Neon_Purple_Techni-Camo_01_BaseColor.jpg,/Volumes/Data/University/PPMGR/Blender_Mat_Generator_PPMGR/Projects/textures
Neptune 8K_diffuseOriginal.jpg,/Volumes/Data/University/PPMGR/Blender_Mat_Generator_PPMGR/Projects/textures/Neptune 8K_diffuseOriginal.jpg,/Volumes/Data/University/PPMGR/Blender_Mat_Generator_PPMGR/Projects/textures
Net 1_4K-JPG_Color.jpg,/Volumes/Data/University/PPMGR/Blender_Mat_Generator_PPMGR/Projects/textures/Net 1_4K-JPG_Color.jpg,/Volumes/Data/University/PPMGR/Blender_Mat_Generator_PPMGR/Projects/textures
Net 2_4K-JPG_Color.jpg,/Volumes/Data/University/PPMGR/Blender_Mat_Generator_PPMGR/Projects/textures/Net 2_4K-JPG_Color.jpg,/Volumes/Data/University/PPMGR/Blender_Mat_Generator_PPMGR/Projects/textures
Net 3_4K-JPG_Color.jpg,/Volumes/Data/University/PPMGR/Blender_Mat_Generator_PPMGR/Projects/textures/Net 3_4K-JPG_Color.jpg,/Volumes/Data/University/PPMGR/Blender_Mat_Generator_PPMGR/Projects/textures
Net 4_4K-JPG_Color.jpg,/Volumes/Data/University/PPMGR/Blender_Mat_Generator_PPMGR/Projects/textures/Net 4_4K-JPG_Color.jpg,/Volumes/Data/University/PPMGR/Blender_Mat_Generator_PPMGR/Projects/textures
Net 5_4K-JPG_Color.jpg,/Volumes/Data/University/PPMGR/Blender_Mat_Generator_PPMGR/Projects/textures/Net 5_4K-JPG_Color.jpg,/Volumes/Data/University/PPMGR/Blender_Mat_Generator_PPMGR/Projects/textures
Net 6_4K-JPG_Color.jpg,/Volumes/Data/University/PPMGR/Blender_Mat_Generator_PPMGR/Projects/textures/Net 6_4K-JPG_Color.jpg,/Volumes/Data/University/PPMGR/Blender_Mat_Generator_PPMGR/Projects/textures
Net 7_4K-JPG_Color.jpg,/Volumes/Data/University/PPMGR/Blender_Mat_Generator_PPMGR/Projects/textures/Net 7_4K-JPG_Color.jpg,/Volumes/Data/University/PPMGR/Blender_Mat_Generator_PPMGR/Projects/textures
Net 8_4K-JPG_Color.jpg,/Volumes/Data/University/PPMGR/Blender_Mat_Generator_PPMGR/Projects/textures/Net 8_4K-JPG_Color.jpg,/Volumes/Data/University/PPMGR/Blender_Mat_Generator_PPMGR/Projects/textures
New_Graph_Basecolor.jpg,/Volumes/Data/University/PPMGR/Blender_Mat_Generator_PPMGR/Projects/textures/New_Graph_Basecolor.jpg,/Volumes/Data/University/PPMGR/Blender_Mat_Generator_PPMGR/Projects/textures
New_Graph_emissive.jpg,/Volumes/Data/University/PPMGR/Blender_Mat_Generator_PPMGR/Projects/textures/New_Graph_emissive.jpg,/Volumes/Data/University/PPMGR/Blender_Mat_Generator_PPMGR/Projects/textures
Nicht benanntes Material_BaseColor.jpg,/Volumes/Data/University/PPMGR/Blender_Mat_Generator_PPMGR/Projects/textures/Nicht benanntes Material_BaseColor.jpg,/Volumes/Data/University/PPMGR/Blender_Mat_Generator_PPMGR/Projects/textures
Nickel Light Battered_BaseColor.jpg,/Volumes/Data/University/PPMGR/Blender_Mat_Generator_PPMGR/Projects/textures/Nickel Light Battered_BaseColor.jpg,/Volumes/Data/University/PPMGR/Blender_Mat_Generator_PPMGR/Projects/textures
Noce-Amendoa_Diffuse.jpg,/Volumes/Data/University/PPMGR/Blender_Mat_Generator_PPMGR/Projects/textures/Noce-Amendoa_Diffuse.jpg,/Volumes/Data/University/PPMGR/Blender_Mat_Generator_PPMGR/Projects/textures
Nogal Terracota - Difuse.png,/Volumes/Data/University/PPMGR/Blender_Mat_Generator_PPMGR/Projects/textures/Nogal Terracota - Difuse.png,/Volumes/Data/University/PPMGR/Blender_Mat_Generator_PPMGR/Projects/textures
Nussbaum_BaseColor.jpg,/Volumes/Data/University/PPMGR/Blender_Mat_Generator_PPMGR/Projects/textures/Nussbaum_BaseColor.jpg,/Volumes/Data/University/PPMGR/Blender_Mat_Generator_PPMGR/Projects/textures
Oak 001_BaseColor.jpg,/Volumes/Data/University/PPMGR/Blender_Mat_Generator_PPMGR/Projects/textures/Oak 001_BaseColor.jpg,/Volumes/Data/University/PPMGR/Blender_Mat_Generator_PPMGR/Projects/textures
Oak 002_BaseColor.jpg,/Volumes/Data/University/PPMGR/Blender_Mat_Generator_PPMGR/Projects/textures/Oak 002_BaseColor.jpg,/Volumes/Data/University/PPMGR/Blender_Mat_Generator_PPMGR/Projects/textures
Oak 003_BaseColor.jpg,/Volumes/Data/University/PPMGR/Blender_Mat_Generator_PPMGR/Projects/textures/Oak 003_BaseColor.jpg,/Volumes/Data/University/PPMGR/Blender_Mat_Generator_PPMGR/Projects/textures
Oak 004_BaseColor.jpg,/Volumes/Data/University/PPMGR/Blender_Mat_Generator_PPMGR/Projects/textures/Oak 004_BaseColor.jpg,/Volumes/Data/University/PPMGR/Blender_Mat_Generator_PPMGR/Projects/textures
Oak 005_BaseColor.jpg,/Volumes/Data/University/PPMGR/Blender_Mat_Generator_PPMGR/Projects/textures/Oak 005_BaseColor.jpg,/Volumes/Data/University/PPMGR/Blender_Mat_Generator_PPMGR/Projects/textures
Oak 006_BaseColor.jpg,/Volumes/Data/University/PPMGR/Blender_Mat_Generator_PPMGR/Projects/textures/Oak 006_BaseColor.jpg,/Volumes/Data/University/PPMGR/Blender_Mat_Generator_PPMGR/Projects/textures
Oak 007_BaseColor.jpg,/Volumes/Data/University/PPMGR/Blender_Mat_Generator_PPMGR/Projects/textures/Oak 007_BaseColor.jpg,/Volumes/Data/University/PPMGR/Blender_Mat_Generator_PPMGR/Projects/textures
Oak Hreringbone parquet old_Diffuse.jpg,/Volumes/Data/University/PPMGR/Blender_Mat_Generator_PPMGR/Projects/textures/Oak Hreringbone parquet old_Diffuse.jpg,/Volumes/Data/University/PPMGR/Blender_Mat_Generator_PPMGR/Projects/textures
Oak wood english_BaseColor.jpg,/Volumes/Data/University/PPMGR/Blender_Mat_Generator_PPMGR/Projects/textures/Oak wood english_BaseColor.jpg,/Volumes/Data/University/PPMGR/Blender_Mat_Generator_PPMGR/Projects/textures
Oak wood herringbone_BaseColor.jpg,/Volumes/Data/University/PPMGR/Blender_Mat_Generator_PPMGR/Projects/textures/Oak wood herringbone_BaseColor.jpg,/Volumes/Data/University/PPMGR/Blender_Mat_Generator_PPMGR/Projects/textures
Oak wood hungarian pattern_BaseColor.jpg,/Volumes/Data/University/PPMGR/Blender_Mat_Generator_PPMGR/Projects/textures/Oak wood hungarian pattern_BaseColor.jpg,/Volumes/Data/University/PPMGR/Blender_Mat_Generator_PPMGR/Projects/textures
Oak wood square backet_BaseColor.jpg,/Volumes/Data/University/PPMGR/Blender_Mat_Generator_PPMGR/Projects/textures/Oak wood square backet_BaseColor.jpg,/Volumes/Data/University/PPMGR/Blender_Mat_Generator_PPMGR/Projects/textures
Oak-Rect-basecolor.jpg,/Volumes/Data/University/PPMGR/Blender_Mat_Generator_PPMGR/Projects/textures/Oak-Rect-basecolor.jpg,/Volumes/Data/University/PPMGR/Blender_Mat_Generator_PPMGR/Projects/textures
Oak-Rect2-basecolor.jpg,/Volumes/Data/University/PPMGR/Blender_Mat_Generator_PPMGR/Projects/textures/Oak-Rect2-basecolor.jpg,/Volumes/Data/University/PPMGR/Blender_Mat_Generator_PPMGR/Projects/textures
Oak_Wood_01_Color.jpg,/Volumes/Data/University/PPMGR/Blender_Mat_Generator_PPMGR/Projects/textures/Oak_Wood_01_Color.jpg,/Volumes/Data/University/PPMGR/Blender_Mat_Generator_PPMGR/Projects/textures
Oak_Wood_02_Color.jpg,/Volumes/Data/University/PPMGR/Blender_Mat_Generator_PPMGR/Projects/textures/Oak_Wood_02_Color.jpg,/Volumes/Data/University/PPMGR/Blender_Mat_Generator_PPMGR/Projects/textures
Oak_Wood_03_Color.jpg,/Volumes/Data/University/PPMGR/Blender_Mat_Generator_PPMGR/Projects/textures/Oak_Wood_03_Color.jpg,/Volumes/Data/University/PPMGR/Blender_Mat_Generator_PPMGR/Projects/textures
Oak_Wooden_Plank_Base.jpg,/Volumes/Data/University/PPMGR/Blender_Mat_Generator_PPMGR/Projects/textures/Oak_Wooden_Plank_Base.jpg,/Volumes/Data/University/PPMGR/Blender_Mat_Generator_PPMGR/Projects/textures
Oak_Wooden_Planks_color_map.jpg,/Volumes/Data/University/PPMGR/Blender_Mat_Generator_PPMGR/Projects/textures/Oak_Wooden_Planks_color_map.jpg,/Volumes/Data/University/PPMGR/Blender_Mat_Generator_PPMGR/Projects/textures
Oak_wood_Clear-basecolor.jpg,/Volumes/Data/University/PPMGR/Blender_Mat_Generator_PPMGR/Projects/textures/Oak_wood_Clear-basecolor.jpg,/Volumes/Data/University/PPMGR/Blender_Mat_Generator_PPMGR/Projects/textures
OfficeCapet-basecolor.jpg,/Volumes/Data/University/PPMGR/Blender_Mat_Generator_PPMGR/Projects/textures/OfficeCapet-basecolor.jpg,/Volumes/Data/University/PPMGR/Blender_Mat_Generator_PPMGR/Projects/textures
Office_Carpet_Base_Color.jpg,/Volumes/Data/University/PPMGR/Blender_Mat_Generator_PPMGR/Projects/textures/Office_Carpet_Base_Color.jpg,/Volumes/Data/University/PPMGR/Blender_Mat_Generator_PPMGR/Projects/textures
Office_white_ceiling_tiles_Base_Color.jpg,/Volumes/Data/University/PPMGR/Blender_Mat_Generator_PPMGR/Projects/textures/Office_white_ceiling_tiles_Base_Color.jpg,/Volumes/Data/University/PPMGR/Blender_Mat_Generator_PPMGR/Projects/textures
Old Brick Wall_BaseColor.jpg,/Volumes/Data/University/PPMGR/Blender_Mat_Generator_PPMGR/Projects/textures/Old Brick Wall_BaseColor.jpg,/Volumes/Data/University/PPMGR/Blender_Mat_Generator_PPMGR/Projects/textures
Old Used Wood White Painted Texture Seamless Diffuse.jpg,/Volumes/Data/University/PPMGR/Blender_Mat_Generator_PPMGR/Projects/textures/Old Used Wood White Painted Texture Seamless Diffuse.jpg,/Volumes/Data/University/PPMGR/Blender_Mat_Generator_PPMGR/Projects/textures
Old moldy logs texture Diffuse.jpg,/Volumes/Data/University/PPMGR/Blender_Mat_Generator_PPMGR/Projects/textures/Old moldy logs texture Diffuse.jpg,/Volumes/Data/University/PPMGR/Blender_Mat_Generator_PPMGR/Projects/textures
Old rock wall_BaseColor.jpg,/Volumes/Data/University/PPMGR/Blender_Mat_Generator_PPMGR/Projects/textures/Old rock wall_BaseColor.jpg,/Volumes/Data/University/PPMGR/Blender_Mat_Generator_PPMGR/Projects/textures
Old rough wood texture seamless_BaseColor.jpg,/Volumes/Data/University/PPMGR/Blender_Mat_Generator_PPMGR/Projects/textures/Old rough wood texture seamless_BaseColor.jpg,/Volumes/Data/University/PPMGR/Blender_Mat_Generator_PPMGR/Projects/textures
Old rubber_BaseColor.jpg,/Volumes/Data/University/PPMGR/Blender_Mat_Generator_PPMGR/Projects/textures/Old rubber_BaseColor.jpg,/Volumes/Data/University/PPMGR/Blender_Mat_Generator_PPMGR/Projects/textures
Old wall_Albedo.jpg,/Volumes/Data/University/PPMGR/Blender_Mat_Generator_PPMGR/Projects/textures/Old wall_Albedo.jpg,/Volumes/Data/University/PPMGR/Blender_Mat_Generator_PPMGR/Projects/textures
Old_Caramic_Tile_basecolor.jpg,/Volumes/Data/University/PPMGR/Blender_Mat_Generator_PPMGR/Projects/textures/Old_Caramic_Tile_basecolor.jpg,/Volumes/Data/University/PPMGR/Blender_Mat_Generator_PPMGR/Projects/textures
Old_fashined_black_and_white_tiles_Base_Color.jpg,/Volumes/Data/University/PPMGR/Blender_Mat_Generator_PPMGR/Projects/textures/Old_fashined_black_and_white_tiles_Base_Color.jpg,/Volumes/Data/University/PPMGR/Blender_Mat_Generator_PPMGR/Projects/textures
Optimus Sand_diffuse.jpg,/Volumes/Data/University/PPMGR/Blender_Mat_Generator_PPMGR/Projects/textures/Optimus Sand_diffuse.jpg,/Volumes/Data/University/PPMGR/Blender_Mat_Generator_PPMGR/Projects/textures
Orange_Fabric_Wavy_Sewn_Base_Color.jpg,/Volumes/Data/University/PPMGR/Blender_Mat_Generator_PPMGR/Projects/textures/Orange_Fabric_Wavy_Sewn_Base_Color.jpg,/Volumes/Data/University/PPMGR/Blender_Mat_Generator_PPMGR/Projects/textures
Orange_Peel_01Image-diffuse.jpg,/Volumes/Data/University/PPMGR/Blender_Mat_Generator_PPMGR/Projects/textures/Orange_Peel_01Image-diffuse.jpg,/Volumes/Data/University/PPMGR/Blender_Mat_Generator_PPMGR/Projects/textures
Orange_Pyramid_Decor_wall_grout_Base_Color.jpg,/Volumes/Data/University/PPMGR/Blender_Mat_Generator_PPMGR/Projects/textures/Orange_Pyramid_Decor_wall_grout_Base_Color.jpg,/Volumes/Data/University/PPMGR/Blender_Mat_Generator_PPMGR/Projects/textures
Orange_Skin_Base.jpg,/Volumes/Data/University/PPMGR/Blender_Mat_Generator_PPMGR/Projects/textures/Orange_Skin_Base.jpg,/Volumes/Data/University/PPMGR/Blender_Mat_Generator_PPMGR/Projects/textures
Orange_Twisted_raffia_Base_Color.jpg,/Volumes/Data/University/PPMGR/Blender_Mat_Generator_PPMGR/Projects/textures/Orange_Twisted_raffia_Base_Color.jpg,/Volumes/Data/University/PPMGR/Blender_Mat_Generator_PPMGR/Projects/textures
Orange_marble_white_stripes_Base_Color.jpg,/Volumes/Data/University/PPMGR/Blender_Mat_Generator_PPMGR/Projects/textures/Orange_marble_white_stripes_Base_Color.jpg,/Volumes/Data/University/PPMGR/Blender_Mat_Generator_PPMGR/Projects/textures
Orange_star_shaped_Tiles_Base_Color.jpg,/Volumes/Data/University/PPMGR/Blender_Mat_Generator_PPMGR/Projects/textures/Orange_star_shaped_Tiles_Base_Color.jpg,/Volumes/Data/University/PPMGR/Blender_Mat_Generator_PPMGR/Projects/textures
Ornament_diffuseOriginal.jpg,/Volumes/Data/University/PPMGR/Blender_Mat_Generator_PPMGR/Projects/textures/Ornament_diffuseOriginal.jpg,/Volumes/Data/University/PPMGR/Blender_Mat_Generator_PPMGR/Projects/textures
Ornamental Damaged Plaster_BaseColor.jpg,/Volumes/Data/University/PPMGR/Blender_Mat_Generator_PPMGR/Projects/textures/Ornamental Damaged Plaster_BaseColor.jpg,/Volumes/Data/University/PPMGR/Blender_Mat_Generator_PPMGR/Projects/textures
Ornamental Damaged Plaster_DetailMap.png,/Volumes/Data/University/PPMGR/Blender_Mat_Generator_PPMGR/Projects/textures/Ornamental Damaged Plaster_DetailMap.png,/Volumes/Data/University/PPMGR/Blender_Mat_Generator_PPMGR/Projects/textures
Ornamental Damaged Plaster_MaskMap.png,/Volumes/Data/University/PPMGR/Blender_Mat_Generator_PPMGR/Projects/textures/Ornamental Damaged Plaster_MaskMap.png,/Volumes/Data/University/PPMGR/Blender_Mat_Generator_PPMGR/Projects/textures
Oxidised_Noise_03_Image.jpg,/Volumes/Data/University/PPMGR/Blender_Mat_Generator_PPMGR/Projects/textures/Oxidised_Noise_03_Image.jpg,/Volumes/Data/University/PPMGR/Blender_Mat_Generator_PPMGR/Projects/textures
Oxidised_Rust_03_Image-diffuse.jpg,/Volumes/Data/University/PPMGR/Blender_Mat_Generator_PPMGR/Projects/textures/Oxidised_Rust_03_Image-diffuse.jpg,/Volumes/Data/University/PPMGR/Blender_Mat_Generator_PPMGR/Projects/textures
Oxidised_Rust_04_Image-diffuse.jpg,/Volumes/Data/University/PPMGR/Blender_Mat_Generator_PPMGR/Projects/textures/Oxidised_Rust_04_Image-diffuse.jpg,/Volumes/Data/University/PPMGR/Blender_Mat_Generator_PPMGR/Projects/textures
Oxidized_Brass_Plate_Base_Color.jpg,/Volumes/Data/University/PPMGR/Blender_Mat_Generator_PPMGR/Projects/textures/Oxidized_Brass_Plate_Base_Color.jpg,/Volumes/Data/University/PPMGR/Blender_Mat_Generator_PPMGR/Projects/textures
Oxidized_Brass_Plate_rusty_Base_Color.jpg,/Volumes/Data/University/PPMGR/Blender_Mat_Generator_PPMGR/Projects/textures/Oxidized_Brass_Plate_rusty_Base_Color.jpg,/Volumes/Data/University/PPMGR/Blender_Mat_Generator_PPMGR/Projects/textures
Oxidized_Copper_Metal_Base_Color.jpg,/Volumes/Data/University/PPMGR/Blender_Mat_Generator_PPMGR/Projects/textures/Oxidized_Copper_Metal_Base_Color.jpg,/Volumes/Data/University/PPMGR/Blender_Mat_Generator_PPMGR/Projects/textures
PAving02Var03_basecolor.jpg,/Volumes/Data/University/PPMGR/Blender_Mat_Generator_PPMGR/Projects/textures/PAving02Var03_basecolor.jpg,/Volumes/Data/University/PPMGR/Blender_Mat_Generator_PPMGR/Projects/textures
PBR leather_BaseColor.jpg,/Volumes/Data/University/PPMGR/Blender_Mat_Generator_PPMGR/Projects/textures/PBR leather_BaseColor.jpg,/Volumes/Data/University/PPMGR/Blender_Mat_Generator_PPMGR/Projects/textures
PBR rusty metal_BaseColor.jpg,/Volumes/Data/University/PPMGR/Blender_Mat_Generator_PPMGR/Projects/textures/PBR rusty metal_BaseColor.jpg,/Volumes/Data/University/PPMGR/Blender_Mat_Generator_PPMGR/Projects/textures
PBR_Stone_Wall_with_Plaster_Photo_Texture_4k_Albedo.jpg,/Volumes/Data/University/PPMGR/Blender_Mat_Generator_PPMGR/Projects/textures/PBR_Stone_Wall_with_Plaster_Photo_Texture_4k_Albedo.jpg,/Volumes/Data/University/PPMGR/Blender_Mat_Generator_PPMGR/Projects/textures
PCBA_diffuseOriginal3.jpg,/Volumes/Data/University/PPMGR/Blender_Mat_Generator_PPMGR/Projects/textures/PCBA_diffuseOriginal3.jpg,/Volumes/Data/University/PPMGR/Blender_Mat_Generator_PPMGR/Projects/textures
PUPAZZO DI NEVE.jpg,/Volumes/Data/University/PPMGR/Blender_Mat_Generator_PPMGR/Projects/textures/PUPAZZO DI NEVE.jpg,/Volumes/Data/University/PPMGR/Blender_Mat_Generator_PPMGR/Projects/textures
PVC_MahoganyDark-basecolor.jpg,/Volumes/Data/University/PPMGR/Blender_Mat_Generator_PPMGR/Projects/textures/PVC_MahoganyDark-basecolor.jpg,/Volumes/Data/University/PPMGR/Blender_Mat_Generator_PPMGR/Projects/textures
PVC_Wood-basecolor.jpg,/Volumes/Data/University/PPMGR/Blender_Mat_Generator_PPMGR/Projects/textures/PVC_Wood-basecolor.jpg,/Volumes/Data/University/PPMGR/Blender_Mat_Generator_PPMGR/Projects/textures
PVC_WoodAbeto-basecolor.jpg,/Volumes/Data/University/PPMGR/Blender_Mat_Generator_PPMGR/Projects/textures/PVC_WoodAbeto-basecolor.jpg,/Volumes/Data/University/PPMGR/Blender_Mat_Generator_PPMGR/Projects/textures
PVC_WoodCaoba-basecolor.jpg,/Volumes/Data/University/PPMGR/Blender_Mat_Generator_PPMGR/Projects/textures/PVC_WoodCaoba-basecolor.jpg,/Volumes/Data/University/PPMGR/Blender_Mat_Generator_PPMGR/Projects/textures
PaddedSurface01_BaseColor.jpg,/Volumes/Data/University/PPMGR/Blender_Mat_Generator_PPMGR/Projects/textures/PaddedSurface01_BaseColor.jpg,/Volumes/Data/University/PPMGR/Blender_Mat_Generator_PPMGR/Projects/textures
Padded_Jacket__base_color.jpg,/Volumes/Data/University/PPMGR/Blender_Mat_Generator_PPMGR/Projects/textures/Padded_Jacket__base_color.jpg,/Volumes/Data/University/PPMGR/Blender_Mat_Generator_PPMGR/Projects/textures
Padio Stone_diffuseOriginal.jpg,/Volumes/Data/University/PPMGR/Blender_Mat_Generator_PPMGR/Projects/textures/Padio Stone_diffuseOriginal.jpg,/Volumes/Data/University/PPMGR/Blender_Mat_Generator_PPMGR/Projects/textures
Painted White Wall_BaseColor.jpg,/Volumes/Data/University/PPMGR/Blender_Mat_Generator_PPMGR/Projects/textures/Painted White Wall_BaseColor.jpg,/Volumes/Data/University/PPMGR/Blender_Mat_Generator_PPMGR/Projects/textures
Painted wall_BaseColor.jpg,/Volumes/Data/University/PPMGR/Blender_Mat_Generator_PPMGR/Projects/textures/Painted wall_BaseColor.jpg,/Volumes/Data/University/PPMGR/Blender_Mat_Generator_PPMGR/Projects/textures
Painted_Metal_02_BaseColor.jpg,/Volumes/Data/University/PPMGR/Blender_Mat_Generator_PPMGR/Projects/textures/Painted_Metal_02_BaseColor.jpg,/Volumes/Data/University/PPMGR/Blender_Mat_Generator_PPMGR/Projects/textures
Pale_Human_Skin_Diffuse_01.jpg.jpg,/Volumes/Data/University/PPMGR/Blender_Mat_Generator_PPMGR/Projects/textures/Pale_Human_Skin_Diffuse_01.jpg.jpg,/Volumes/Data/University/PPMGR/Blender_Mat_Generator_PPMGR/Projects/textures
PalmBark01_BaseColor.jpg,/Volumes/Data/University/PPMGR/Blender_Mat_Generator_PPMGR/Projects/textures/PalmBark01_BaseColor.jpg,/Volumes/Data/University/PPMGR/Blender_Mat_Generator_PPMGR/Projects/textures
Pantheon_Ceilling_basecolor.jpg,/Volumes/Data/University/PPMGR/Blender_Mat_Generator_PPMGR/Projects/textures/Pantheon_Ceilling_basecolor.jpg,/Volumes/Data/University/PPMGR/Blender_Mat_Generator_PPMGR/Projects/textures
Papaer 1_BaseColor.jpg,/Volumes/Data/University/PPMGR/Blender_Mat_Generator_PPMGR/Projects/textures/Papaer 1_BaseColor.jpg,/Volumes/Data/University/PPMGR/Blender_Mat_Generator_PPMGR/Projects/textures
Paper 2_BaseColor.jpg,/Volumes/Data/University/PPMGR/Blender_Mat_Generator_PPMGR/Projects/textures/Paper 2_BaseColor.jpg,/Volumes/Data/University/PPMGR/Blender_Mat_Generator_PPMGR/Projects/textures
Paper01_BaseColor.jpg,/Volumes/Data/University/PPMGR/Blender_Mat_Generator_PPMGR/Projects/textures/Paper01_BaseColor.jpg,/Volumes/Data/University/PPMGR/Blender_Mat_Generator_PPMGR/Projects/textures
Paper_Base_Color_1001.jpg,/Volumes/Data/University/PPMGR/Blender_Mat_Generator_PPMGR/Projects/textures/Paper_Base_Color_1001.jpg,/Volumes/Data/University/PPMGR/Blender_Mat_Generator_PPMGR/Projects/textures
Paper_Bookshelf_01_basecolor.jpg,/Volumes/Data/University/PPMGR/Blender_Mat_Generator_PPMGR/Projects/textures/Paper_Bookshelf_01_basecolor.jpg,/Volumes/Data/University/PPMGR/Blender_Mat_Generator_PPMGR/Projects/textures
Paper_Cardboard_01_basecolor.jpg,/Volumes/Data/University/PPMGR/Blender_Mat_Generator_PPMGR/Projects/textures/Paper_Cardboard_01_basecolor.jpg,/Volumes/Data/University/PPMGR/Blender_Mat_Generator_PPMGR/Projects/textures
Paper_Cardboard_03_basecolor.jpg,/Volumes/Data/University/PPMGR/Blender_Mat_Generator_PPMGR/Projects/textures/Paper_Cardboard_03_basecolor.jpg,/Volumes/Data/University/PPMGR/Blender_Mat_Generator_PPMGR/Projects/textures
Paper_Cardboard_04_basecolor.jpg,/Volumes/Data/University/PPMGR/Blender_Mat_Generator_PPMGR/Projects/textures/Paper_Cardboard_04_basecolor.jpg,/Volumes/Data/University/PPMGR/Blender_Mat_Generator_PPMGR/Projects/textures
Paper_Cardbord_02_basecolor.jpg,/Volumes/Data/University/PPMGR/Blender_Mat_Generator_PPMGR/Projects/textures/Paper_Cardbord_02_basecolor.jpg,/Volumes/Data/University/PPMGR/Blender_Mat_Generator_PPMGR/Projects/textures
Paper_HandmadePaper_01_basecolor.jpg,/Volumes/Data/University/PPMGR/Blender_Mat_Generator_PPMGR/Projects/textures/Paper_HandmadePaper_01_basecolor.jpg,/Volumes/Data/University/PPMGR/Blender_Mat_Generator_PPMGR/Projects/textures
Paper_Piñata_01_basecolor.jpg,/Volumes/Data/University/PPMGR/Blender_Mat_Generator_PPMGR/Projects/textures/Paper_Piñata_01_basecolor.jpg,/Volumes/Data/University/PPMGR/Blender_Mat_Generator_PPMGR/Projects/textures
Paper_Stylized_Piñata_01_basecolor.jpg,/Volumes/Data/University/PPMGR/Blender_Mat_Generator_PPMGR/Projects/textures/Paper_Stylized_Piñata_01_basecolor.jpg,/Volumes/Data/University/PPMGR/Blender_Mat_Generator_PPMGR/Projects/textures
Paper_ToiledPaper_01_basecolor.jpg,/Volumes/Data/University/PPMGR/Blender_Mat_Generator_PPMGR/Projects/textures/Paper_ToiledPaper_01_basecolor.jpg,/Volumes/Data/University/PPMGR/Blender_Mat_Generator_PPMGR/Projects/textures
Pappel Maser_Base Color.jpg,/Volumes/Data/University/PPMGR/Blender_Mat_Generator_PPMGR/Projects/textures/Pappel Maser_Base Color.jpg,/Volumes/Data/University/PPMGR/Blender_Mat_Generator_PPMGR/Projects/textures
ParedNaranja_BaseColor.jpg,/Volumes/Data/University/PPMGR/Blender_Mat_Generator_PPMGR/Projects/textures/ParedNaranja_BaseColor.jpg,/Volumes/Data/University/PPMGR/Blender_Mat_Generator_PPMGR/Projects/textures
ParedPurpura_BaseColor.jpg,/Volumes/Data/University/PPMGR/Blender_Mat_Generator_PPMGR/Projects/textures/ParedPurpura_BaseColor.jpg,/Volumes/Data/University/PPMGR/Blender_Mat_Generator_PPMGR/Projects/textures
ParedVerdeLima_BaseColor.jpg,/Volumes/Data/University/PPMGR/Blender_Mat_Generator_PPMGR/Projects/textures/ParedVerdeLima_BaseColor.jpg,/Volumes/Data/University/PPMGR/Blender_Mat_Generator_PPMGR/Projects/textures
Pared_Gris_Pizarra_basecolor.jpg,/Volumes/Data/University/PPMGR/Blender_Mat_Generator_PPMGR/Projects/textures/Pared_Gris_Pizarra_basecolor.jpg,/Volumes/Data/University/PPMGR/Blender_Mat_Generator_PPMGR/Projects/textures
Pared_Verde_Esmeralda_basecolor.jpg,/Volumes/Data/University/PPMGR/Blender_Mat_Generator_PPMGR/Projects/textures/Pared_Verde_Esmeralda_basecolor.jpg,/Volumes/Data/University/PPMGR/Blender_Mat_Generator_PPMGR/Projects/textures
Parquet 1_BaseColor.jpg,/Volumes/Data/University/PPMGR/Blender_Mat_Generator_PPMGR/Projects/textures/Parquet 1_BaseColor.jpg,/Volumes/Data/University/PPMGR/Blender_Mat_Generator_PPMGR/Projects/textures
ParquetFlooring09_4K_BaseColor.jpg,/Volumes/Data/University/PPMGR/Blender_Mat_Generator_PPMGR/Projects/textures/ParquetFlooring09_4K_BaseColor.jpg,/Volumes/Data/University/PPMGR/Blender_Mat_Generator_PPMGR/Projects/textures
ParquetFlooring10_4K_BaseColor.jpg,/Volumes/Data/University/PPMGR/Blender_Mat_Generator_PPMGR/Projects/textures/ParquetFlooring10_4K_BaseColor.jpg,/Volumes/Data/University/PPMGR/Blender_Mat_Generator_PPMGR/Projects/textures
Parquet_02_diffuseOriginal.jpg,/Volumes/Data/University/PPMGR/Blender_Mat_Generator_PPMGR/Projects/textures/Parquet_02_diffuseOriginal.jpg,/Volumes/Data/University/PPMGR/Blender_Mat_Generator_PPMGR/Projects/textures
Parquet_Trials_02_basecolor.jpg,/Volumes/Data/University/PPMGR/Blender_Mat_Generator_PPMGR/Projects/textures/Parquet_Trials_02_basecolor.jpg,/Volumes/Data/University/PPMGR/Blender_Mat_Generator_PPMGR/Projects/textures
Parquet_Trials_basecolor.jpg,/Volumes/Data/University/PPMGR/Blender_Mat_Generator_PPMGR/Projects/textures/Parquet_Trials_basecolor.jpg,/Volumes/Data/University/PPMGR/Blender_Mat_Generator_PPMGR/Projects/textures
Parquet_Wood_Tile_chevron_Base_Color.jpg,/Volumes/Data/University/PPMGR/Blender_Mat_Generator_PPMGR/Projects/textures/Parquet_Wood_Tile_chevron_Base_Color.jpg,/Volumes/Data/University/PPMGR/Blender_Mat_Generator_PPMGR/Projects/textures
Parquet_Wood_dark_chevron_Base_Color.jpg,/Volumes/Data/University/PPMGR/Blender_Mat_Generator_PPMGR/Projects/textures/Parquet_Wood_dark_chevron_Base_Color.jpg,/Volumes/Data/University/PPMGR/Blender_Mat_Generator_PPMGR/Projects/textures
Particle board_BaseColor.jpg,/Volumes/Data/University/PPMGR/Blender_Mat_Generator_PPMGR/Projects/textures/Particle board_BaseColor.jpg,/Volumes/Data/University/PPMGR/Blender_Mat_Generator_PPMGR/Projects/textures
Particle_Board_01_Image.jpg,/Volumes/Data/University/PPMGR/Blender_Mat_Generator_PPMGR/Projects/textures/Particle_Board_01_Image.jpg,/Volumes/Data/University/PPMGR/Blender_Mat_Generator_PPMGR/Projects/textures
Patch fabric pattern_BaseColor.jpg,/Volumes/Data/University/PPMGR/Blender_Mat_Generator_PPMGR/Projects/textures/Patch fabric pattern_BaseColor.jpg,/Volumes/Data/University/PPMGR/Blender_Mat_Generator_PPMGR/Projects/textures
PatchWood_Diffuse.jpg,/Volumes/Data/University/PPMGR/Blender_Mat_Generator_PPMGR/Projects/textures/PatchWood_Diffuse.jpg,/Volumes/Data/University/PPMGR/Blender_Mat_Generator_PPMGR/Projects/textures
Pattern Fabric LotPixel.com 4k 4_baseColor.jpg,/Volumes/Data/University/PPMGR/Blender_Mat_Generator_PPMGR/Projects/textures/Pattern Fabric LotPixel.com 4k 4_baseColor.jpg,/Volumes/Data/University/PPMGR/Blender_Mat_Generator_PPMGR/Projects/textures
Pattern_Tile_base.jpg,/Volumes/Data/University/PPMGR/Blender_Mat_Generator_PPMGR/Projects/textures/Pattern_Tile_base.jpg,/Volumes/Data/University/PPMGR/Blender_Mat_Generator_PPMGR/Projects/textures
Patterned metal_BaseColor.jpg,/Volumes/Data/University/PPMGR/Blender_Mat_Generator_PPMGR/Projects/textures/Patterned metal_BaseColor.jpg,/Volumes/Data/University/PPMGR/Blender_Mat_Generator_PPMGR/Projects/textures
Pavement01_BaseColor.jpg,/Volumes/Data/University/PPMGR/Blender_Mat_Generator_PPMGR/Projects/textures/Pavement01_BaseColor.jpg,/Volumes/Data/University/PPMGR/Blender_Mat_Generator_PPMGR/Projects/textures
Pavement_2_BaseColor.jpg,/Volumes/Data/University/PPMGR/Blender_Mat_Generator_PPMGR/Projects/textures/Pavement_2_BaseColor.jpg,/Volumes/Data/University/PPMGR/Blender_Mat_Generator_PPMGR/Projects/textures
Pavement_Albedo.jpg,/Volumes/Data/University/PPMGR/Blender_Mat_Generator_PPMGR/Projects/textures/Pavement_Albedo.jpg,/Volumes/Data/University/PPMGR/Blender_Mat_Generator_PPMGR/Projects/textures
Pavement_Color.jpg,/Volumes/Data/University/PPMGR/Blender_Mat_Generator_PPMGR/Projects/textures/Pavement_Color.jpg,/Volumes/Data/University/PPMGR/Blender_Mat_Generator_PPMGR/Projects/textures
Paver_Albedo.jpg,/Volumes/Data/University/PPMGR/Blender_Mat_Generator_PPMGR/Projects/textures/Paver_Albedo.jpg,/Volumes/Data/University/PPMGR/Blender_Mat_Generator_PPMGR/Projects/textures
Paver_blocks_alternating_color_Base_Color.jpg,/Volumes/Data/University/PPMGR/Blender_Mat_Generator_PPMGR/Projects/textures/Paver_blocks_alternating_color_Base_Color.jpg,/Volumes/Data/University/PPMGR/Blender_Mat_Generator_PPMGR/Projects/textures
PaversGravelPatioVar2_basecolor.jpg,/Volumes/Data/University/PPMGR/Blender_Mat_Generator_PPMGR/Projects/textures/PaversGravelPatioVar2_basecolor.jpg,/Volumes/Data/University/PPMGR/Blender_Mat_Generator_PPMGR/Projects/textures
PaversGravelPatio_basecolor.jpg,/Volumes/Data/University/PPMGR/Blender_Mat_Generator_PPMGR/Projects/textures/PaversGravelPatio_basecolor.jpg,/Volumes/Data/University/PPMGR/Blender_Mat_Generator_PPMGR/Projects/textures
Paving02Var02_basecolor.jpg,/Volumes/Data/University/PPMGR/Blender_Mat_Generator_PPMGR/Projects/textures/Paving02Var02_basecolor.jpg,/Volumes/Data/University/PPMGR/Blender_Mat_Generator_PPMGR/Projects/textures
Paving02Var04_basecolor.jpg,/Volumes/Data/University/PPMGR/Blender_Mat_Generator_PPMGR/Projects/textures/Paving02Var04_basecolor.jpg,/Volumes/Data/University/PPMGR/Blender_Mat_Generator_PPMGR/Projects/textures
Paving02_basecolor.jpg,/Volumes/Data/University/PPMGR/Blender_Mat_Generator_PPMGR/Projects/textures/Paving02_basecolor.jpg,/Volumes/Data/University/PPMGR/Blender_Mat_Generator_PPMGR/Projects/textures
PavingStone02_3K_BaseColor.jpg,/Volumes/Data/University/PPMGR/Blender_Mat_Generator_PPMGR/Projects/textures/PavingStone02_3K_BaseColor.jpg,/Volumes/Data/University/PPMGR/Blender_Mat_Generator_PPMGR/Projects/textures
PavingStone03_2K_BaseColor.jpg,/Volumes/Data/University/PPMGR/Blender_Mat_Generator_PPMGR/Projects/textures/PavingStone03_2K_BaseColor.jpg,/Volumes/Data/University/PPMGR/Blender_Mat_Generator_PPMGR/Projects/textures
PavingStone04_3K_BaseColor.jpg,/Volumes/Data/University/PPMGR/Blender_Mat_Generator_PPMGR/Projects/textures/PavingStone04_3K_BaseColor.jpg,/Volumes/Data/University/PPMGR/Blender_Mat_Generator_PPMGR/Projects/textures
PavingStone04_3K_Normal.jpg,/Volumes/Data/University/PPMGR/Blender_Mat_Generator_PPMGR/Projects/textures/PavingStone04_3K_Normal.jpg,/Volumes/Data/University/PPMGR/Blender_Mat_Generator_PPMGR/Projects/textures
PavingStone05_3K_BaseColor.jpg,/Volumes/Data/University/PPMGR/Blender_Mat_Generator_PPMGR/Projects/textures/PavingStone05_3K_BaseColor.jpg,/Volumes/Data/University/PPMGR/Blender_Mat_Generator_PPMGR/Projects/textures
Paving_Albedo.jpg,/Volumes/Data/University/PPMGR/Blender_Mat_Generator_PPMGR/Projects/textures/Paving_Albedo.jpg,/Volumes/Data/University/PPMGR/Blender_Mat_Generator_PPMGR/Projects/textures
Peak_diffuse.jpg,/Volumes/Data/University/PPMGR/Blender_Mat_Generator_PPMGR/Projects/textures/Peak_diffuse.jpg,/Volumes/Data/University/PPMGR/Blender_Mat_Generator_PPMGR/Projects/textures
PebblesMud_basecolor.jpg,/Volumes/Data/University/PPMGR/Blender_Mat_Generator_PPMGR/Projects/textures/PebblesMud_basecolor.jpg,/Volumes/Data/University/PPMGR/Blender_Mat_Generator_PPMGR/Projects/textures
Pebbles_BaseColor.jpg,/Volumes/Data/University/PPMGR/Blender_Mat_Generator_PPMGR/Projects/textures/Pebbles_BaseColor.jpg,/Volumes/Data/University/PPMGR/Blender_Mat_Generator_PPMGR/Projects/textures
Peeled white paint wall texture seamless Diffuse.jpg,/Volumes/Data/University/PPMGR/Blender_Mat_Generator_PPMGR/Projects/textures/Peeled white paint wall texture seamless Diffuse.jpg,/Volumes/Data/University/PPMGR/Blender_Mat_Generator_PPMGR/Projects/textures
Peeling_Paint_Base_Color.jpg,/Volumes/Data/University/PPMGR/Blender_Mat_Generator_PPMGR/Projects/textures/Peeling_Paint_Base_Color.jpg,/Volumes/Data/University/PPMGR/Blender_Mat_Generator_PPMGR/Projects/textures
Perforated kite leather_BaseColor.jpg,/Volumes/Data/University/PPMGR/Blender_Mat_Generator_PPMGR/Projects/textures/Perforated kite leather_BaseColor.jpg,/Volumes/Data/University/PPMGR/Blender_Mat_Generator_PPMGR/Projects/textures
Perforated rubber 1_BaseColor.jpg,/Volumes/Data/University/PPMGR/Blender_Mat_Generator_PPMGR/Projects/textures/Perforated rubber 1_BaseColor.jpg,/Volumes/Data/University/PPMGR/Blender_Mat_Generator_PPMGR/Projects/textures
Perforated rubber_BaseColor.jpg,/Volumes/Data/University/PPMGR/Blender_Mat_Generator_PPMGR/Projects/textures/Perforated rubber_BaseColor.jpg,/Volumes/Data/University/PPMGR/Blender_Mat_Generator_PPMGR/Projects/textures
Pflaster_Albedo_8192x8192.jpg,/Volumes/Data/University/PPMGR/Blender_Mat_Generator_PPMGR/Projects/textures/Pflaster_Albedo_8192x8192.jpg,/Volumes/Data/University/PPMGR/Blender_Mat_Generator_PPMGR/Projects/textures
Pile of Candies 01_BaseColor.jpg,/Volumes/Data/University/PPMGR/Blender_Mat_Generator_PPMGR/Projects/textures/Pile of Candies 01_BaseColor.jpg,/Volumes/Data/University/PPMGR/Blender_Mat_Generator_PPMGR/Projects/textures
Pile of Cookies_BaseColor.jpg,/Volumes/Data/University/PPMGR/Blender_Mat_Generator_PPMGR/Projects/textures/Pile of Cookies_BaseColor.jpg,/Volumes/Data/University/PPMGR/Blender_Mat_Generator_PPMGR/Projects/textures
Pile_of_Shells_basecolor.jpg,/Volumes/Data/University/PPMGR/Blender_Mat_Generator_PPMGR/Projects/textures/Pile_of_Shells_basecolor.jpg,/Volumes/Data/University/PPMGR/Blender_Mat_Generator_PPMGR/Projects/textures
Pine.jpg,/Volumes/Data/University/PPMGR/Blender_Mat_Generator_PPMGR/Projects/textures/Pine.jpg,/Volumes/Data/University/PPMGR/Blender_Mat_Generator_PPMGR/Projects/textures
Pine_Wood_Planks_Base_Color.jpg,/Volumes/Data/University/PPMGR/Blender_Mat_Generator_PPMGR/Projects/textures/Pine_Wood_Planks_Base_Color.jpg,/Volumes/Data/University/PPMGR/Blender_Mat_Generator_PPMGR/Projects/textures
Pine_Wood_Planks_Dark_Base_Color.jpg,/Volumes/Data/University/PPMGR/Blender_Mat_Generator_PPMGR/Projects/textures/Pine_Wood_Planks_Dark_Base_Color.jpg,/Volumes/Data/University/PPMGR/Blender_Mat_Generator_PPMGR/Projects/textures
PinkPolkadots_Diffuse.jpg,/Volumes/Data/University/PPMGR/Blender_Mat_Generator_PPMGR/Projects/textures/PinkPolkadots_Diffuse.jpg,/Volumes/Data/University/PPMGR/Blender_Mat_Generator_PPMGR/Projects/textures
Pirate_Coins_basecolor.jpg,/Volumes/Data/University/PPMGR/Blender_Mat_Generator_PPMGR/Projects/textures/Pirate_Coins_basecolor.jpg,/Volumes/Data/University/PPMGR/Blender_Mat_Generator_PPMGR/Projects/textures
Piso_Granito_Medieval_Rojo_basecolor.jpg,/Volumes/Data/University/PPMGR/Blender_Mat_Generator_PPMGR/Projects/textures/Piso_Granito_Medieval_Rojo_basecolor.jpg,/Volumes/Data/University/PPMGR/Blender_Mat_Generator_PPMGR/Projects/textures
Piso_Madera_Estrella_Arabe_basecolor.jpg,/Volumes/Data/University/PPMGR/Blender_Mat_Generator_PPMGR/Projects/textures/Piso_Madera_Estrella_Arabe_basecolor.jpg,/Volumes/Data/University/PPMGR/Blender_Mat_Generator_PPMGR/Projects/textures
Piso_Marmol_Arabe_Floreado_basecolor.jpg,/Volumes/Data/University/PPMGR/Blender_Mat_Generator_PPMGR/Projects/textures/Piso_Marmol_Arabe_Floreado_basecolor.jpg,/Volumes/Data/University/PPMGR/Blender_Mat_Generator_PPMGR/Projects/textures
Piso_Porcelanato_Gris_basecolor.png,/Volumes/Data/University/PPMGR/Blender_Mat_Generator_PPMGR/Projects/textures/Piso_Porcelanato_Gris_basecolor.png,/Volumes/Data/University/PPMGR/Blender_Mat_Generator_PPMGR/Projects/textures
Piso_Terrazo_Marino_basecolor.jpg,/Volumes/Data/University/PPMGR/Blender_Mat_Generator_PPMGR/Projects/textures/Piso_Terrazo_Marino_basecolor.jpg,/Volumes/Data/University/PPMGR/Blender_Mat_Generator_PPMGR/Projects/textures
Plane_Blue hawaiian shirt pattern_BaseColor.jpg,/Volumes/Data/University/PPMGR/Blender_Mat_Generator_PPMGR/Projects/textures/Plane_Blue hawaiian shirt pattern_BaseColor.jpg,/Volumes/Data/University/PPMGR/Blender_Mat_Generator_PPMGR/Projects/textures
Plank 4_4K_Color.jpg,/Volumes/Data/University/PPMGR/Blender_Mat_Generator_PPMGR/Projects/textures/Plank 4_4K_Color.jpg,/Volumes/Data/University/PPMGR/Blender_Mat_Generator_PPMGR/Projects/textures
Plank 5_4K_Color.jpg,/Volumes/Data/University/PPMGR/Blender_Mat_Generator_PPMGR/Projects/textures/Plank 5_4K_Color.jpg,/Volumes/Data/University/PPMGR/Blender_Mat_Generator_PPMGR/Projects/textures
Plaster_01_basecolor.jpg,/Volumes/Data/University/PPMGR/Blender_Mat_Generator_PPMGR/Projects/textures/Plaster_01_basecolor.jpg,/Volumes/Data/University/PPMGR/Blender_Mat_Generator_PPMGR/Projects/textures
Plaster_Wall_basecolor.jpg,/Volumes/Data/University/PPMGR/Blender_Mat_Generator_PPMGR/Projects/textures/Plaster_Wall_basecolor.jpg,/Volumes/Data/University/PPMGR/Blender_Mat_Generator_PPMGR/Projects/textures
Plastic003_4K_Color.jpg,/Volumes/Data/University/PPMGR/Blender_Mat_Generator_PPMGR/Projects/textures/Plastic003_4K_Color.jpg,/Volumes/Data/University/PPMGR/Blender_Mat_Generator_PPMGR/Projects/textures
Plastic012B_4K_Color.jpg,/Volumes/Data/University/PPMGR/Blender_Mat_Generator_PPMGR/Projects/textures/Plastic012B_4K_Color.jpg,/Volumes/Data/University/PPMGR/Blender_Mat_Generator_PPMGR/Projects/textures
Plastic_Blue_Can_diffuseOriginal.jpg,/Volumes/Data/University/PPMGR/Blender_Mat_Generator_PPMGR/Projects/textures/Plastic_Blue_Can_diffuseOriginal.jpg,/Volumes/Data/University/PPMGR/Blender_Mat_Generator_PPMGR/Projects/textures
Plastic_Caution_Tape_Base_Color.jpg,/Volumes/Data/University/PPMGR/Blender_Mat_Generator_PPMGR/Projects/textures/Plastic_Caution_Tape_Base_Color.jpg,/Volumes/Data/University/PPMGR/Blender_Mat_Generator_PPMGR/Projects/textures
Plastic_Green_Can_diffuseOriginal.jpg,/Volumes/Data/University/PPMGR/Blender_Mat_Generator_PPMGR/Projects/textures/Plastic_Green_Can_diffuseOriginal.jpg,/Volumes/Data/University/PPMGR/Blender_Mat_Generator_PPMGR/Projects/textures
Plastic_Sci-fi_Tile_basecolor.jpg,/Volumes/Data/University/PPMGR/Blender_Mat_Generator_PPMGR/Projects/textures/Plastic_Sci-fi_Tile_basecolor.jpg,/Volumes/Data/University/PPMGR/Blender_Mat_Generator_PPMGR/Projects/textures
Plastic_Sci-fi_Tile_basecolor.jpg.png,/Volumes/Data/University/PPMGR/Blender_Mat_Generator_PPMGR/Projects/textures/Plastic_Sci-fi_Tile_basecolor.jpg.png,/Volumes/Data/University/PPMGR/Blender_Mat_Generator_PPMGR/Projects/textures
Plastic_Sci-fi_Tile_emissive.jpg,/Volumes/Data/University/PPMGR/Blender_Mat_Generator_PPMGR/Projects/textures/Plastic_Sci-fi_Tile_emissive.jpg,/Volumes/Data/University/PPMGR/Blender_Mat_Generator_PPMGR/Projects/textures
Playground_rubber_tiles_yellow_Base_Color.jpg,/Volumes/Data/University/PPMGR/Blender_Mat_Generator_PPMGR/Projects/textures/Playground_rubber_tiles_yellow_Base_Color.jpg,/Volumes/Data/University/PPMGR/Blender_Mat_Generator_PPMGR/Projects/textures
Polkadot1_Albedo.jpg,/Volumes/Data/University/PPMGR/Blender_Mat_Generator_PPMGR/Projects/textures/Polkadot1_Albedo.jpg,/Volumes/Data/University/PPMGR/Blender_Mat_Generator_PPMGR/Projects/textures
PolkadotV2_Albedo.jpg,/Volumes/Data/University/PPMGR/Blender_Mat_Generator_PPMGR/Projects/textures/PolkadotV2_Albedo.jpg,/Volumes/Data/University/PPMGR/Blender_Mat_Generator_PPMGR/Projects/textures
Polygon_Pattern_Fabric_basecolor.jpg,/Volumes/Data/University/PPMGR/Blender_Mat_Generator_PPMGR/Projects/textures/Polygon_Pattern_Fabric_basecolor.jpg,/Volumes/Data/University/PPMGR/Blender_Mat_Generator_PPMGR/Projects/textures
Polystyrene_BaseColor.jpg,/Volumes/Data/University/PPMGR/Blender_Mat_Generator_PPMGR/Projects/textures/Polystyrene_BaseColor.jpg,/Volumes/Data/University/PPMGR/Blender_Mat_Generator_PPMGR/Projects/textures
Pomegranate_Skin_Base.jpg,/Volumes/Data/University/PPMGR/Blender_Mat_Generator_PPMGR/Projects/textures/Pomegranate_Skin_Base.jpg,/Volumes/Data/University/PPMGR/Blender_Mat_Generator_PPMGR/Projects/textures
Porcelana_Ribetes_Azules_basecolor.jpg,/Volumes/Data/University/PPMGR/Blender_Mat_Generator_PPMGR/Projects/textures/Porcelana_Ribetes_Azules_basecolor.jpg,/Volumes/Data/University/PPMGR/Blender_Mat_Generator_PPMGR/Projects/textures
Pored_Bricks_Base_Color.jpg,/Volumes/Data/University/PPMGR/Blender_Mat_Generator_PPMGR/Projects/textures/Pored_Bricks_Base_Color.jpg,/Volumes/Data/University/PPMGR/Blender_Mat_Generator_PPMGR/Projects/textures
Pressed wood sawdust_basecolor.jpg,/Volumes/Data/University/PPMGR/Blender_Mat_Generator_PPMGR/Projects/textures/Pressed wood sawdust_basecolor.jpg,/Volumes/Data/University/PPMGR/Blender_Mat_Generator_PPMGR/Projects/textures
Punch_Through_Hole_wall_Base_Color.jpg,/Volumes/Data/University/PPMGR/Blender_Mat_Generator_PPMGR/Projects/textures/Punch_Through_Hole_wall_Base_Color.jpg,/Volumes/Data/University/PPMGR/Blender_Mat_Generator_PPMGR/Projects/textures
Punch_Through_Hole_wall_Normal.jpg,/Volumes/Data/University/PPMGR/Blender_Mat_Generator_PPMGR/Projects/textures/Punch_Through_Hole_wall_Normal.jpg,/Volumes/Data/University/PPMGR/Blender_Mat_Generator_PPMGR/Projects/textures
PuzzleFloor_diffuseOriginal.jpg,/Volumes/Data/University/PPMGR/Blender_Mat_Generator_PPMGR/Projects/textures/PuzzleFloor_diffuseOriginal.jpg,/Volumes/Data/University/PPMGR/Blender_Mat_Generator_PPMGR/Projects/textures
Puzzle_Vectorized.jpg,/Volumes/Data/University/PPMGR/Blender_Mat_Generator_PPMGR/Projects/textures/Puzzle_Vectorized.jpg,/Volumes/Data/University/PPMGR/Blender_Mat_Generator_PPMGR/Projects/textures
Pyramid_Red_Tiles_Base_Color.jpg,/Volumes/Data/University/PPMGR/Blender_Mat_Generator_PPMGR/Projects/textures/Pyramid_Red_Tiles_Base_Color.jpg,/Volumes/Data/University/PPMGR/Blender_Mat_Generator_PPMGR/Projects/textures
Quilted_Velvet_white_Base_Color.jpg,/Volumes/Data/University/PPMGR/Blender_Mat_Generator_PPMGR/Projects/textures/Quilted_Velvet_white_Base_Color.jpg,/Volumes/Data/University/PPMGR/Blender_Mat_Generator_PPMGR/Projects/textures
RGB.jpg,/Volumes/Data/University/PPMGR/Blender_Mat_Generator_PPMGR/Projects/textures/RGB.jpg,/Volumes/Data/University/PPMGR/Blender_Mat_Generator_PPMGR/Projects/textures
RGB_1.jpg,/Volumes/Data/University/PPMGR/Blender_Mat_Generator_PPMGR/Projects/textures/RGB_1.jpg,/Volumes/Data/University/PPMGR/Blender_Mat_Generator_PPMGR/Projects/textures
RaffiaRopeDark4k_Diffuse.jpg,/Volumes/Data/University/PPMGR/Blender_Mat_Generator_PPMGR/Projects/textures/RaffiaRopeDark4k_Diffuse.jpg,/Volumes/Data/University/PPMGR/Blender_Mat_Generator_PPMGR/Projects/textures
Rain_ripples_Base_Color.jpg,/Volumes/Data/University/PPMGR/Blender_Mat_Generator_PPMGR/Projects/textures/Rain_ripples_Base_Color.jpg,/Volumes/Data/University/PPMGR/Blender_Mat_Generator_PPMGR/Projects/textures
Ratten_Wicker__Base_Color.jpg,/Volumes/Data/University/PPMGR/Blender_Mat_Generator_PPMGR/Projects/textures/Ratten_Wicker__Base_Color.jpg,/Volumes/Data/University/PPMGR/Blender_Mat_Generator_PPMGR/Projects/textures
Raw_Grilled_Steak_Base_Color.jpg,/Volumes/Data/University/PPMGR/Blender_Mat_Generator_PPMGR/Projects/textures/Raw_Grilled_Steak_Base_Color.jpg,/Volumes/Data/University/PPMGR/Blender_Mat_Generator_PPMGR/Projects/textures
Raw_Wood_Plank_Base_Color.jpg,/Volumes/Data/University/PPMGR/Blender_Mat_Generator_PPMGR/Projects/textures/Raw_Wood_Plank_Base_Color.jpg,/Volumes/Data/University/PPMGR/Blender_Mat_Generator_PPMGR/Projects/textures
Red Fabric 01_BaseColor.jpg,/Volumes/Data/University/PPMGR/Blender_Mat_Generator_PPMGR/Projects/textures/Red Fabric 01_BaseColor.jpg,/Volumes/Data/University/PPMGR/Blender_Mat_Generator_PPMGR/Projects/textures
Red Gravel Pavement_BaseColor.jpg,/Volumes/Data/University/PPMGR/Blender_Mat_Generator_PPMGR/Projects/textures/Red Gravel Pavement_BaseColor.jpg,/Volumes/Data/University/PPMGR/Blender_Mat_Generator_PPMGR/Projects/textures
Red Small Rock_BaseColor.jpg,/Volumes/Data/University/PPMGR/Blender_Mat_Generator_PPMGR/Projects/textures/Red Small Rock_BaseColor.jpg,/Volumes/Data/University/PPMGR/Blender_Mat_Generator_PPMGR/Projects/textures
Red Suede Fabric_BaseColor.jpg,/Volumes/Data/University/PPMGR/Blender_Mat_Generator_PPMGR/Projects/textures/Red Suede Fabric_BaseColor.jpg,/Volumes/Data/University/PPMGR/Blender_Mat_Generator_PPMGR/Projects/textures
RedGlitter_Diffuse.jpg,/Volumes/Data/University/PPMGR/Blender_Mat_Generator_PPMGR/Projects/textures/RedGlitter_Diffuse.jpg,/Volumes/Data/University/PPMGR/Blender_Mat_Generator_PPMGR/Projects/textures
RedGranite-basecolor.jpg,/Volumes/Data/University/PPMGR/Blender_Mat_Generator_PPMGR/Projects/textures/RedGranite-basecolor.jpg,/Volumes/Data/University/PPMGR/Blender_Mat_Generator_PPMGR/Projects/textures
RedMarble.jpg,/Volumes/Data/University/PPMGR/Blender_Mat_Generator_PPMGR/Projects/textures/RedMarble.jpg,/Volumes/Data/University/PPMGR/Blender_Mat_Generator_PPMGR/Projects/textures
RedRock_-basecolor.jpg,/Volumes/Data/University/PPMGR/Blender_Mat_Generator_PPMGR/Projects/textures/RedRock_-basecolor.jpg,/Volumes/Data/University/PPMGR/Blender_Mat_Generator_PPMGR/Projects/textures
RedStoneWall01_3K_BaseColor.jpg,/Volumes/Data/University/PPMGR/Blender_Mat_Generator_PPMGR/Projects/textures/RedStoneWall01_3K_BaseColor.jpg,/Volumes/Data/University/PPMGR/Blender_Mat_Generator_PPMGR/Projects/textures
Red_Carpet_Base_Color.jpg,/Volumes/Data/University/PPMGR/Blender_Mat_Generator_PPMGR/Projects/textures/Red_Carpet_Base_Color.jpg,/Volumes/Data/University/PPMGR/Blender_Mat_Generator_PPMGR/Projects/textures
Red_Fabric_Base.jpg,/Volumes/Data/University/PPMGR/Blender_Mat_Generator_PPMGR/Projects/textures/Red_Fabric_Base.jpg,/Volumes/Data/University/PPMGR/Blender_Mat_Generator_PPMGR/Projects/textures
Red_Grungy_Metal_01_BaseColor.jpg,/Volumes/Data/University/PPMGR/Blender_Mat_Generator_PPMGR/Projects/textures/Red_Grungy_Metal_01_BaseColor.jpg,/Volumes/Data/University/PPMGR/Blender_Mat_Generator_PPMGR/Projects/textures
Red_Pyramid_Decor_wall_grout_Base_Color.jpg,/Volumes/Data/University/PPMGR/Blender_Mat_Generator_PPMGR/Projects/textures/Red_Pyramid_Decor_wall_grout_Base_Color.jpg,/Volumes/Data/University/PPMGR/Blender_Mat_Generator_PPMGR/Projects/textures
Red_Rubber_mulch_mats_Base_Color.jpg,/Volumes/Data/University/PPMGR/Blender_Mat_Generator_PPMGR/Projects/textures/Red_Rubber_mulch_mats_Base_Color.jpg,/Volumes/Data/University/PPMGR/Blender_Mat_Generator_PPMGR/Projects/textures
Red_Square_basecolor.jpg,/Volumes/Data/University/PPMGR/Blender_Mat_Generator_PPMGR/Projects/textures/Red_Square_basecolor.jpg,/Volumes/Data/University/PPMGR/Blender_Mat_Generator_PPMGR/Projects/textures
Red_Street_Base_color.jpg,/Volumes/Data/University/PPMGR/Blender_Mat_Generator_PPMGR/Projects/textures/Red_Street_Base_color.jpg,/Volumes/Data/University/PPMGR/Blender_Mat_Generator_PPMGR/Projects/textures
Red_Tartan_cloth_Base_Color.jpg,/Volumes/Data/University/PPMGR/Blender_Mat_Generator_PPMGR/Projects/textures/Red_Tartan_cloth_Base_Color.jpg,/Volumes/Data/University/PPMGR/Blender_Mat_Generator_PPMGR/Projects/textures
Red_Terrazzo_Marble_Base_Color.jpg,/Volumes/Data/University/PPMGR/Blender_Mat_Generator_PPMGR/Projects/textures/Red_Terrazzo_Marble_Base_Color.jpg,/Volumes/Data/University/PPMGR/Blender_Mat_Generator_PPMGR/Projects/textures
Red_Wall_Base.jpg,/Volumes/Data/University/PPMGR/Blender_Mat_Generator_PPMGR/Projects/textures/Red_Wall_Base.jpg,/Volumes/Data/University/PPMGR/Blender_Mat_Generator_PPMGR/Projects/textures
Red_Wall_Tiles_Small_Base.jpg,/Volumes/Data/University/PPMGR/Blender_Mat_Generator_PPMGR/Projects/textures/Red_Wall_Tiles_Small_Base.jpg,/Volumes/Data/University/PPMGR/Blender_Mat_Generator_PPMGR/Projects/textures
Red_Wood_01_Base.jpg,/Volumes/Data/University/PPMGR/Blender_Mat_Generator_PPMGR/Projects/textures/Red_Wood_01_Base.jpg,/Volumes/Data/University/PPMGR/Blender_Mat_Generator_PPMGR/Projects/textures
Red_Wood_02_Base.jpg,/Volumes/Data/University/PPMGR/Blender_Mat_Generator_PPMGR/Projects/textures/Red_Wood_02_Base.jpg,/Volumes/Data/University/PPMGR/Blender_Mat_Generator_PPMGR/Projects/textures
Red__Triangular_tile_Base_Color.jpg,/Volumes/Data/University/PPMGR/Blender_Mat_Generator_PPMGR/Projects/textures/Red__Triangular_tile_Base_Color.jpg,/Volumes/Data/University/PPMGR/Blender_Mat_Generator_PPMGR/Projects/textures
Red_and_white_porcelain_Base_Color.jpg,/Volumes/Data/University/PPMGR/Blender_Mat_Generator_PPMGR/Projects/textures/Red_and_white_porcelain_Base_Color.jpg,/Volumes/Data/University/PPMGR/Blender_Mat_Generator_PPMGR/Projects/textures
Red_decorative_tile_Base_Color.jpg,/Volumes/Data/University/PPMGR/Blender_Mat_Generator_PPMGR/Projects/textures/Red_decorative_tile_Base_Color.jpg,/Volumes/Data/University/PPMGR/Blender_Mat_Generator_PPMGR/Projects/textures
Red_decorative_tile_Normal.jpg,/Volumes/Data/University/PPMGR/Blender_Mat_Generator_PPMGR/Projects/textures/Red_decorative_tile_Normal.jpg,/Volumes/Data/University/PPMGR/Blender_Mat_Generator_PPMGR/Projects/textures
Red_victorian_tiles_Base_Color.jpg,/Volumes/Data/University/PPMGR/Blender_Mat_Generator_PPMGR/Projects/textures/Red_victorian_tiles_Base_Color.jpg,/Volumes/Data/University/PPMGR/Blender_Mat_Generator_PPMGR/Projects/textures
Reddish_Leather_Base_Color.jpg,/Volumes/Data/University/PPMGR/Blender_Mat_Generator_PPMGR/Projects/textures/Reddish_Leather_Base_Color.jpg,/Volumes/Data/University/PPMGR/Blender_Mat_Generator_PPMGR/Projects/textures
Render_01.jpg,/Volumes/Data/University/PPMGR/Blender_Mat_Generator_PPMGR/Projects/textures/Render_01.jpg,/Volumes/Data/University/PPMGR/Blender_Mat_Generator_PPMGR/Projects/textures
Render_01.jpg.png,/Volumes/Data/University/PPMGR/Blender_Mat_Generator_PPMGR/Projects/textures/Render_01.jpg.png,/Volumes/Data/University/PPMGR/Blender_Mat_Generator_PPMGR/Projects/textures
ReptileSkin_diffuseOriginal.jpg,/Volumes/Data/University/PPMGR/Blender_Mat_Generator_PPMGR/Projects/textures/ReptileSkin_diffuseOriginal.jpg,/Volumes/Data/University/PPMGR/Blender_Mat_Generator_PPMGR/Projects/textures
Rerto_Black_Tiles_Base_Color.jpg,/Volumes/Data/University/PPMGR/Blender_Mat_Generator_PPMGR/Projects/textures/Rerto_Black_Tiles_Base_Color.jpg,/Volumes/Data/University/PPMGR/Blender_Mat_Generator_PPMGR/Projects/textures
Rerto_Black_Tiles_white_Base_Color.jpg,/Volumes/Data/University/PPMGR/Blender_Mat_Generator_PPMGR/Projects/textures/Rerto_Black_Tiles_white_Base_Color.jpg,/Volumes/Data/University/PPMGR/Blender_Mat_Generator_PPMGR/Projects/textures
Retr_Stars_tile_Base_Color.jpg,/Volumes/Data/University/PPMGR/Blender_Mat_Generator_PPMGR/Projects/textures/Retr_Stars_tile_Base_Color.jpg,/Volumes/Data/University/PPMGR/Blender_Mat_Generator_PPMGR/Projects/textures
Retro_Asian_Floor_Base_Color.jpg,/Volumes/Data/University/PPMGR/Blender_Mat_Generator_PPMGR/Projects/textures/Retro_Asian_Floor_Base_Color.jpg,/Volumes/Data/University/PPMGR/Blender_Mat_Generator_PPMGR/Projects/textures
Rhombus_Black_Ceramic_tile_Base_Color.jpg,/Volumes/Data/University/PPMGR/Blender_Mat_Generator_PPMGR/Projects/textures/Rhombus_Black_Ceramic_tile_Base_Color.jpg,/Volumes/Data/University/PPMGR/Blender_Mat_Generator_PPMGR/Projects/textures
Rhombus_Ceramic_Tiles_Base_Color.jpg,/Volumes/Data/University/PPMGR/Blender_Mat_Generator_PPMGR/Projects/textures/Rhombus_Ceramic_Tiles_Base_Color.jpg,/Volumes/Data/University/PPMGR/Blender_Mat_Generator_PPMGR/Projects/textures
Rhombus_Ceramic_Tiles_Black_Base_Color.jpg,/Volumes/Data/University/PPMGR/Blender_Mat_Generator_PPMGR/Projects/textures/Rhombus_Ceramic_Tiles_Black_Base_Color.jpg,/Volumes/Data/University/PPMGR/Blender_Mat_Generator_PPMGR/Projects/textures
Rhombus_Ceramic_Tiles_Blue_Base_Color.jpg,/Volumes/Data/University/PPMGR/Blender_Mat_Generator_PPMGR/Projects/textures/Rhombus_Ceramic_Tiles_Blue_Base_Color.jpg,/Volumes/Data/University/PPMGR/Blender_Mat_Generator_PPMGR/Projects/textures
Rhombus_Ceramic_Tiles_Ornage_Base_Color.jpg,/Volumes/Data/University/PPMGR/Blender_Mat_Generator_PPMGR/Projects/textures/Rhombus_Ceramic_Tiles_Ornage_Base_Color.jpg,/Volumes/Data/University/PPMGR/Blender_Mat_Generator_PPMGR/Projects/textures
Rhombus_Red_Ceramic_tile_Base_Color.jpg,/Volumes/Data/University/PPMGR/Blender_Mat_Generator_PPMGR/Projects/textures/Rhombus_Red_Ceramic_tile_Base_Color.jpg,/Volumes/Data/University/PPMGR/Blender_Mat_Generator_PPMGR/Projects/textures
Riga Diffuse.jpg,/Volumes/Data/University/PPMGR/Blender_Mat_Generator_PPMGR/Projects/textures/Riga Diffuse.jpg,/Volumes/Data/University/PPMGR/Blender_Mat_Generator_PPMGR/Projects/textures
Riga Diffuse.jpg_ambient.jpg,/Volumes/Data/University/PPMGR/Blender_Mat_Generator_PPMGR/Projects/textures/Riga Diffuse.jpg_ambient.jpg,/Volumes/Data/University/PPMGR/Blender_Mat_Generator_PPMGR/Projects/textures
Ripstop fabric_BaseColor.jpg,/Volumes/Data/University/PPMGR/Blender_Mat_Generator_PPMGR/Projects/textures/Ripstop fabric_BaseColor.jpg,/Volumes/Data/University/PPMGR/Blender_Mat_Generator_PPMGR/Projects/textures
Riverine_Delta_01Image-diffuse.jpg,/Volumes/Data/University/PPMGR/Blender_Mat_Generator_PPMGR/Projects/textures/Riverine_Delta_01Image-diffuse.jpg,/Volumes/Data/University/PPMGR/Blender_Mat_Generator_PPMGR/Projects/textures
Riverine_Delta_01Image-normal.jpg,/Volumes/Data/University/PPMGR/Blender_Mat_Generator_PPMGR/Projects/textures/Riverine_Delta_01Image-normal.jpg,/Volumes/Data/University/PPMGR/Blender_Mat_Generator_PPMGR/Projects/textures
Road Ground_BaseColor.jpg,/Volumes/Data/University/PPMGR/Blender_Mat_Generator_PPMGR/Projects/textures/Road Ground_BaseColor.jpg,/Volumes/Data/University/PPMGR/Blender_Mat_Generator_PPMGR/Projects/textures
RoadRocks_diffuseOriginal.jpg,/Volumes/Data/University/PPMGR/Blender_Mat_Generator_PPMGR/Projects/textures/RoadRocks_diffuseOriginal.jpg,/Volumes/Data/University/PPMGR/Blender_Mat_Generator_PPMGR/Projects/textures
Roasted_Coffe_Base_color.jpg,/Volumes/Data/University/PPMGR/Blender_Mat_Generator_PPMGR/Projects/textures/Roasted_Coffe_Base_color.jpg,/Volumes/Data/University/PPMGR/Blender_Mat_Generator_PPMGR/Projects/textures
Roasted_Coffe_Bean_Base_Color.jpg,/Volumes/Data/University/PPMGR/Blender_Mat_Generator_PPMGR/Projects/textures/Roasted_Coffe_Bean_Base_Color.jpg,/Volumes/Data/University/PPMGR/Blender_Mat_Generator_PPMGR/Projects/textures
Roasted_Coffe_Bean_Normal.jpg,/Volumes/Data/University/PPMGR/Blender_Mat_Generator_PPMGR/Projects/textures/Roasted_Coffe_Bean_Normal.jpg,/Volumes/Data/University/PPMGR/Blender_Mat_Generator_PPMGR/Projects/textures
Rock sept16 2_BaseColor.jpg,/Volumes/Data/University/PPMGR/Blender_Mat_Generator_PPMGR/Projects/textures/Rock sept16 2_BaseColor.jpg,/Volumes/Data/University/PPMGR/Blender_Mat_Generator_PPMGR/Projects/textures
Rock sept16_BaseColor.jpg,/Volumes/Data/University/PPMGR/Blender_Mat_Generator_PPMGR/Projects/textures/Rock sept16_BaseColor.jpg,/Volumes/Data/University/PPMGR/Blender_Mat_Generator_PPMGR/Projects/textures
Rock020_8K-JPG_Color.jpg,/Volumes/Data/University/PPMGR/Blender_Mat_Generator_PPMGR/Projects/textures/Rock020_8K-JPG_Color.jpg,/Volumes/Data/University/PPMGR/Blender_Mat_Generator_PPMGR/Projects/textures
RockLake01_BaseColor.jpg,/Volumes/Data/University/PPMGR/Blender_Mat_Generator_PPMGR/Projects/textures/RockLake01_BaseColor.jpg,/Volumes/Data/University/PPMGR/Blender_Mat_Generator_PPMGR/Projects/textures
RockLake02_BaseColor.jpg,/Volumes/Data/University/PPMGR/Blender_Mat_Generator_PPMGR/Projects/textures/RockLake02_BaseColor.jpg,/Volumes/Data/University/PPMGR/Blender_Mat_Generator_PPMGR/Projects/textures
RockWall_diffuse.jpg,/Volumes/Data/University/PPMGR/Blender_Mat_Generator_PPMGR/Projects/textures/RockWall_diffuse.jpg,/Volumes/Data/University/PPMGR/Blender_Mat_Generator_PPMGR/Projects/textures
Rock_01_BaseColor.jpg,/Volumes/Data/University/PPMGR/Blender_Mat_Generator_PPMGR/Projects/textures/Rock_01_BaseColor.jpg,/Volumes/Data/University/PPMGR/Blender_Mat_Generator_PPMGR/Projects/textures
Rock_02_BaseColor.jpg,/Volumes/Data/University/PPMGR/Blender_Mat_Generator_PPMGR/Projects/textures/Rock_02_BaseColor.jpg,/Volumes/Data/University/PPMGR/Blender_Mat_Generator_PPMGR/Projects/textures
Rock_Wall_AO_R_M.jpg,/Volumes/Data/University/PPMGR/Blender_Mat_Generator_PPMGR/Projects/textures/Rock_Wall_AO_R_M.jpg,/Volumes/Data/University/PPMGR/Blender_Mat_Generator_PPMGR/Projects/textures
Rock_Wall_Base_color.jpg,/Volumes/Data/University/PPMGR/Blender_Mat_Generator_PPMGR/Projects/textures/Rock_Wall_Base_color.jpg,/Volumes/Data/University/PPMGR/Blender_Mat_Generator_PPMGR/Projects/textures
Rock_Wall_basecolor.jpg,/Volumes/Data/University/PPMGR/Blender_Mat_Generator_PPMGR/Projects/textures/Rock_Wall_basecolor.jpg,/Volumes/Data/University/PPMGR/Blender_Mat_Generator_PPMGR/Projects/textures
Rock_basecolor.jpg,/Volumes/Data/University/PPMGR/Blender_Mat_Generator_PPMGR/Projects/textures/Rock_basecolor.jpg,/Volumes/Data/University/PPMGR/Blender_Mat_Generator_PPMGR/Projects/textures
Rock_diffuseOriginal.jpg,/Volumes/Data/University/PPMGR/Blender_Mat_Generator_PPMGR/Projects/textures/Rock_diffuseOriginal.jpg,/Volumes/Data/University/PPMGR/Blender_Mat_Generator_PPMGR/Projects/textures
Rocks_Albedo_8192x8192.jpg,/Volumes/Data/University/PPMGR/Blender_Mat_Generator_PPMGR/Projects/textures/Rocks_Albedo_8192x8192.jpg,/Volumes/Data/University/PPMGR/Blender_Mat_Generator_PPMGR/Projects/textures
Rocks_Mossy_baseColor.jpg,/Volumes/Data/University/PPMGR/Blender_Mat_Generator_PPMGR/Projects/textures/Rocks_Mossy_baseColor.jpg,/Volumes/Data/University/PPMGR/Blender_Mat_Generator_PPMGR/Projects/textures
Rocks_diffuseOriginal.jpg,/Volumes/Data/University/PPMGR/Blender_Mat_Generator_PPMGR/Projects/textures/Rocks_diffuseOriginal.jpg,/Volumes/Data/University/PPMGR/Blender_Mat_Generator_PPMGR/Projects/textures
Rocky Coast 1_BaseColor.jpg,/Volumes/Data/University/PPMGR/Blender_Mat_Generator_PPMGR/Projects/textures/Rocky Coast 1_BaseColor.jpg,/Volumes/Data/University/PPMGR/Blender_Mat_Generator_PPMGR/Projects/textures
Rocky Wall_Albedo.jpg,/Volumes/Data/University/PPMGR/Blender_Mat_Generator_PPMGR/Projects/textures/Rocky Wall_Albedo.jpg,/Volumes/Data/University/PPMGR/Blender_Mat_Generator_PPMGR/Projects/textures
Rocky_Ground_01_BaseColor.jpg,/Volumes/Data/University/PPMGR/Blender_Mat_Generator_PPMGR/Projects/textures/Rocky_Ground_01_BaseColor.jpg,/Volumes/Data/University/PPMGR/Blender_Mat_Generator_PPMGR/Projects/textures
Rocky_Ground_02_BaseColor.jpg,/Volumes/Data/University/PPMGR/Blender_Mat_Generator_PPMGR/Projects/textures/Rocky_Ground_02_BaseColor.jpg,/Volumes/Data/University/PPMGR/Blender_Mat_Generator_PPMGR/Projects/textures
Rocky_Ground_02_Wet_BaseColor.jpg,/Volumes/Data/University/PPMGR/Blender_Mat_Generator_PPMGR/Projects/textures/Rocky_Ground_02_Wet_BaseColor.jpg,/Volumes/Data/University/PPMGR/Blender_Mat_Generator_PPMGR/Projects/textures
Rocky_Ground_03_BaseColor.jpg,/Volumes/Data/University/PPMGR/Blender_Mat_Generator_PPMGR/Projects/textures/Rocky_Ground_03_BaseColor.jpg,/Volumes/Data/University/PPMGR/Blender_Mat_Generator_PPMGR/Projects/textures
Rocky_Ground_04_basecolor.jpg,/Volumes/Data/University/PPMGR/Blender_Mat_Generator_PPMGR/Projects/textures/Rocky_Ground_04_basecolor.jpg,/Volumes/Data/University/PPMGR/Blender_Mat_Generator_PPMGR/Projects/textures
RoofSlates_Unity_Mask_Map.png,/Volumes/Data/University/PPMGR/Blender_Mat_Generator_PPMGR/Projects/textures/RoofSlates_Unity_Mask_Map.png,/Volumes/Data/University/PPMGR/Blender_Mat_Generator_PPMGR/Projects/textures
RoofSlates_basecolor.jpg,/Volumes/Data/University/PPMGR/Blender_Mat_Generator_PPMGR/Projects/textures/RoofSlates_basecolor.jpg,/Volumes/Data/University/PPMGR/Blender_Mat_Generator_PPMGR/Projects/textures
Roof_Tiles_Var01_basecolor.jpg,/Volumes/Data/University/PPMGR/Blender_Mat_Generator_PPMGR/Projects/textures/Roof_Tiles_Var01_basecolor.jpg,/Volumes/Data/University/PPMGR/Blender_Mat_Generator_PPMGR/Projects/textures
Roof_Tiles_Var02_basecolor.jpg,/Volumes/Data/University/PPMGR/Blender_Mat_Generator_PPMGR/Projects/textures/Roof_Tiles_Var02_basecolor.jpg,/Volumes/Data/University/PPMGR/Blender_Mat_Generator_PPMGR/Projects/textures
RoofingMetal02_albedo.jpg,/Volumes/Data/University/PPMGR/Blender_Mat_Generator_PPMGR/Projects/textures/RoofingMetal02_albedo.jpg,/Volumes/Data/University/PPMGR/Blender_Mat_Generator_PPMGR/Projects/textures
RoofingTiles clean_Color.jpg,/Volumes/Data/University/PPMGR/Blender_Mat_Generator_PPMGR/Projects/textures/RoofingTiles clean_Color.jpg,/Volumes/Data/University/PPMGR/Blender_Mat_Generator_PPMGR/Projects/textures
RoofingTiles extreme damage_Color.jpg,/Volumes/Data/University/PPMGR/Blender_Mat_Generator_PPMGR/Projects/textures/RoofingTiles extreme damage_Color.jpg,/Volumes/Data/University/PPMGR/Blender_Mat_Generator_PPMGR/Projects/textures
RoofingTiles heavy damage_Color.jpg,/Volumes/Data/University/PPMGR/Blender_Mat_Generator_PPMGR/Projects/textures/RoofingTiles heavy damage_Color.jpg,/Volumes/Data/University/PPMGR/Blender_Mat_Generator_PPMGR/Projects/textures
RoofingTiles light damage_Color.jpg,/Volumes/Data/University/PPMGR/Blender_Mat_Generator_PPMGR/Projects/textures/RoofingTiles light damage_Color.jpg,/Volumes/Data/University/PPMGR/Blender_Mat_Generator_PPMGR/Projects/textures
Roofing_basecolor.jpg,/Volumes/Data/University/PPMGR/Blender_Mat_Generator_PPMGR/Projects/textures/Roofing_basecolor.jpg,/Volumes/Data/University/PPMGR/Blender_Mat_Generator_PPMGR/Projects/textures
Roofing_normal_opengl.jpg,/Volumes/Data/University/PPMGR/Blender_Mat_Generator_PPMGR/Projects/textures/Roofing_normal_opengl.jpg,/Volumes/Data/University/PPMGR/Blender_Mat_Generator_PPMGR/Projects/textures
Roots01_BaseColor.jpg,/Volumes/Data/University/PPMGR/Blender_Mat_Generator_PPMGR/Projects/textures/Roots01_BaseColor.jpg,/Volumes/Data/University/PPMGR/Blender_Mat_Generator_PPMGR/Projects/textures
Roots02_BaseColor.jpg,/Volumes/Data/University/PPMGR/Blender_Mat_Generator_PPMGR/Projects/textures/Roots02_BaseColor.jpg,/Volumes/Data/University/PPMGR/Blender_Mat_Generator_PPMGR/Projects/textures
Rose Gold_old_Base Color.jpeg,/Volumes/Data/University/PPMGR/Blender_Mat_Generator_PPMGR/Projects/textures/Rose Gold_old_Base Color.jpeg,/Volumes/Data/University/PPMGR/Blender_Mat_Generator_PPMGR/Projects/textures
Rosetta_Diffuse.png,/Volumes/Data/University/PPMGR/Blender_Mat_Generator_PPMGR/Projects/textures/Rosetta_Diffuse.png,/Volumes/Data/University/PPMGR/Blender_Mat_Generator_PPMGR/Projects/textures
RottingBB_baseColor.png,/Volumes/Data/University/PPMGR/Blender_Mat_Generator_PPMGR/Projects/textures/RottingBB_baseColor.png,/Volumes/Data/University/PPMGR/Blender_Mat_Generator_PPMGR/Projects/textures
Rough_Wood_Planks_Base_Color.jpg,/Volumes/Data/University/PPMGR/Blender_Mat_Generator_PPMGR/Projects/textures/Rough_Wood_Planks_Base_Color.jpg,/Volumes/Data/University/PPMGR/Blender_Mat_Generator_PPMGR/Projects/textures
Rough_Wood_Planks_Base_Color000.jpg,/Volumes/Data/University/PPMGR/Blender_Mat_Generator_PPMGR/Projects/textures/Rough_Wood_Planks_Base_Color000.jpg,/Volumes/Data/University/PPMGR/Blender_Mat_Generator_PPMGR/Projects/textures
Rubber_floor_AO_R_S.jpg,/Volumes/Data/University/PPMGR/Blender_Mat_Generator_PPMGR/Projects/textures/Rubber_floor_AO_R_S.jpg,/Volumes/Data/University/PPMGR/Blender_Mat_Generator_PPMGR/Projects/textures
Rubber_floor_basecolor.jpg,/Volumes/Data/University/PPMGR/Blender_Mat_Generator_PPMGR/Projects/textures/Rubber_floor_basecolor.jpg,/Volumes/Data/University/PPMGR/Blender_Mat_Generator_PPMGR/Projects/textures
RugCarpetFabric-basecolor.jpg,/Volumes/Data/University/PPMGR/Blender_Mat_Generator_PPMGR/Projects/textures/RugCarpetFabric-basecolor.jpg,/Volumes/Data/University/PPMGR/Blender_Mat_Generator_PPMGR/Projects/textures
Rural_Road_color_map.jpg,/Volumes/Data/University/PPMGR/Blender_Mat_Generator_PPMGR/Projects/textures/Rural_Road_color_map.jpg,/Volumes/Data/University/PPMGR/Blender_Mat_Generator_PPMGR/Projects/textures
Rust_01_basecolor.jpg,/Volumes/Data/University/PPMGR/Blender_Mat_Generator_PPMGR/Projects/textures/Rust_01_basecolor.jpg,/Volumes/Data/University/PPMGR/Blender_Mat_Generator_PPMGR/Projects/textures
Rust_Metal_01_color_map.jpg,/Volumes/Data/University/PPMGR/Blender_Mat_Generator_PPMGR/Projects/textures/Rust_Metal_01_color_map.jpg,/Volumes/Data/University/PPMGR/Blender_Mat_Generator_PPMGR/Projects/textures
Rust_basecolor.jpg,/Volumes/Data/University/PPMGR/Blender_Mat_Generator_PPMGR/Projects/textures/Rust_basecolor.jpg,/Volumes/Data/University/PPMGR/Blender_Mat_Generator_PPMGR/Projects/textures
Rusted Iron_diffuseOriginal.jpg,/Volumes/Data/University/PPMGR/Blender_Mat_Generator_PPMGR/Projects/textures/Rusted Iron_diffuseOriginal.jpg,/Volumes/Data/University/PPMGR/Blender_Mat_Generator_PPMGR/Projects/textures
Rusted Red Metal_1_diffuseOriginal.png,/Volumes/Data/University/PPMGR/Blender_Mat_Generator_PPMGR/Projects/textures/Rusted Red Metal_1_diffuseOriginal.png,/Volumes/Data/University/PPMGR/Blender_Mat_Generator_PPMGR/Projects/textures
Rusted metal panels_BaseColor.jpg,/Volumes/Data/University/PPMGR/Blender_Mat_Generator_PPMGR/Projects/textures/Rusted metal panels_BaseColor.jpg,/Volumes/Data/University/PPMGR/Blender_Mat_Generator_PPMGR/Projects/textures
Rusted_And_Oxidized_Steel_Plate_Base_Color.jpg,/Volumes/Data/University/PPMGR/Blender_Mat_Generator_PPMGR/Projects/textures/Rusted_And_Oxidized_Steel_Plate_Base_Color.jpg,/Volumes/Data/University/PPMGR/Blender_Mat_Generator_PPMGR/Projects/textures
Rusted_Tread_Plate_dark_Base_Color.jpg,/Volumes/Data/University/PPMGR/Blender_Mat_Generator_PPMGR/Projects/textures/Rusted_Tread_Plate_dark_Base_Color.jpg,/Volumes/Data/University/PPMGR/Blender_Mat_Generator_PPMGR/Projects/textures
RusticTilesVar01_basecolor.jpg,/Volumes/Data/University/PPMGR/Blender_Mat_Generator_PPMGR/Projects/textures/RusticTilesVar01_basecolor.jpg,/Volumes/Data/University/PPMGR/Blender_Mat_Generator_PPMGR/Projects/textures
RusticTilesVar03_basecolor.jpg,/Volumes/Data/University/PPMGR/Blender_Mat_Generator_PPMGR/Projects/textures/RusticTilesVar03_basecolor.jpg,/Volumes/Data/University/PPMGR/Blender_Mat_Generator_PPMGR/Projects/textures
RusticTilesVar04_basecolor.jpg,/Volumes/Data/University/PPMGR/Blender_Mat_Generator_PPMGR/Projects/textures/RusticTilesVar04_basecolor.jpg,/Volumes/Data/University/PPMGR/Blender_Mat_Generator_PPMGR/Projects/textures
RusticTilesVer02_basecolor.jpg,/Volumes/Data/University/PPMGR/Blender_Mat_Generator_PPMGR/Projects/textures/RusticTilesVer02_basecolor.jpg,/Volumes/Data/University/PPMGR/Blender_Mat_Generator_PPMGR/Projects/textures
Rusty_Blue_Construction_Paint_02_BaseColor.jpg,/Volumes/Data/University/PPMGR/Blender_Mat_Generator_PPMGR/Projects/textures/Rusty_Blue_Construction_Paint_02_BaseColor.jpg,/Volumes/Data/University/PPMGR/Blender_Mat_Generator_PPMGR/Projects/textures
Rusty_Peeling_Paint_Base_Color.jpg,/Volumes/Data/University/PPMGR/Blender_Mat_Generator_PPMGR/Projects/textures/Rusty_Peeling_Paint_Base_Color.jpg,/Volumes/Data/University/PPMGR/Blender_Mat_Generator_PPMGR/Projects/textures
Rusty_Scifi_Mat_Base_color.jpg,/Volumes/Data/University/PPMGR/Blender_Mat_Generator_PPMGR/Projects/textures/Rusty_Scifi_Mat_Base_color.jpg,/Volumes/Data/University/PPMGR/Blender_Mat_Generator_PPMGR/Projects/textures
Rusty_manhole_Traingular_Studs_Base_Color.jpg,/Volumes/Data/University/PPMGR/Blender_Mat_Generator_PPMGR/Projects/textures/Rusty_manhole_Traingular_Studs_Base_Color.jpg,/Volumes/Data/University/PPMGR/Blender_Mat_Generator_PPMGR/Projects/textures
SGC_baseColor.jpg,/Volumes/Data/University/PPMGR/Blender_Mat_Generator_PPMGR/Projects/textures/SGC_baseColor.jpg,/Volumes/Data/University/PPMGR/Blender_Mat_Generator_PPMGR/Projects/textures
STYLISEDWOODPLANKS1_diffuseOriginal.jpg,/Volumes/Data/University/PPMGR/Blender_Mat_Generator_PPMGR/Projects/textures/STYLISEDWOODPLANKS1_diffuseOriginal.jpg,/Volumes/Data/University/PPMGR/Blender_Mat_Generator_PPMGR/Projects/textures
STeampunk template 001_ basecolor.jpg,/Volumes/Data/University/PPMGR/Blender_Mat_Generator_PPMGR/Projects/textures/STeampunk template 001_ basecolor.jpg,/Volumes/Data/University/PPMGR/Blender_Mat_Generator_PPMGR/Projects/textures
STeampunk template 003_ basecolor.jpg,/Volumes/Data/University/PPMGR/Blender_Mat_Generator_PPMGR/Projects/textures/STeampunk template 003_ basecolor.jpg,/Volumes/Data/University/PPMGR/Blender_Mat_Generator_PPMGR/Projects/textures
STeampunk template 004_ basecolor.jpg,/Volumes/Data/University/PPMGR/Blender_Mat_Generator_PPMGR/Projects/textures/STeampunk template 004_ basecolor.jpg,/Volumes/Data/University/PPMGR/Blender_Mat_Generator_PPMGR/Projects/textures
STeampunk template 005_ basecolor.jpg,/Volumes/Data/University/PPMGR/Blender_Mat_Generator_PPMGR/Projects/textures/STeampunk template 005_ basecolor.jpg,/Volumes/Data/University/PPMGR/Blender_Mat_Generator_PPMGR/Projects/textures
SYNCRON_NOCCE_01_12324_BaseCOlor.jpg,/Volumes/Data/University/PPMGR/Blender_Mat_Generator_PPMGR/Projects/textures/SYNCRON_NOCCE_01_12324_BaseCOlor.jpg,/Volumes/Data/University/PPMGR/Blender_Mat_Generator_PPMGR/Projects/textures
S_castle_wall_Base_Color.jpg,/Volumes/Data/University/PPMGR/Blender_Mat_Generator_PPMGR/Projects/textures/S_castle_wall_Base_Color.jpg,/Volumes/Data/University/PPMGR/Blender_Mat_Generator_PPMGR/Projects/textures
S_castle_wall_bricks_Base_Color.jpg,/Volumes/Data/University/PPMGR/Blender_Mat_Generator_PPMGR/Projects/textures/S_castle_wall_bricks_Base_Color.jpg,/Volumes/Data/University/PPMGR/Blender_Mat_Generator_PPMGR/Projects/textures
Safety_Tiles_type_2_Diffuse.jpg,/Volumes/Data/University/PPMGR/Blender_Mat_Generator_PPMGR/Projects/textures/Safety_Tiles_type_2_Diffuse.jpg,/Volumes/Data/University/PPMGR/Blender_Mat_Generator_PPMGR/Projects/textures
Safety_tiles_1_Diffuse.jpg,/Volumes/Data/University/PPMGR/Blender_Mat_Generator_PPMGR/Projects/textures/Safety_tiles_1_Diffuse.jpg,/Volumes/Data/University/PPMGR/Blender_Mat_Generator_PPMGR/Projects/textures
Salmon_Base_Color.jpg,/Volumes/Data/University/PPMGR/Blender_Mat_Generator_PPMGR/Projects/textures/Salmon_Base_Color.jpg,/Volumes/Data/University/PPMGR/Blender_Mat_Generator_PPMGR/Projects/textures
Sand Stone Wall-basecolor.jpg,/Volumes/Data/University/PPMGR/Blender_Mat_Generator_PPMGR/Projects/textures/Sand Stone Wall-basecolor.jpg,/Volumes/Data/University/PPMGR/Blender_Mat_Generator_PPMGR/Projects/textures
SandRocks1_baseColor.jpg,/Volumes/Data/University/PPMGR/Blender_Mat_Generator_PPMGR/Projects/textures/SandRocks1_baseColor.jpg,/Volumes/Data/University/PPMGR/Blender_Mat_Generator_PPMGR/Projects/textures
SandRocks1_specular.jpg,/Volumes/Data/University/PPMGR/Blender_Mat_Generator_PPMGR/Projects/textures/SandRocks1_specular.jpg,/Volumes/Data/University/PPMGR/Blender_Mat_Generator_PPMGR/Projects/textures
Sand_AO_R_M.jpg,/Volumes/Data/University/PPMGR/Blender_Mat_Generator_PPMGR/Projects/textures/Sand_AO_R_M.jpg,/Volumes/Data/University/PPMGR/Blender_Mat_Generator_PPMGR/Projects/textures
Sand_Base_Color_1001.jpg,/Volumes/Data/University/PPMGR/Blender_Mat_Generator_PPMGR/Projects/textures/Sand_Base_Color_1001.jpg,/Volumes/Data/University/PPMGR/Blender_Mat_Generator_PPMGR/Projects/textures
Sand_Dunes_Base_Color.jpg,/Volumes/Data/University/PPMGR/Blender_Mat_Generator_PPMGR/Projects/textures/Sand_Dunes_Base_Color.jpg,/Volumes/Data/University/PPMGR/Blender_Mat_Generator_PPMGR/Projects/textures
Sand_Dunes_desert_Base_Color.jpg,/Volumes/Data/University/PPMGR/Blender_Mat_Generator_PPMGR/Projects/textures/Sand_Dunes_desert_Base_Color.jpg,/Volumes/Data/University/PPMGR/Blender_Mat_Generator_PPMGR/Projects/textures
Sand_Dunes_desert_dark_Base_Color.jpg,/Volumes/Data/University/PPMGR/Blender_Mat_Generator_PPMGR/Projects/textures/Sand_Dunes_desert_dark_Base_Color.jpg,/Volumes/Data/University/PPMGR/Blender_Mat_Generator_PPMGR/Projects/textures
Sand_diffuseOriginal.jpg,/Volumes/Data/University/PPMGR/Blender_Mat_Generator_PPMGR/Projects/textures/Sand_diffuseOriginal.jpg,/Volumes/Data/University/PPMGR/Blender_Mat_Generator_PPMGR/Projects/textures
Sandstone_Rockface_Diffuse_01.jpg,/Volumes/Data/University/PPMGR/Blender_Mat_Generator_PPMGR/Projects/textures/Sandstone_Rockface_Diffuse_01.jpg,/Volumes/Data/University/PPMGR/Blender_Mat_Generator_PPMGR/Projects/textures
Sappling Bark Grey_diffuseOriginal.jpg,/Volumes/Data/University/PPMGR/Blender_Mat_Generator_PPMGR/Projects/textures/Sappling Bark Grey_diffuseOriginal.jpg,/Volumes/Data/University/PPMGR/Blender_Mat_Generator_PPMGR/Projects/textures
Saturn 8K_diffuseOriginal.jpg,/Volumes/Data/University/PPMGR/Blender_Mat_Generator_PPMGR/Projects/textures/Saturn 8K_diffuseOriginal.jpg,/Volumes/Data/University/PPMGR/Blender_Mat_Generator_PPMGR/Projects/textures
Sauna_Wood_Planks_Base_Color.jpg,/Volumes/Data/University/PPMGR/Blender_Mat_Generator_PPMGR/Projects/textures/Sauna_Wood_Planks_Base_Color.jpg,/Volumes/Data/University/PPMGR/Blender_Mat_Generator_PPMGR/Projects/textures
Scale_Base_Color_1001.jpg,/Volumes/Data/University/PPMGR/Blender_Mat_Generator_PPMGR/Projects/textures/Scale_Base_Color_1001.jpg,/Volumes/Data/University/PPMGR/Blender_Mat_Generator_PPMGR/Projects/textures
Scales_diffuseOriginal.jpg,/Volumes/Data/University/PPMGR/Blender_Mat_Generator_PPMGR/Projects/textures/Scales_diffuseOriginal.jpg,/Volumes/Data/University/PPMGR/Blender_Mat_Generator_PPMGR/Projects/textures
Schotter_02_Albedo_8192x8192.jpg,/Volumes/Data/University/PPMGR/Blender_Mat_Generator_PPMGR/Projects/textures/Schotter_02_Albedo_8192x8192.jpg,/Volumes/Data/University/PPMGR/Blender_Mat_Generator_PPMGR/Projects/textures
Schotter_Albedo.jpg,/Volumes/Data/University/PPMGR/Blender_Mat_Generator_PPMGR/Projects/textures/Schotter_Albedo.jpg,/Volumes/Data/University/PPMGR/Blender_Mat_Generator_PPMGR/Projects/textures
Schotter_Albedo_8192x8192.jpg,/Volumes/Data/University/PPMGR/Blender_Mat_Generator_PPMGR/Projects/textures/Schotter_Albedo_8192x8192.jpg,/Volumes/Data/University/PPMGR/Blender_Mat_Generator_PPMGR/Projects/textures
Sci-Fi Padded wall_BaseColor.jpg,/Volumes/Data/University/PPMGR/Blender_Mat_Generator_PPMGR/Projects/textures/Sci-Fi Padded wall_BaseColor.jpg,/Volumes/Data/University/PPMGR/Blender_Mat_Generator_PPMGR/Projects/textures
Sci-Fi Vent 02_BaseColor.jpg,/Volumes/Data/University/PPMGR/Blender_Mat_Generator_PPMGR/Projects/textures/Sci-Fi Vent 02_BaseColor.jpg,/Volumes/Data/University/PPMGR/Blender_Mat_Generator_PPMGR/Projects/textures
Sci-Fi Vent 02_Emissive.jpg,/Volumes/Data/University/PPMGR/Blender_Mat_Generator_PPMGR/Projects/textures/Sci-Fi Vent 02_Emissive.jpg,/Volumes/Data/University/PPMGR/Blender_Mat_Generator_PPMGR/Projects/textures
Sci-Fi Vent 03_BaseColor.jpg,/Volumes/Data/University/PPMGR/Blender_Mat_Generator_PPMGR/Projects/textures/Sci-Fi Vent 03_BaseColor.jpg,/Volumes/Data/University/PPMGR/Blender_Mat_Generator_PPMGR/Projects/textures
Sci-Fi_Base_color.jpg,/Volumes/Data/University/PPMGR/Blender_Mat_Generator_PPMGR/Projects/textures/Sci-Fi_Base_color.jpg,/Volumes/Data/University/PPMGR/Blender_Mat_Generator_PPMGR/Projects/textures
Sci-Fi_panel_BaseColor.jpg,/Volumes/Data/University/PPMGR/Blender_Mat_Generator_PPMGR/Projects/textures/Sci-Fi_panel_BaseColor.jpg,/Volumes/Data/University/PPMGR/Blender_Mat_Generator_PPMGR/Projects/textures
Sci-Fi_panel_BaseColor.jpg.png,/Volumes/Data/University/PPMGR/Blender_Mat_Generator_PPMGR/Projects/textures/Sci-Fi_panel_BaseColor.jpg.png,/Volumes/Data/University/PPMGR/Blender_Mat_Generator_PPMGR/Projects/textures
Sci-fi Tile_BaseColor.jpg,/Volumes/Data/University/PPMGR/Blender_Mat_Generator_PPMGR/Projects/textures/Sci-fi Tile_BaseColor.jpg,/Volumes/Data/University/PPMGR/Blender_Mat_Generator_PPMGR/Projects/textures
SciFi_Panel_albedo.jpg,/Volumes/Data/University/PPMGR/Blender_Mat_Generator_PPMGR/Projects/textures/SciFi_Panel_albedo.jpg,/Volumes/Data/University/PPMGR/Blender_Mat_Generator_PPMGR/Projects/textures
Sci_Fi_Panel_01_basecolor.jpg,/Volumes/Data/University/PPMGR/Blender_Mat_Generator_PPMGR/Projects/textures/Sci_Fi_Panel_01_basecolor.jpg,/Volumes/Data/University/PPMGR/Blender_Mat_Generator_PPMGR/Projects/textures
Sci_Fi_Panel_01_basecolor.jpg.png,/Volumes/Data/University/PPMGR/Blender_Mat_Generator_PPMGR/Projects/textures/Sci_Fi_Panel_01_basecolor.jpg.png,/Volumes/Data/University/PPMGR/Blender_Mat_Generator_PPMGR/Projects/textures
Sci_Fi_Panel_02_basecolor.jpg,/Volumes/Data/University/PPMGR/Blender_Mat_Generator_PPMGR/Projects/textures/Sci_Fi_Panel_02_basecolor.jpg,/Volumes/Data/University/PPMGR/Blender_Mat_Generator_PPMGR/Projects/textures
Sci_Fi_Panel_02_basecolor.jpg.png,/Volumes/Data/University/PPMGR/Blender_Mat_Generator_PPMGR/Projects/textures/Sci_Fi_Panel_02_basecolor.jpg.png,/Volumes/Data/University/PPMGR/Blender_Mat_Generator_PPMGR/Projects/textures
Sci_Fi_Panel_03_basecolor.jpg,/Volumes/Data/University/PPMGR/Blender_Mat_Generator_PPMGR/Projects/textures/Sci_Fi_Panel_03_basecolor.jpg,/Volumes/Data/University/PPMGR/Blender_Mat_Generator_PPMGR/Projects/textures
Sci_Fi_Panel_03_basecolor.jpg.001.png,/Volumes/Data/University/PPMGR/Blender_Mat_Generator_PPMGR/Projects/textures/Sci_Fi_Panel_03_basecolor.jpg.001.png,/Volumes/Data/University/PPMGR/Blender_Mat_Generator_PPMGR/Projects/textures
Sci_Fi_Panel_04_basecolor.jpg,/Volumes/Data/University/PPMGR/Blender_Mat_Generator_PPMGR/Projects/textures/Sci_Fi_Panel_04_basecolor.jpg,/Volumes/Data/University/PPMGR/Blender_Mat_Generator_PPMGR/Projects/textures
Sci_Fi_Panel_04_basecolor.jpg.png,/Volumes/Data/University/PPMGR/Blender_Mat_Generator_PPMGR/Projects/textures/Sci_Fi_Panel_04_basecolor.jpg.png,/Volumes/Data/University/PPMGR/Blender_Mat_Generator_PPMGR/Projects/textures
Sci_Fi_Panel_05_basecolor.jpg,/Volumes/Data/University/PPMGR/Blender_Mat_Generator_PPMGR/Projects/textures/Sci_Fi_Panel_05_basecolor.jpg,/Volumes/Data/University/PPMGR/Blender_Mat_Generator_PPMGR/Projects/textures
Sci_Fi_Panel_05_basecolor.jpg.png,/Volumes/Data/University/PPMGR/Blender_Mat_Generator_PPMGR/Projects/textures/Sci_Fi_Panel_05_basecolor.jpg.png,/Volumes/Data/University/PPMGR/Blender_Mat_Generator_PPMGR/Projects/textures
Sci_Fi_Panel_06_basecolor.jpg,/Volumes/Data/University/PPMGR/Blender_Mat_Generator_PPMGR/Projects/textures/Sci_Fi_Panel_06_basecolor.jpg,/Volumes/Data/University/PPMGR/Blender_Mat_Generator_PPMGR/Projects/textures
Sci_Fi_Panel_06_basecolor.jpg.png,/Volumes/Data/University/PPMGR/Blender_Mat_Generator_PPMGR/Projects/textures/Sci_Fi_Panel_06_basecolor.jpg.png,/Volumes/Data/University/PPMGR/Blender_Mat_Generator_PPMGR/Projects/textures
Sci_Fi_Panel_07_basecolor.jpg,/Volumes/Data/University/PPMGR/Blender_Mat_Generator_PPMGR/Projects/textures/Sci_Fi_Panel_07_basecolor.jpg,/Volumes/Data/University/PPMGR/Blender_Mat_Generator_PPMGR/Projects/textures
Sci_Fi_Panel_07_basecolor.jpg.png,/Volumes/Data/University/PPMGR/Blender_Mat_Generator_PPMGR/Projects/textures/Sci_Fi_Panel_07_basecolor.jpg.png,/Volumes/Data/University/PPMGR/Blender_Mat_Generator_PPMGR/Projects/textures
Sci_Fi_Panel_08_basecolor.jpg,/Volumes/Data/University/PPMGR/Blender_Mat_Generator_PPMGR/Projects/textures/Sci_Fi_Panel_08_basecolor.jpg,/Volumes/Data/University/PPMGR/Blender_Mat_Generator_PPMGR/Projects/textures
Sci_Fi_Panel_08_basecolor.jpg.png,/Volumes/Data/University/PPMGR/Blender_Mat_Generator_PPMGR/Projects/textures/Sci_Fi_Panel_08_basecolor.jpg.png,/Volumes/Data/University/PPMGR/Blender_Mat_Generator_PPMGR/Projects/textures
Sci_Fi_Panel_09_basecolor.jpg,/Volumes/Data/University/PPMGR/Blender_Mat_Generator_PPMGR/Projects/textures/Sci_Fi_Panel_09_basecolor.jpg,/Volumes/Data/University/PPMGR/Blender_Mat_Generator_PPMGR/Projects/textures
Sci_Fi_Panel_09_basecolor.jpg.png,/Volumes/Data/University/PPMGR/Blender_Mat_Generator_PPMGR/Projects/textures/Sci_Fi_Panel_09_basecolor.jpg.png,/Volumes/Data/University/PPMGR/Blender_Mat_Generator_PPMGR/Projects/textures
Sci_Fi_Panel_10_basecolor.jpg,/Volumes/Data/University/PPMGR/Blender_Mat_Generator_PPMGR/Projects/textures/Sci_Fi_Panel_10_basecolor.jpg,/Volumes/Data/University/PPMGR/Blender_Mat_Generator_PPMGR/Projects/textures
Sci_Fi_Panel_10_basecolor.jpg.png,/Volumes/Data/University/PPMGR/Blender_Mat_Generator_PPMGR/Projects/textures/Sci_Fi_Panel_10_basecolor.jpg.png,/Volumes/Data/University/PPMGR/Blender_Mat_Generator_PPMGR/Projects/textures
Sci_Fi_Panel_11_basecolor.jpg,/Volumes/Data/University/PPMGR/Blender_Mat_Generator_PPMGR/Projects/textures/Sci_Fi_Panel_11_basecolor.jpg,/Volumes/Data/University/PPMGR/Blender_Mat_Generator_PPMGR/Projects/textures
Sci_Fi_Panel_11_basecolor.jpg.png,/Volumes/Data/University/PPMGR/Blender_Mat_Generator_PPMGR/Projects/textures/Sci_Fi_Panel_11_basecolor.jpg.png,/Volumes/Data/University/PPMGR/Blender_Mat_Generator_PPMGR/Projects/textures
Sci_Fi_Panel_12_basecolor.jpg,/Volumes/Data/University/PPMGR/Blender_Mat_Generator_PPMGR/Projects/textures/Sci_Fi_Panel_12_basecolor.jpg,/Volumes/Data/University/PPMGR/Blender_Mat_Generator_PPMGR/Projects/textures
Sci_Fi_Panel_12_basecolor.jpg.png,/Volumes/Data/University/PPMGR/Blender_Mat_Generator_PPMGR/Projects/textures/Sci_Fi_Panel_12_basecolor.jpg.png,/Volumes/Data/University/PPMGR/Blender_Mat_Generator_PPMGR/Projects/textures
Sci_Fi_Panel_13_basecolor.jpg,/Volumes/Data/University/PPMGR/Blender_Mat_Generator_PPMGR/Projects/textures/Sci_Fi_Panel_13_basecolor.jpg,/Volumes/Data/University/PPMGR/Blender_Mat_Generator_PPMGR/Projects/textures
Sci_Fi_Panel_13_basecolor.jpg.png,/Volumes/Data/University/PPMGR/Blender_Mat_Generator_PPMGR/Projects/textures/Sci_Fi_Panel_13_basecolor.jpg.png,/Volumes/Data/University/PPMGR/Blender_Mat_Generator_PPMGR/Projects/textures
Sci_Fi_Panel_14_basecolor.jpg,/Volumes/Data/University/PPMGR/Blender_Mat_Generator_PPMGR/Projects/textures/Sci_Fi_Panel_14_basecolor.jpg,/Volumes/Data/University/PPMGR/Blender_Mat_Generator_PPMGR/Projects/textures
Sci_Fi_Panel_14_basecolor.jpg.png,/Volumes/Data/University/PPMGR/Blender_Mat_Generator_PPMGR/Projects/textures/Sci_Fi_Panel_14_basecolor.jpg.png,/Volumes/Data/University/PPMGR/Blender_Mat_Generator_PPMGR/Projects/textures
Sci_Fi_Panel_15_basecolor.jpg,/Volumes/Data/University/PPMGR/Blender_Mat_Generator_PPMGR/Projects/textures/Sci_Fi_Panel_15_basecolor.jpg,/Volumes/Data/University/PPMGR/Blender_Mat_Generator_PPMGR/Projects/textures
Sci_Fi_Panel_15_basecolor.jpg.png,/Volumes/Data/University/PPMGR/Blender_Mat_Generator_PPMGR/Projects/textures/Sci_Fi_Panel_15_basecolor.jpg.png,/Volumes/Data/University/PPMGR/Blender_Mat_Generator_PPMGR/Projects/textures
Sci_Fi_Panel_16_basecolor.jpg,/Volumes/Data/University/PPMGR/Blender_Mat_Generator_PPMGR/Projects/textures/Sci_Fi_Panel_16_basecolor.jpg,/Volumes/Data/University/PPMGR/Blender_Mat_Generator_PPMGR/Projects/textures
Sci_Fi_Panel_16_basecolor.jpg.png,/Volumes/Data/University/PPMGR/Blender_Mat_Generator_PPMGR/Projects/textures/Sci_Fi_Panel_16_basecolor.jpg.png,/Volumes/Data/University/PPMGR/Blender_Mat_Generator_PPMGR/Projects/textures
Sci_Fi_Panel_17_basecolor.jpg,/Volumes/Data/University/PPMGR/Blender_Mat_Generator_PPMGR/Projects/textures/Sci_Fi_Panel_17_basecolor.jpg,/Volumes/Data/University/PPMGR/Blender_Mat_Generator_PPMGR/Projects/textures
Sci_Fi_Panel_17_basecolor.jpg.png,/Volumes/Data/University/PPMGR/Blender_Mat_Generator_PPMGR/Projects/textures/Sci_Fi_Panel_17_basecolor.jpg.png,/Volumes/Data/University/PPMGR/Blender_Mat_Generator_PPMGR/Projects/textures
Sci_Fi_Panel_18_basecolor.jpg,/Volumes/Data/University/PPMGR/Blender_Mat_Generator_PPMGR/Projects/textures/Sci_Fi_Panel_18_basecolor.jpg,/Volumes/Data/University/PPMGR/Blender_Mat_Generator_PPMGR/Projects/textures
Sci_Fi_Panel_18_basecolor.jpg.png,/Volumes/Data/University/PPMGR/Blender_Mat_Generator_PPMGR/Projects/textures/Sci_Fi_Panel_18_basecolor.jpg.png,/Volumes/Data/University/PPMGR/Blender_Mat_Generator_PPMGR/Projects/textures
Sci_Fi_Panel_19_basecolor.jpg,/Volumes/Data/University/PPMGR/Blender_Mat_Generator_PPMGR/Projects/textures/Sci_Fi_Panel_19_basecolor.jpg,/Volumes/Data/University/PPMGR/Blender_Mat_Generator_PPMGR/Projects/textures
Sci_Fi_Panel_19_basecolor.jpg.png,/Volumes/Data/University/PPMGR/Blender_Mat_Generator_PPMGR/Projects/textures/Sci_Fi_Panel_19_basecolor.jpg.png,/Volumes/Data/University/PPMGR/Blender_Mat_Generator_PPMGR/Projects/textures
ScifiTrim2_basecolor.png,/Volumes/Data/University/PPMGR/Blender_Mat_Generator_PPMGR/Projects/textures/ScifiTrim2_basecolor.png,/Volumes/Data/University/PPMGR/Blender_Mat_Generator_PPMGR/Projects/textures
Scifi_FabricPanels_01_basecolor.jpg,/Volumes/Data/University/PPMGR/Blender_Mat_Generator_PPMGR/Projects/textures/Scifi_FabricPanels_01_basecolor.jpg,/Volumes/Data/University/PPMGR/Blender_Mat_Generator_PPMGR/Projects/textures
Scifi_Panels_06_basecolor.jpg,/Volumes/Data/University/PPMGR/Blender_Mat_Generator_PPMGR/Projects/textures/Scifi_Panels_06_basecolor.jpg,/Volumes/Data/University/PPMGR/Blender_Mat_Generator_PPMGR/Projects/textures
Scratched Bronze _Base_color.jpg,/Volumes/Data/University/PPMGR/Blender_Mat_Generator_PPMGR/Projects/textures/Scratched Bronze _Base_color.jpg,/Volumes/Data/University/PPMGR/Blender_Mat_Generator_PPMGR/Projects/textures
Scratched Rubber_Albedo.jpg,/Volumes/Data/University/PPMGR/Blender_Mat_Generator_PPMGR/Projects/textures/Scratched Rubber_Albedo.jpg,/Volumes/Data/University/PPMGR/Blender_Mat_Generator_PPMGR/Projects/textures
Scuffed_Steel_01_BaseColor.jpg,/Volumes/Data/University/PPMGR/Blender_Mat_Generator_PPMGR/Projects/textures/Scuffed_Steel_01_BaseColor.jpg,/Volumes/Data/University/PPMGR/Blender_Mat_Generator_PPMGR/Projects/textures
Scuffed_Steel_02_BaseColor.jpg,/Volumes/Data/University/PPMGR/Blender_Mat_Generator_PPMGR/Projects/textures/Scuffed_Steel_02_BaseColor.jpg,/Volumes/Data/University/PPMGR/Blender_Mat_Generator_PPMGR/Projects/textures
Sheesham_Wood_01_Base_Color.jpg,/Volumes/Data/University/PPMGR/Blender_Mat_Generator_PPMGR/Projects/textures/Sheesham_Wood_01_Base_Color.jpg,/Volumes/Data/University/PPMGR/Blender_Mat_Generator_PPMGR/Projects/textures
Sheesham_Wood_02_Base_color.jpg,/Volumes/Data/University/PPMGR/Blender_Mat_Generator_PPMGR/Projects/textures/Sheesham_Wood_02_Base_color.jpg,/Volumes/Data/University/PPMGR/Blender_Mat_Generator_PPMGR/Projects/textures
Sheesham_wood04_Base.png,/Volumes/Data/University/PPMGR/Blender_Mat_Generator_PPMGR/Projects/textures/Sheesham_wood04_Base.png,/Volumes/Data/University/PPMGR/Blender_Mat_Generator_PPMGR/Projects/textures
Shesham_Wood03_Base.jpg,/Volumes/Data/University/PPMGR/Blender_Mat_Generator_PPMGR/Projects/textures/Shesham_Wood03_Base.jpg,/Volumes/Data/University/PPMGR/Blender_Mat_Generator_PPMGR/Projects/textures
Shiney_Square_black_Tiles_Base_Color.jpg,/Volumes/Data/University/PPMGR/Blender_Mat_Generator_PPMGR/Projects/textures/Shiney_Square_black_Tiles_Base_Color.jpg,/Volumes/Data/University/PPMGR/Blender_Mat_Generator_PPMGR/Projects/textures
Shiney_Square_white_Tiles_Base_Color.jpg,/Volumes/Data/University/PPMGR/Blender_Mat_Generator_PPMGR/Projects/textures/Shiney_Square_white_Tiles_Base_Color.jpg,/Volumes/Data/University/PPMGR/Blender_Mat_Generator_PPMGR/Projects/textures
Shiny_Green_Base_Color.jpg,/Volumes/Data/University/PPMGR/Blender_Mat_Generator_PPMGR/Projects/textures/Shiny_Green_Base_Color.jpg,/Volumes/Data/University/PPMGR/Blender_Mat_Generator_PPMGR/Projects/textures
Shoji_Emissive.jpg,/Volumes/Data/University/PPMGR/Blender_Mat_Generator_PPMGR/Projects/textures/Shoji_Emissive.jpg,/Volumes/Data/University/PPMGR/Blender_Mat_Generator_PPMGR/Projects/textures
Shoji_basecolor.jpg,/Volumes/Data/University/PPMGR/Blender_Mat_Generator_PPMGR/Projects/textures/Shoji_basecolor.jpg,/Volumes/Data/University/PPMGR/Blender_Mat_Generator_PPMGR/Projects/textures
Sihney_Green__Bricks_Base_Color.jpg,/Volumes/Data/University/PPMGR/Blender_Mat_Generator_PPMGR/Projects/textures/Sihney_Green__Bricks_Base_Color.jpg,/Volumes/Data/University/PPMGR/Blender_Mat_Generator_PPMGR/Projects/textures
Sihney_Ornage_Bricks_Base_Color.jpg,/Volumes/Data/University/PPMGR/Blender_Mat_Generator_PPMGR/Projects/textures/Sihney_Ornage_Bricks_Base_Color.jpg,/Volumes/Data/University/PPMGR/Blender_Mat_Generator_PPMGR/Projects/textures
Silver_old_Base Color.jpeg,/Volumes/Data/University/PPMGR/Blender_Mat_Generator_PPMGR/Projects/textures/Silver_old_Base Color.jpeg,/Volumes/Data/University/PPMGR/Blender_Mat_Generator_PPMGR/Projects/textures
Silver_wavy_pattern_Decor_Base_Color.jpg,/Volumes/Data/University/PPMGR/Blender_Mat_Generator_PPMGR/Projects/textures/Silver_wavy_pattern_Decor_Base_Color.jpg,/Volumes/Data/University/PPMGR/Blender_Mat_Generator_PPMGR/Projects/textures
Silver_wavy_pattern_Decor_Normal.jpg,/Volumes/Data/University/PPMGR/Blender_Mat_Generator_PPMGR/Projects/textures/Silver_wavy_pattern_Decor_Normal.jpg,/Volumes/Data/University/PPMGR/Blender_Mat_Generator_PPMGR/Projects/textures
Simple Floral Toilet Paper_BaseColor.jpg,/Volumes/Data/University/PPMGR/Blender_Mat_Generator_PPMGR/Projects/textures/Simple Floral Toilet Paper_BaseColor.jpg,/Volumes/Data/University/PPMGR/Blender_Mat_Generator_PPMGR/Projects/textures
Skin wound_BaseColor.jpg,/Volumes/Data/University/PPMGR/Blender_Mat_Generator_PPMGR/Projects/textures/Skin wound_BaseColor.jpg,/Volumes/Data/University/PPMGR/Blender_Mat_Generator_PPMGR/Projects/textures
Skin_Base_Color_1001.jpg,/Volumes/Data/University/PPMGR/Blender_Mat_Generator_PPMGR/Projects/textures/Skin_Base_Color_1001.jpg,/Volumes/Data/University/PPMGR/Blender_Mat_Generator_PPMGR/Projects/textures
Skin_Diffuse_01.jpg,/Volumes/Data/University/PPMGR/Blender_Mat_Generator_PPMGR/Projects/textures/Skin_Diffuse_01.jpg,/Volumes/Data/University/PPMGR/Blender_Mat_Generator_PPMGR/Projects/textures
Skin_Lizard_002_basecolor - Copy.jpg,/Volumes/Data/University/PPMGR/Blender_Mat_Generator_PPMGR/Projects/textures/Skin_Lizard_002_basecolor - Copy.jpg,/Volumes/Data/University/PPMGR/Blender_Mat_Generator_PPMGR/Projects/textures
Skin_Swatch_Diffuse_02.jpg,/Volumes/Data/University/PPMGR/Blender_Mat_Generator_PPMGR/Projects/textures/Skin_Swatch_Diffuse_02.jpg,/Volumes/Data/University/PPMGR/Blender_Mat_Generator_PPMGR/Projects/textures
Skull_Mandala_basecolor.jpg,/Volumes/Data/University/PPMGR/Blender_Mat_Generator_PPMGR/Projects/textures/Skull_Mandala_basecolor.jpg,/Volumes/Data/University/PPMGR/Blender_Mat_Generator_PPMGR/Projects/textures
Skulls Graveyard Wall 01_diffuseOriginal.jpg,/Volumes/Data/University/PPMGR/Blender_Mat_Generator_PPMGR/Projects/textures/Skulls Graveyard Wall 01_diffuseOriginal.jpg,/Volumes/Data/University/PPMGR/Blender_Mat_Generator_PPMGR/Projects/textures
Skulls2_diffuseOriginal.jpg,/Volumes/Data/University/PPMGR/Blender_Mat_Generator_PPMGR/Projects/textures/Skulls2_diffuseOriginal.jpg,/Volumes/Data/University/PPMGR/Blender_Mat_Generator_PPMGR/Projects/textures
Skulls_diffuseOriginal.jpg,/Volumes/Data/University/PPMGR/Blender_Mat_Generator_PPMGR/Projects/textures/Skulls_diffuseOriginal.jpg,/Volumes/Data/University/PPMGR/Blender_Mat_Generator_PPMGR/Projects/textures
Slate stone_BaseColor.jpg,/Volumes/Data/University/PPMGR/Blender_Mat_Generator_PPMGR/Projects/textures/Slate stone_BaseColor.jpg,/Volumes/Data/University/PPMGR/Blender_Mat_Generator_PPMGR/Projects/textures
SlateRoofTiles02_basecolor.jpg,/Volumes/Data/University/PPMGR/Blender_Mat_Generator_PPMGR/Projects/textures/SlateRoofTiles02_basecolor.jpg,/Volumes/Data/University/PPMGR/Blender_Mat_Generator_PPMGR/Projects/textures
SlateRoofTiles_basecolor.jpg,/Volumes/Data/University/PPMGR/Blender_Mat_Generator_PPMGR/Projects/textures/SlateRoofTiles_basecolor.jpg,/Volumes/Data/University/PPMGR/Blender_Mat_Generator_PPMGR/Projects/textures
Small Gravel Ground_BaseColor.jpg,/Volumes/Data/University/PPMGR/Blender_Mat_Generator_PPMGR/Projects/textures/Small Gravel Ground_BaseColor.jpg,/Volumes/Data/University/PPMGR/Blender_Mat_Generator_PPMGR/Projects/textures
Small Gravel Road_BaseColor.jpg,/Volumes/Data/University/PPMGR/Blender_Mat_Generator_PPMGR/Projects/textures/Small Gravel Road_BaseColor.jpg,/Volumes/Data/University/PPMGR/Blender_Mat_Generator_PPMGR/Projects/textures
Small Red Gravel Road_BaseColor.jpg,/Volumes/Data/University/PPMGR/Blender_Mat_Generator_PPMGR/Projects/textures/Small Red Gravel Road_BaseColor.jpg,/Volumes/Data/University/PPMGR/Blender_Mat_Generator_PPMGR/Projects/textures
Small Rock_BaseColor.jpg,/Volumes/Data/University/PPMGR/Blender_Mat_Generator_PPMGR/Projects/textures/Small Rock_BaseColor.jpg,/Volumes/Data/University/PPMGR/Blender_Mat_Generator_PPMGR/Projects/textures
Small_Ceramic_Tiles_basecolor.jpg,/Volumes/Data/University/PPMGR/Blender_Mat_Generator_PPMGR/Projects/textures/Small_Ceramic_Tiles_basecolor.jpg,/Volumes/Data/University/PPMGR/Blender_Mat_Generator_PPMGR/Projects/textures
Small_blue_tiles_Base_Color.jpg,/Volumes/Data/University/PPMGR/Blender_Mat_Generator_PPMGR/Projects/textures/Small_blue_tiles_Base_Color.jpg,/Volumes/Data/University/PPMGR/Blender_Mat_Generator_PPMGR/Projects/textures
Small_orange_Tiles_tiles_Base_Color.jpg,/Volumes/Data/University/PPMGR/Blender_Mat_Generator_PPMGR/Projects/textures/Small_orange_Tiles_tiles_Base_Color.jpg,/Volumes/Data/University/PPMGR/Blender_Mat_Generator_PPMGR/Projects/textures
Smeared Wall_BaseColor.jpg,/Volumes/Data/University/PPMGR/Blender_Mat_Generator_PPMGR/Projects/textures/Smeared Wall_BaseColor.jpg,/Volumes/Data/University/PPMGR/Blender_Mat_Generator_PPMGR/Projects/textures
Snake Skin_BaseColor.jpg,/Volumes/Data/University/PPMGR/Blender_Mat_Generator_PPMGR/Projects/textures/Snake Skin_BaseColor.jpg,/Volumes/Data/University/PPMGR/Blender_Mat_Generator_PPMGR/Projects/textures
Snooker_Pool_Table_Cloth_Base_Color.jpg,/Volumes/Data/University/PPMGR/Blender_Mat_Generator_PPMGR/Projects/textures/Snooker_Pool_Table_Cloth_Base_Color.jpg,/Volumes/Data/University/PPMGR/Blender_Mat_Generator_PPMGR/Projects/textures
Snow01_BaseColor.jpg,/Volumes/Data/University/PPMGR/Blender_Mat_Generator_PPMGR/Projects/textures/Snow01_BaseColor.jpg,/Volumes/Data/University/PPMGR/Blender_Mat_Generator_PPMGR/Projects/textures
Snow02_BaseColor.jpg,/Volumes/Data/University/PPMGR/Blender_Mat_Generator_PPMGR/Projects/textures/Snow02_BaseColor.jpg,/Volumes/Data/University/PPMGR/Blender_Mat_Generator_PPMGR/Projects/textures
Snow_BaseColor.jpg,/Volumes/Data/University/PPMGR/Blender_Mat_Generator_PPMGR/Projects/textures/Snow_BaseColor.jpg,/Volumes/Data/University/PPMGR/Blender_Mat_Generator_PPMGR/Projects/textures
Soccer Ball 8K_diffuseOriginal.jpg,/Volumes/Data/University/PPMGR/Blender_Mat_Generator_PPMGR/Projects/textures/Soccer Ball 8K_diffuseOriginal.jpg,/Volumes/Data/University/PPMGR/Blender_Mat_Generator_PPMGR/Projects/textures
Sofa_Leather_Base_Color.jpg,/Volumes/Data/University/PPMGR/Blender_Mat_Generator_PPMGR/Projects/textures/Sofa_Leather_Base_Color.jpg,/Volumes/Data/University/PPMGR/Blender_Mat_Generator_PPMGR/Projects/textures
Soft Blue Suede Fabric_BaseColor.jpg,/Volumes/Data/University/PPMGR/Blender_Mat_Generator_PPMGR/Projects/textures/Soft Blue Suede Fabric_BaseColor.jpg,/Volumes/Data/University/PPMGR/Blender_Mat_Generator_PPMGR/Projects/textures
Soft Knitted Orange Fabric_BaseColor.jpg,/Volumes/Data/University/PPMGR/Blender_Mat_Generator_PPMGR/Projects/textures/Soft Knitted Orange Fabric_BaseColor.jpg,/Volumes/Data/University/PPMGR/Blender_Mat_Generator_PPMGR/Projects/textures
Soil_color.jpg,/Volumes/Data/University/PPMGR/Blender_Mat_Generator_PPMGR/Projects/textures/Soil_color.jpg,/Volumes/Data/University/PPMGR/Blender_Mat_Generator_PPMGR/Projects/textures
Soil_diffuseOriginal.jpg,/Volumes/Data/University/PPMGR/Blender_Mat_Generator_PPMGR/Projects/textures/Soil_diffuseOriginal.jpg,/Volumes/Data/University/PPMGR/Blender_Mat_Generator_PPMGR/Projects/textures
Solar_Panel_Base_Color.jpg,/Volumes/Data/University/PPMGR/Blender_Mat_Generator_PPMGR/Projects/textures/Solar_Panel_Base_Color.jpg,/Volumes/Data/University/PPMGR/Blender_Mat_Generator_PPMGR/Projects/textures
Solar_Panel_Base_Color.jpg.png,/Volumes/Data/University/PPMGR/Blender_Mat_Generator_PPMGR/Projects/textures/Solar_Panel_Base_Color.jpg.png,/Volumes/Data/University/PPMGR/Blender_Mat_Generator_PPMGR/Projects/textures
Soviet_square_tiles_1_basecolor.jpg,/Volumes/Data/University/PPMGR/Blender_Mat_Generator_PPMGR/Projects/textures/Soviet_square_tiles_1_basecolor.jpg,/Volumes/Data/University/PPMGR/Blender_Mat_Generator_PPMGR/Projects/textures
Spacer mesh_BaseColor.jpg,/Volumes/Data/University/PPMGR/Blender_Mat_Generator_PPMGR/Projects/textures/Spacer mesh_BaseColor.jpg,/Volumes/Data/University/PPMGR/Blender_Mat_Generator_PPMGR/Projects/textures
Split_Rib_Concerete_Blocks_Base_Color.jpg,/Volumes/Data/University/PPMGR/Blender_Mat_Generator_PPMGR/Projects/textures/Split_Rib_Concerete_Blocks_Base_Color.jpg,/Volumes/Data/University/PPMGR/Blender_Mat_Generator_PPMGR/Projects/textures
Sponge01_BaseColor.jpg,/Volumes/Data/University/PPMGR/Blender_Mat_Generator_PPMGR/Projects/textures/Sponge01_BaseColor.jpg,/Volumes/Data/University/PPMGR/Blender_Mat_Generator_PPMGR/Projects/textures
Sponge02_BaseColor.jpg,/Volumes/Data/University/PPMGR/Blender_Mat_Generator_PPMGR/Projects/textures/Sponge02_BaseColor.jpg,/Volumes/Data/University/PPMGR/Blender_Mat_Generator_PPMGR/Projects/textures
Sponge_Albedo.jpg,/Volumes/Data/University/PPMGR/Blender_Mat_Generator_PPMGR/Projects/textures/Sponge_Albedo.jpg,/Volumes/Data/University/PPMGR/Blender_Mat_Generator_PPMGR/Projects/textures
Sponge__Base_Color.jpg,/Volumes/Data/University/PPMGR/Blender_Mat_Generator_PPMGR/Projects/textures/Sponge__Base_Color.jpg,/Volumes/Data/University/PPMGR/Blender_Mat_Generator_PPMGR/Projects/textures
Spotted Black And White Platic_BaseColor.jpg,/Volumes/Data/University/PPMGR/Blender_Mat_Generator_PPMGR/Projects/textures/Spotted Black And White Platic_BaseColor.jpg,/Volumes/Data/University/PPMGR/Blender_Mat_Generator_PPMGR/Projects/textures
Spruce massive Wood.jpg,/Volumes/Data/University/PPMGR/Blender_Mat_Generator_PPMGR/Projects/textures/Spruce massive Wood.jpg,/Volumes/Data/University/PPMGR/Blender_Mat_Generator_PPMGR/Projects/textures
Squamish Rock 4_BaseColor.jpg,/Volumes/Data/University/PPMGR/Blender_Mat_Generator_PPMGR/Projects/textures/Squamish Rock 4_BaseColor.jpg,/Volumes/Data/University/PPMGR/Blender_Mat_Generator_PPMGR/Projects/textures
SquareRose_basecolor.jpg,/Volumes/Data/University/PPMGR/Blender_Mat_Generator_PPMGR/Projects/textures/SquareRose_basecolor.jpg,/Volumes/Data/University/PPMGR/Blender_Mat_Generator_PPMGR/Projects/textures
Square_Asphalt_Rooftop_Base_Color.jpg,/Volumes/Data/University/PPMGR/Blender_Mat_Generator_PPMGR/Projects/textures/Square_Asphalt_Rooftop_Base_Color.jpg,/Volumes/Data/University/PPMGR/Blender_Mat_Generator_PPMGR/Projects/textures
Square_Asphalt_Rooftop_Dark_Base_Color.jpg,/Volumes/Data/University/PPMGR/Blender_Mat_Generator_PPMGR/Projects/textures/Square_Asphalt_Rooftop_Dark_Base_Color.jpg,/Volumes/Data/University/PPMGR/Blender_Mat_Generator_PPMGR/Projects/textures
Square_Asphalt_Rooftop_white_Base_Color.jpg,/Volumes/Data/University/PPMGR/Blender_Mat_Generator_PPMGR/Projects/textures/Square_Asphalt_Rooftop_white_Base_Color.jpg,/Volumes/Data/University/PPMGR/Blender_Mat_Generator_PPMGR/Projects/textures
Square_Brownish_Ceramic_tile_Base_Color.jpg,/Volumes/Data/University/PPMGR/Blender_Mat_Generator_PPMGR/Projects/textures/Square_Brownish_Ceramic_tile_Base_Color.jpg,/Volumes/Data/University/PPMGR/Blender_Mat_Generator_PPMGR/Projects/textures
Square_Brownish_nad_white_Ceramic_tile_Base_Color.jpg,/Volumes/Data/University/PPMGR/Blender_Mat_Generator_PPMGR/Projects/textures/Square_Brownish_nad_white_Ceramic_tile_Base_Color.jpg,/Volumes/Data/University/PPMGR/Blender_Mat_Generator_PPMGR/Projects/textures
Square_Concerete_Tiles_Dark_Base_Color.jpg,/Volumes/Data/University/PPMGR/Blender_Mat_Generator_PPMGR/Projects/textures/Square_Concerete_Tiles_Dark_Base_Color.jpg,/Volumes/Data/University/PPMGR/Blender_Mat_Generator_PPMGR/Projects/textures
Square_Diamond_black_tiles_Base_Color.jpg,/Volumes/Data/University/PPMGR/Blender_Mat_Generator_PPMGR/Projects/textures/Square_Diamond_black_tiles_Base_Color.jpg,/Volumes/Data/University/PPMGR/Blender_Mat_Generator_PPMGR/Projects/textures
Square_Diamond_brown_tiles_Base_Color.jpg,/Volumes/Data/University/PPMGR/Blender_Mat_Generator_PPMGR/Projects/textures/Square_Diamond_brown_tiles_Base_Color.jpg,/Volumes/Data/University/PPMGR/Blender_Mat_Generator_PPMGR/Projects/textures
Square_Diamond_tiles_Base_Color.jpg,/Volumes/Data/University/PPMGR/Blender_Mat_Generator_PPMGR/Projects/textures/Square_Diamond_tiles_Base_Color.jpg,/Volumes/Data/University/PPMGR/Blender_Mat_Generator_PPMGR/Projects/textures
Square_Geometric_Blue_Tiles_Base_Color.jpg,/Volumes/Data/University/PPMGR/Blender_Mat_Generator_PPMGR/Projects/textures/Square_Geometric_Blue_Tiles_Base_Color.jpg,/Volumes/Data/University/PPMGR/Blender_Mat_Generator_PPMGR/Projects/textures
Square_Geometric_Brown_Tiles_Base_Color.jpg,/Volumes/Data/University/PPMGR/Blender_Mat_Generator_PPMGR/Projects/textures/Square_Geometric_Brown_Tiles_Base_Color.jpg,/Volumes/Data/University/PPMGR/Blender_Mat_Generator_PPMGR/Projects/textures
Square_Geometric_Tiles_Base_Color.jpg,/Volumes/Data/University/PPMGR/Blender_Mat_Generator_PPMGR/Projects/textures/Square_Geometric_Tiles_Base_Color.jpg,/Volumes/Data/University/PPMGR/Blender_Mat_Generator_PPMGR/Projects/textures
Square_Geometric__Checker_Tiles_Base_Color.jpg,/Volumes/Data/University/PPMGR/Blender_Mat_Generator_PPMGR/Projects/textures/Square_Geometric__Checker_Tiles_Base_Color.jpg,/Volumes/Data/University/PPMGR/Blender_Mat_Generator_PPMGR/Projects/textures
Square_Geometric_inverted_Checker_Tiles_Base_Color.jpg,/Volumes/Data/University/PPMGR/Blender_Mat_Generator_PPMGR/Projects/textures/Square_Geometric_inverted_Checker_Tiles_Base_Color.jpg,/Volumes/Data/University/PPMGR/Blender_Mat_Generator_PPMGR/Projects/textures
Square_Tile_Base_color.jpg,/Volumes/Data/University/PPMGR/Blender_Mat_Generator_PPMGR/Projects/textures/Square_Tile_Base_color.jpg,/Volumes/Data/University/PPMGR/Blender_Mat_Generator_PPMGR/Projects/textures
Square_Wood_Floor_Pattern_diffuseOriginal.jpg,/Volumes/Data/University/PPMGR/Blender_Mat_Generator_PPMGR/Projects/textures/Square_Wood_Floor_Pattern_diffuseOriginal.jpg,/Volumes/Data/University/PPMGR/Blender_Mat_Generator_PPMGR/Projects/textures
Stained tiles_BaseColor.jpg,/Volumes/Data/University/PPMGR/Blender_Mat_Generator_PPMGR/Projects/textures/Stained tiles_BaseColor.jpg,/Volumes/Data/University/PPMGR/Blender_Mat_Generator_PPMGR/Projects/textures
Steel Grey_old_Base Color.jpeg,/Volumes/Data/University/PPMGR/Blender_Mat_Generator_PPMGR/Projects/textures/Steel Grey_old_Base Color.jpeg,/Volumes/Data/University/PPMGR/Blender_Mat_Generator_PPMGR/Projects/textures
Steel Satin_BaseColor.jpg,/Volumes/Data/University/PPMGR/Blender_Mat_Generator_PPMGR/Projects/textures/Steel Satin_BaseColor.jpg,/Volumes/Data/University/PPMGR/Blender_Mat_Generator_PPMGR/Projects/textures
Steel panel 1_BaseColor.jpg,/Volumes/Data/University/PPMGR/Blender_Mat_Generator_PPMGR/Projects/textures/Steel panel 1_BaseColor.jpg,/Volumes/Data/University/PPMGR/Blender_Mat_Generator_PPMGR/Projects/textures
Steel panel 1_BaseColor.jpg.png,/Volumes/Data/University/PPMGR/Blender_Mat_Generator_PPMGR/Projects/textures/Steel panel 1_BaseColor.jpg.png,/Volumes/Data/University/PPMGR/Blender_Mat_Generator_PPMGR/Projects/textures
Steel panel_BaseColor.jpg,/Volumes/Data/University/PPMGR/Blender_Mat_Generator_PPMGR/Projects/textures/Steel panel_BaseColor.jpg,/Volumes/Data/University/PPMGR/Blender_Mat_Generator_PPMGR/Projects/textures
Steel panel_BaseColor.jpg.png,/Volumes/Data/University/PPMGR/Blender_Mat_Generator_PPMGR/Projects/textures/Steel panel_BaseColor.jpg.png,/Volumes/Data/University/PPMGR/Blender_Mat_Generator_PPMGR/Projects/textures
Stitched_Upholstery_Base_Color.jpg,/Volumes/Data/University/PPMGR/Blender_Mat_Generator_PPMGR/Projects/textures/Stitched_Upholstery_Base_Color.jpg,/Volumes/Data/University/PPMGR/Blender_Mat_Generator_PPMGR/Projects/textures
Stone Plate 01_BaseColor.jpg,/Volumes/Data/University/PPMGR/Blender_Mat_Generator_PPMGR/Projects/textures/Stone Plate 01_BaseColor.jpg,/Volumes/Data/University/PPMGR/Blender_Mat_Generator_PPMGR/Projects/textures
Stone Wall one_BaseColor.jpg,/Volumes/Data/University/PPMGR/Blender_Mat_Generator_PPMGR/Projects/textures/Stone Wall one_BaseColor.jpg,/Volumes/Data/University/PPMGR/Blender_Mat_Generator_PPMGR/Projects/textures
Stone Wall two_BaseColor.jpg,/Volumes/Data/University/PPMGR/Blender_Mat_Generator_PPMGR/Projects/textures/Stone Wall two_BaseColor.jpg,/Volumes/Data/University/PPMGR/Blender_Mat_Generator_PPMGR/Projects/textures
Stone-1-Bake_baseTexBaked.jpg,/Volumes/Data/University/PPMGR/Blender_Mat_Generator_PPMGR/Projects/textures/Stone-1-Bake_baseTexBaked.jpg,/Volumes/Data/University/PPMGR/Blender_Mat_Generator_PPMGR/Projects/textures
StoneFloor_basecolor.jpg,/Volumes/Data/University/PPMGR/Blender_Mat_Generator_PPMGR/Projects/textures/StoneFloor_basecolor.jpg,/Volumes/Data/University/PPMGR/Blender_Mat_Generator_PPMGR/Projects/textures
StoneGround01_BaseColor.jpg,/Volumes/Data/University/PPMGR/Blender_Mat_Generator_PPMGR/Projects/textures/StoneGround01_BaseColor.jpg,/Volumes/Data/University/PPMGR/Blender_Mat_Generator_PPMGR/Projects/textures
StoneGround02_BaseColor.jpg,/Volumes/Data/University/PPMGR/Blender_Mat_Generator_PPMGR/Projects/textures/StoneGround02_BaseColor.jpg,/Volumes/Data/University/PPMGR/Blender_Mat_Generator_PPMGR/Projects/textures
StonePath_Diffuse.jpg,/Volumes/Data/University/PPMGR/Blender_Mat_Generator_PPMGR/Projects/textures/StonePath_Diffuse.jpg,/Volumes/Data/University/PPMGR/Blender_Mat_Generator_PPMGR/Projects/textures
StoneStylize_Diffuse.jpg,/Volumes/Data/University/PPMGR/Blender_Mat_Generator_PPMGR/Projects/textures/StoneStylize_Diffuse.jpg,/Volumes/Data/University/PPMGR/Blender_Mat_Generator_PPMGR/Projects/textures
StoneTile_Diff.jpg,/Volumes/Data/University/PPMGR/Blender_Mat_Generator_PPMGR/Projects/textures/StoneTile_Diff.jpg,/Volumes/Data/University/PPMGR/Blender_Mat_Generator_PPMGR/Projects/textures
StoneTiles01_BaseColor.jpg,/Volumes/Data/University/PPMGR/Blender_Mat_Generator_PPMGR/Projects/textures/StoneTiles01_BaseColor.jpg,/Volumes/Data/University/PPMGR/Blender_Mat_Generator_PPMGR/Projects/textures
StoneTiles02_BaseColor.jpg,/Volumes/Data/University/PPMGR/Blender_Mat_Generator_PPMGR/Projects/textures/StoneTiles02_BaseColor.jpg,/Volumes/Data/University/PPMGR/Blender_Mat_Generator_PPMGR/Projects/textures
StoneTiles03_BaseColor.jpg,/Volumes/Data/University/PPMGR/Blender_Mat_Generator_PPMGR/Projects/textures/StoneTiles03_BaseColor.jpg,/Volumes/Data/University/PPMGR/Blender_Mat_Generator_PPMGR/Projects/textures
StoneWall01_2K_BaseColor.jpg,/Volumes/Data/University/PPMGR/Blender_Mat_Generator_PPMGR/Projects/textures/StoneWall01_2K_BaseColor.jpg,/Volumes/Data/University/PPMGR/Blender_Mat_Generator_PPMGR/Projects/textures
StoneWall02_2K_BaseColor.jpg,/Volumes/Data/University/PPMGR/Blender_Mat_Generator_PPMGR/Projects/textures/StoneWall02_2K_BaseColor.jpg,/Volumes/Data/University/PPMGR/Blender_Mat_Generator_PPMGR/Projects/textures
StoneWall03_2K_BaseColor.jpg,/Volumes/Data/University/PPMGR/Blender_Mat_Generator_PPMGR/Projects/textures/StoneWall03_2K_BaseColor.jpg,/Volumes/Data/University/PPMGR/Blender_Mat_Generator_PPMGR/Projects/textures
StoneWall04_3K_BaseColor.jpg,/Volumes/Data/University/PPMGR/Blender_Mat_Generator_PPMGR/Projects/textures/StoneWall04_3K_BaseColor.jpg,/Volumes/Data/University/PPMGR/Blender_Mat_Generator_PPMGR/Projects/textures
StoneWall3_baseColor.jpg,/Volumes/Data/University/PPMGR/Blender_Mat_Generator_PPMGR/Projects/textures/StoneWall3_baseColor.jpg,/Volumes/Data/University/PPMGR/Blender_Mat_Generator_PPMGR/Projects/textures
StoneWall4_baseColor.jpg,/Volumes/Data/University/PPMGR/Blender_Mat_Generator_PPMGR/Projects/textures/StoneWall4_baseColor.jpg,/Volumes/Data/University/PPMGR/Blender_Mat_Generator_PPMGR/Projects/textures
StoneWall5_baseColor.jpg,/Volumes/Data/University/PPMGR/Blender_Mat_Generator_PPMGR/Projects/textures/StoneWall5_baseColor.jpg,/Volumes/Data/University/PPMGR/Blender_Mat_Generator_PPMGR/Projects/textures
StoneWall6_baseColor.jpg,/Volumes/Data/University/PPMGR/Blender_Mat_Generator_PPMGR/Projects/textures/StoneWall6_baseColor.jpg,/Volumes/Data/University/PPMGR/Blender_Mat_Generator_PPMGR/Projects/textures
StoneWall_Diffuse.jpg,/Volumes/Data/University/PPMGR/Blender_Mat_Generator_PPMGR/Projects/textures/StoneWall_Diffuse.jpg,/Volumes/Data/University/PPMGR/Blender_Mat_Generator_PPMGR/Projects/textures
Stone_Diff.jpg,/Volumes/Data/University/PPMGR/Blender_Mat_Generator_PPMGR/Projects/textures/Stone_Diff.jpg,/Volumes/Data/University/PPMGR/Blender_Mat_Generator_PPMGR/Projects/textures
Stone_Diffuse.jpg,/Volumes/Data/University/PPMGR/Blender_Mat_Generator_PPMGR/Projects/textures/Stone_Diffuse.jpg,/Volumes/Data/University/PPMGR/Blender_Mat_Generator_PPMGR/Projects/textures
Stone_Floor_03_basecolor.jpg,/Volumes/Data/University/PPMGR/Blender_Mat_Generator_PPMGR/Projects/textures/Stone_Floor_03_basecolor.jpg,/Volumes/Data/University/PPMGR/Blender_Mat_Generator_PPMGR/Projects/textures
Stone_Floor_04_basecolor.jpg,/Volumes/Data/University/PPMGR/Blender_Mat_Generator_PPMGR/Projects/textures/Stone_Floor_04_basecolor.jpg,/Volumes/Data/University/PPMGR/Blender_Mat_Generator_PPMGR/Projects/textures
Stone_Floor_05_basecolor.jpg,/Volumes/Data/University/PPMGR/Blender_Mat_Generator_PPMGR/Projects/textures/Stone_Floor_05_basecolor.jpg,/Volumes/Data/University/PPMGR/Blender_Mat_Generator_PPMGR/Projects/textures
Stone_Floor_06_basecolor.jpg,/Volumes/Data/University/PPMGR/Blender_Mat_Generator_PPMGR/Projects/textures/Stone_Floor_06_basecolor.jpg,/Volumes/Data/University/PPMGR/Blender_Mat_Generator_PPMGR/Projects/textures
Stone_Floor_AO_ROUGHNESS_SPECULAR.jpg,/Volumes/Data/University/PPMGR/Blender_Mat_Generator_PPMGR/Projects/textures/Stone_Floor_AO_ROUGHNESS_SPECULAR.jpg,/Volumes/Data/University/PPMGR/Blender_Mat_Generator_PPMGR/Projects/textures
Stone_Floor_AO_R_M.jpg,/Volumes/Data/University/PPMGR/Blender_Mat_Generator_PPMGR/Projects/textures/Stone_Floor_AO_R_M.jpg,/Volumes/Data/University/PPMGR/Blender_Mat_Generator_PPMGR/Projects/textures
Stone_Floor_basecolor.jpg,/Volumes/Data/University/PPMGR/Blender_Mat_Generator_PPMGR/Projects/textures/Stone_Floor_basecolor.jpg,/Volumes/Data/University/PPMGR/Blender_Mat_Generator_PPMGR/Projects/textures
Stone_Grunge_Tile_Base.jpg,/Volumes/Data/University/PPMGR/Blender_Mat_Generator_PPMGR/Projects/textures/Stone_Grunge_Tile_Base.jpg,/Volumes/Data/University/PPMGR/Blender_Mat_Generator_PPMGR/Projects/textures
Stone_Path_02_diffuse.jpg,/Volumes/Data/University/PPMGR/Blender_Mat_Generator_PPMGR/Projects/textures/Stone_Path_02_diffuse.jpg,/Volumes/Data/University/PPMGR/Blender_Mat_Generator_PPMGR/Projects/textures
Stone_Path_03_diffuseOriginal.jpg,/Volumes/Data/University/PPMGR/Blender_Mat_Generator_PPMGR/Projects/textures/Stone_Path_03_diffuseOriginal.jpg,/Volumes/Data/University/PPMGR/Blender_Mat_Generator_PPMGR/Projects/textures
Stone_Pavement_basecolor.jpg,/Volumes/Data/University/PPMGR/Blender_Mat_Generator_PPMGR/Projects/textures/Stone_Pavement_basecolor.jpg,/Volumes/Data/University/PPMGR/Blender_Mat_Generator_PPMGR/Projects/textures
Stone_Texture_Base.jpg,/Volumes/Data/University/PPMGR/Blender_Mat_Generator_PPMGR/Projects/textures/Stone_Texture_Base.jpg,/Volumes/Data/University/PPMGR/Blender_Mat_Generator_PPMGR/Projects/textures
Stone_Wall_7_baseColor.png,/Volumes/Data/University/PPMGR/Blender_Mat_Generator_PPMGR/Projects/textures/Stone_Wall_7_baseColor.png,/Volumes/Data/University/PPMGR/Blender_Mat_Generator_PPMGR/Projects/textures
Stone_Wall_Base.jpg,/Volumes/Data/University/PPMGR/Blender_Mat_Generator_PPMGR/Projects/textures/Stone_Wall_Base.jpg,/Volumes/Data/University/PPMGR/Blender_Mat_Generator_PPMGR/Projects/textures
Stone_tiles_flowers_basecolor.jpg,/Volumes/Data/University/PPMGR/Blender_Mat_Generator_PPMGR/Projects/textures/Stone_tiles_flowers_basecolor.jpg,/Volumes/Data/University/PPMGR/Blender_Mat_Generator_PPMGR/Projects/textures
Stone_wall_01_diffuse.jpg,/Volumes/Data/University/PPMGR/Blender_Mat_Generator_PPMGR/Projects/textures/Stone_wall_01_diffuse.jpg,/Volumes/Data/University/PPMGR/Blender_Mat_Generator_PPMGR/Projects/textures
Stones_Diffuse.jpg,/Volumes/Data/University/PPMGR/Blender_Mat_Generator_PPMGR/Projects/textures/Stones_Diffuse.jpg,/Volumes/Data/University/PPMGR/Blender_Mat_Generator_PPMGR/Projects/textures
Stonewall_BaseColor.jpg,/Volumes/Data/University/PPMGR/Blender_Mat_Generator_PPMGR/Projects/textures/Stonewall_BaseColor.jpg,/Volumes/Data/University/PPMGR/Blender_Mat_Generator_PPMGR/Projects/textures
Stoney_Mud_Diffuse_01.jpg,/Volumes/Data/University/PPMGR/Blender_Mat_Generator_PPMGR/Projects/textures/Stoney_Mud_Diffuse_01.jpg,/Volumes/Data/University/PPMGR/Blender_Mat_Generator_PPMGR/Projects/textures
Strawberry_BaseColor.jpg,/Volumes/Data/University/PPMGR/Blender_Mat_Generator_PPMGR/Projects/textures/Strawberry_BaseColor.jpg,/Volumes/Data/University/PPMGR/Blender_Mat_Generator_PPMGR/Projects/textures
Strawberry_Skin_Base_Color.jpg,/Volumes/Data/University/PPMGR/Blender_Mat_Generator_PPMGR/Projects/textures/Strawberry_Skin_Base_Color.jpg,/Volumes/Data/University/PPMGR/Blender_Mat_Generator_PPMGR/Projects/textures
Strawbery_Skin_Base_Color.jpg,/Volumes/Data/University/PPMGR/Blender_Mat_Generator_PPMGR/Projects/textures/Strawbery_Skin_Base_Color.jpg,/Volumes/Data/University/PPMGR/Blender_Mat_Generator_PPMGR/Projects/textures
Strip painted wood_BaseColor.jpg,/Volumes/Data/University/PPMGR/Blender_Mat_Generator_PPMGR/Projects/textures/Strip painted wood_BaseColor.jpg,/Volumes/Data/University/PPMGR/Blender_Mat_Generator_PPMGR/Projects/textures
Striped_Wallpaper_basecolor.jpg,/Volumes/Data/University/PPMGR/Blender_Mat_Generator_PPMGR/Projects/textures/Striped_Wallpaper_basecolor.jpg,/Volumes/Data/University/PPMGR/Blender_Mat_Generator_PPMGR/Projects/textures
Stucco_Wall_basecolor.jpg,/Volumes/Data/University/PPMGR/Blender_Mat_Generator_PPMGR/Projects/textures/Stucco_Wall_basecolor.jpg,/Volumes/Data/University/PPMGR/Blender_Mat_Generator_PPMGR/Projects/textures
Stucco_baseColor.jpg,/Volumes/Data/University/PPMGR/Blender_Mat_Generator_PPMGR/Projects/textures/Stucco_baseColor.jpg,/Volumes/Data/University/PPMGR/Blender_Mat_Generator_PPMGR/Projects/textures
Stucco_normal.jpg,/Volumes/Data/University/PPMGR/Blender_Mat_Generator_PPMGR/Projects/textures/Stucco_normal.jpg,/Volumes/Data/University/PPMGR/Blender_Mat_Generator_PPMGR/Projects/textures
Stuck_BaseColor.jpg,/Volumes/Data/University/PPMGR/Blender_Mat_Generator_PPMGR/Projects/textures/Stuck_BaseColor.jpg,/Volumes/Data/University/PPMGR/Blender_Mat_Generator_PPMGR/Projects/textures
StucoWall-basecolor.jpg,/Volumes/Data/University/PPMGR/Blender_Mat_Generator_PPMGR/Projects/textures/StucoWall-basecolor.jpg,/Volumes/Data/University/PPMGR/Blender_Mat_Generator_PPMGR/Projects/textures
Stylized_19_StoneTiles_basecolor.jpg,/Volumes/Data/University/PPMGR/Blender_Mat_Generator_PPMGR/Projects/textures/Stylized_19_StoneTiles_basecolor.jpg,/Volumes/Data/University/PPMGR/Blender_Mat_Generator_PPMGR/Projects/textures
Stylized_20_SmallTiles_basecolor.jpg,/Volumes/Data/University/PPMGR/Blender_Mat_Generator_PPMGR/Projects/textures/Stylized_20_SmallTiles_basecolor.jpg,/Volumes/Data/University/PPMGR/Blender_Mat_Generator_PPMGR/Projects/textures
Stylized_21_WoodTables02_basecolor.jpg,/Volumes/Data/University/PPMGR/Blender_Mat_Generator_PPMGR/Projects/textures/Stylized_21_WoodTables02_basecolor.jpg,/Volumes/Data/University/PPMGR/Blender_Mat_Generator_PPMGR/Projects/textures
Stylized_22_Tatami_basecolor.jpg,/Volumes/Data/University/PPMGR/Blender_Mat_Generator_PPMGR/Projects/textures/Stylized_22_Tatami_basecolor.jpg,/Volumes/Data/University/PPMGR/Blender_Mat_Generator_PPMGR/Projects/textures
Stylized_23_LeatherSofa_basecolor.jpg,/Volumes/Data/University/PPMGR/Blender_Mat_Generator_PPMGR/Projects/textures/Stylized_23_LeatherSofa_basecolor.jpg,/Volumes/Data/University/PPMGR/Blender_Mat_Generator_PPMGR/Projects/textures
Stylized_24_LeatherSofa02_basecolor.jpg,/Volumes/Data/University/PPMGR/Blender_Mat_Generator_PPMGR/Projects/textures/Stylized_24_LeatherSofa02_basecolor.jpg,/Volumes/Data/University/PPMGR/Blender_Mat_Generator_PPMGR/Projects/textures
Stylized_25_Ground_basecolor.jpg,/Volumes/Data/University/PPMGR/Blender_Mat_Generator_PPMGR/Projects/textures/Stylized_25_Ground_basecolor.jpg,/Volumes/Data/University/PPMGR/Blender_Mat_Generator_PPMGR/Projects/textures
Stylized_26_MetallicPlates_basecolor.jpg,/Volumes/Data/University/PPMGR/Blender_Mat_Generator_PPMGR/Projects/textures/Stylized_26_MetallicPlates_basecolor.jpg,/Volumes/Data/University/PPMGR/Blender_Mat_Generator_PPMGR/Projects/textures
Stylized_27_ConcreteTiles_basecolor.jpg,/Volumes/Data/University/PPMGR/Blender_Mat_Generator_PPMGR/Projects/textures/Stylized_27_ConcreteTiles_basecolor.jpg,/Volumes/Data/University/PPMGR/Blender_Mat_Generator_PPMGR/Projects/textures
Stylized_28_MetallicWall_basecolor.jpg,/Volumes/Data/University/PPMGR/Blender_Mat_Generator_PPMGR/Projects/textures/Stylized_28_MetallicWall_basecolor.jpg,/Volumes/Data/University/PPMGR/Blender_Mat_Generator_PPMGR/Projects/textures
Stylized_29_ConcreteTiles02_basecolor.jpg,/Volumes/Data/University/PPMGR/Blender_Mat_Generator_PPMGR/Projects/textures/Stylized_29_ConcreteTiles02_basecolor.jpg,/Volumes/Data/University/PPMGR/Blender_Mat_Generator_PPMGR/Projects/textures
Stylized_30_GroundStone_basecolor.jpg,/Volumes/Data/University/PPMGR/Blender_Mat_Generator_PPMGR/Projects/textures/Stylized_30_GroundStone_basecolor.jpg,/Volumes/Data/University/PPMGR/Blender_Mat_Generator_PPMGR/Projects/textures
Stylized_33_Mud_basecolor.jpg,/Volumes/Data/University/PPMGR/Blender_Mat_Generator_PPMGR/Projects/textures/Stylized_33_Mud_basecolor.jpg,/Volumes/Data/University/PPMGR/Blender_Mat_Generator_PPMGR/Projects/textures
Stylized_Concrete_basecolor.jpg,/Volumes/Data/University/PPMGR/Blender_Mat_Generator_PPMGR/Projects/textures/Stylized_Concrete_basecolor.jpg,/Volumes/Data/University/PPMGR/Blender_Mat_Generator_PPMGR/Projects/textures
Stylized_Desert_Cliff_basecolor.jpg,/Volumes/Data/University/PPMGR/Blender_Mat_Generator_PPMGR/Projects/textures/Stylized_Desert_Cliff_basecolor.jpg,/Volumes/Data/University/PPMGR/Blender_Mat_Generator_PPMGR/Projects/textures
Stylized_Fur__Base_Color.jpg,/Volumes/Data/University/PPMGR/Blender_Mat_Generator_PPMGR/Projects/textures/Stylized_Fur__Base_Color.jpg,/Volumes/Data/University/PPMGR/Blender_Mat_Generator_PPMGR/Projects/textures
Stylized_Grass_With_Blue_Flowers_basecolor.jpg,/Volumes/Data/University/PPMGR/Blender_Mat_Generator_PPMGR/Projects/textures/Stylized_Grass_With_Blue_Flowers_basecolor.jpg,/Volumes/Data/University/PPMGR/Blender_Mat_Generator_PPMGR/Projects/textures
Stylized_Grass_With_Pink_Flowers_basecolor.jpg,/Volumes/Data/University/PPMGR/Blender_Mat_Generator_PPMGR/Projects/textures/Stylized_Grass_With_Pink_Flowers_basecolor.jpg,/Volumes/Data/University/PPMGR/Blender_Mat_Generator_PPMGR/Projects/textures
Stylized_Grass_With_Yellow_Flowers_basecolor.jpg,/Volumes/Data/University/PPMGR/Blender_Mat_Generator_PPMGR/Projects/textures/Stylized_Grass_With_Yellow_Flowers_basecolor.jpg,/Volumes/Data/University/PPMGR/Blender_Mat_Generator_PPMGR/Projects/textures
Stylized_Grass_basecolor.jpg,/Volumes/Data/University/PPMGR/Blender_Mat_Generator_PPMGR/Projects/textures/Stylized_Grass_basecolor.jpg,/Volumes/Data/University/PPMGR/Blender_Mat_Generator_PPMGR/Projects/textures
Stylized_Ice_Cliff_basecolor.jpg,/Volumes/Data/University/PPMGR/Blender_Mat_Generator_PPMGR/Projects/textures/Stylized_Ice_Cliff_basecolor.jpg,/Volumes/Data/University/PPMGR/Blender_Mat_Generator_PPMGR/Projects/textures
Stylized_Ice_basecolor.jpg,/Volumes/Data/University/PPMGR/Blender_Mat_Generator_PPMGR/Projects/textures/Stylized_Ice_basecolor.jpg,/Volumes/Data/University/PPMGR/Blender_Mat_Generator_PPMGR/Projects/textures
Stylized_Plaster_basecolor.jpg,/Volumes/Data/University/PPMGR/Blender_Mat_Generator_PPMGR/Projects/textures/Stylized_Plaster_basecolor.jpg,/Volumes/Data/University/PPMGR/Blender_Mat_Generator_PPMGR/Projects/textures
Stylized_Sand_basecolor.jpg,/Volumes/Data/University/PPMGR/Blender_Mat_Generator_PPMGR/Projects/textures/Stylized_Sand_basecolor.jpg,/Volumes/Data/University/PPMGR/Blender_Mat_Generator_PPMGR/Projects/textures
Stylized_Tree_Truck_Base_Color.jpg,/Volumes/Data/University/PPMGR/Blender_Mat_Generator_PPMGR/Projects/textures/Stylized_Tree_Truck_Base_Color.jpg,/Volumes/Data/University/PPMGR/Blender_Mat_Generator_PPMGR/Projects/textures
Stylized_Tree_Trunks_bark_Base_Color.jpg,/Volumes/Data/University/PPMGR/Blender_Mat_Generator_PPMGR/Projects/textures/Stylized_Tree_Trunks_bark_Base_Color.jpg,/Volumes/Data/University/PPMGR/Blender_Mat_Generator_PPMGR/Projects/textures
Stylized_Wood_Base_Color.jpg,/Volumes/Data/University/PPMGR/Blender_Mat_Generator_PPMGR/Projects/textures/Stylized_Wood_Base_Color.jpg,/Volumes/Data/University/PPMGR/Blender_Mat_Generator_PPMGR/Projects/textures
Stylized_Wood_Flat_basecolor.jpg,/Volumes/Data/University/PPMGR/Blender_Mat_Generator_PPMGR/Projects/textures/Stylized_Wood_Flat_basecolor.jpg,/Volumes/Data/University/PPMGR/Blender_Mat_Generator_PPMGR/Projects/textures
Stylized_Wood_Offset_basecolor.jpg,/Volumes/Data/University/PPMGR/Blender_Mat_Generator_PPMGR/Projects/textures/Stylized_Wood_Offset_basecolor.jpg,/Volumes/Data/University/PPMGR/Blender_Mat_Generator_PPMGR/Projects/textures
Stylized_Wood_Planks_basecolor.jpg,/Volumes/Data/University/PPMGR/Blender_Mat_Generator_PPMGR/Projects/textures/Stylized_Wood_Planks_basecolor.jpg,/Volumes/Data/University/PPMGR/Blender_Mat_Generator_PPMGR/Projects/textures
Stylized_Wood_basecolor.jpg,/Volumes/Data/University/PPMGR/Blender_Mat_Generator_PPMGR/Projects/textures/Stylized_Wood_basecolor.jpg,/Volumes/Data/University/PPMGR/Blender_Mat_Generator_PPMGR/Projects/textures
Stylized_stones_with_dirt_AO_R_S.jpg,/Volumes/Data/University/PPMGR/Blender_Mat_Generator_PPMGR/Projects/textures/Stylized_stones_with_dirt_AO_R_S.jpg,/Volumes/Data/University/PPMGR/Blender_Mat_Generator_PPMGR/Projects/textures
Stylized_stones_with_dirt_basecolor.jpg,/Volumes/Data/University/PPMGR/Blender_Mat_Generator_PPMGR/Projects/textures/Stylized_stones_with_dirt_basecolor.jpg,/Volumes/Data/University/PPMGR/Blender_Mat_Generator_PPMGR/Projects/textures
Stylized_water_waves_Base_Color.jpg,/Volumes/Data/University/PPMGR/Blender_Mat_Generator_PPMGR/Projects/textures/Stylized_water_waves_Base_Color.jpg,/Volumes/Data/University/PPMGR/Blender_Mat_Generator_PPMGR/Projects/textures
Stylized_wooden_Board_basecolor.jpg,/Volumes/Data/University/PPMGR/Blender_Mat_Generator_PPMGR/Projects/textures/Stylized_wooden_Board_basecolor.jpg,/Volumes/Data/University/PPMGR/Blender_Mat_Generator_PPMGR/Projects/textures
Substance_graph_AO_roughness_metal.jpg,/Volumes/Data/University/PPMGR/Blender_Mat_Generator_PPMGR/Projects/textures/Substance_graph_AO_roughness_metal.jpg,/Volumes/Data/University/PPMGR/Blender_Mat_Generator_PPMGR/Projects/textures
Substance_graph_basecolor.jpg,/Volumes/Data/University/PPMGR/Blender_Mat_Generator_PPMGR/Projects/textures/Substance_graph_basecolor.jpg,/Volumes/Data/University/PPMGR/Blender_Mat_Generator_PPMGR/Projects/textures
Substance_graph_basecolor.jpg.002.png,/Volumes/Data/University/PPMGR/Blender_Mat_Generator_PPMGR/Projects/textures/Substance_graph_basecolor.jpg.002.png,/Volumes/Data/University/PPMGR/Blender_Mat_Generator_PPMGR/Projects/textures
Substance_graph_basecolor.jpg.004.png,/Volumes/Data/University/PPMGR/Blender_Mat_Generator_PPMGR/Projects/textures/Substance_graph_basecolor.jpg.004.png,/Volumes/Data/University/PPMGR/Blender_Mat_Generator_PPMGR/Projects/textures
Substance_graph_basecolor.png,/Volumes/Data/University/PPMGR/Blender_Mat_Generator_PPMGR/Projects/textures/Substance_graph_basecolor.png,/Volumes/Data/University/PPMGR/Blender_Mat_Generator_PPMGR/Projects/textures
Substance_graph_basecolor_1.jpg,/Volumes/Data/University/PPMGR/Blender_Mat_Generator_PPMGR/Projects/textures/Substance_graph_basecolor_1.jpg,/Volumes/Data/University/PPMGR/Blender_Mat_Generator_PPMGR/Projects/textures
Sweater__Base_Color.jpg,/Volumes/Data/University/PPMGR/Blender_Mat_Generator_PPMGR/Projects/textures/Sweater__Base_Color.jpg,/Volumes/Data/University/PPMGR/Blender_Mat_Generator_PPMGR/Projects/textures
Syncron Nocce_3_BaseColor.jpg,/Volumes/Data/University/PPMGR/Blender_Mat_Generator_PPMGR/Projects/textures/Syncron Nocce_3_BaseColor.jpg,/Volumes/Data/University/PPMGR/Blender_Mat_Generator_PPMGR/Projects/textures
TRAONY~2.JPG,/Volumes/Data/University/PPMGR/Blender_Mat_Generator_PPMGR/Projects/textures/TRAONY~2.JPG,/Volumes/Data/University/PPMGR/Blender_Mat_Generator_PPMGR/Projects/textures
TS_diffuseOriginal.jpg,/Volumes/Data/University/PPMGR/Blender_Mat_Generator_PPMGR/Projects/textures/TS_diffuseOriginal.jpg,/Volumes/Data/University/PPMGR/Blender_Mat_Generator_PPMGR/Projects/textures
T_Set_Stairs_Concrete_1_OcclusionRoughnessMetallic.jpg,/Volumes/Data/University/PPMGR/Blender_Mat_Generator_PPMGR/Projects/textures/T_Set_Stairs_Concrete_1_OcclusionRoughnessMetallic.jpg,/Volumes/Data/University/PPMGR/Blender_Mat_Generator_PPMGR/Projects/textures
T_Set_Stairs_Concrete_1_basecolor.jpg,/Volumes/Data/University/PPMGR/Blender_Mat_Generator_PPMGR/Projects/textures/T_Set_Stairs_Concrete_1_basecolor.jpg,/Volumes/Data/University/PPMGR/Blender_Mat_Generator_PPMGR/Projects/textures
T_Set_Stairs_Concrete_2_OcclusionRoughnessMetallic.jpg,/Volumes/Data/University/PPMGR/Blender_Mat_Generator_PPMGR/Projects/textures/T_Set_Stairs_Concrete_2_OcclusionRoughnessMetallic.jpg,/Volumes/Data/University/PPMGR/Blender_Mat_Generator_PPMGR/Projects/textures
T_Set_Stairs_Concrete_2_basecolor.jpg,/Volumes/Data/University/PPMGR/Blender_Mat_Generator_PPMGR/Projects/textures/T_Set_Stairs_Concrete_2_basecolor.jpg,/Volumes/Data/University/PPMGR/Blender_Mat_Generator_PPMGR/Projects/textures
T_Set_Stairs_Mud_BaseColor.jpg,/Volumes/Data/University/PPMGR/Blender_Mat_Generator_PPMGR/Projects/textures/T_Set_Stairs_Mud_BaseColor.jpg,/Volumes/Data/University/PPMGR/Blender_Mat_Generator_PPMGR/Projects/textures
T_Set_Stairs_Mud_OcclusionRoughnessMetallic.jpg,/Volumes/Data/University/PPMGR/Blender_Mat_Generator_PPMGR/Projects/textures/T_Set_Stairs_Mud_OcclusionRoughnessMetallic.jpg,/Volumes/Data/University/PPMGR/Blender_Mat_Generator_PPMGR/Projects/textures
Tactical_pavment_sidewalk_blue_tiles_Base_Color.jpg,/Volumes/Data/University/PPMGR/Blender_Mat_Generator_PPMGR/Projects/textures/Tactical_pavment_sidewalk_blue_tiles_Base_Color.jpg,/Volumes/Data/University/PPMGR/Blender_Mat_Generator_PPMGR/Projects/textures
Tactile_Pavement_basecolor.jpg,/Volumes/Data/University/PPMGR/Blender_Mat_Generator_PPMGR/Projects/textures/Tactile_Pavement_basecolor.jpg,/Volumes/Data/University/PPMGR/Blender_Mat_Generator_PPMGR/Projects/textures
Tan Weaved Fabric_BaseColor.jpg,/Volumes/Data/University/PPMGR/Blender_Mat_Generator_PPMGR/Projects/textures/Tan Weaved Fabric_BaseColor.jpg,/Volumes/Data/University/PPMGR/Blender_Mat_Generator_PPMGR/Projects/textures
Teak_Wood_01_Base.jpg,/Volumes/Data/University/PPMGR/Blender_Mat_Generator_PPMGR/Projects/textures/Teak_Wood_01_Base.jpg,/Volumes/Data/University/PPMGR/Blender_Mat_Generator_PPMGR/Projects/textures
Teak_Wood_02_Base.jpg,/Volumes/Data/University/PPMGR/Blender_Mat_Generator_PPMGR/Projects/textures/Teak_Wood_02_Base.jpg,/Volumes/Data/University/PPMGR/Blender_Mat_Generator_PPMGR/Projects/textures
Terrace_Tiles_basecolor.png,/Volumes/Data/University/PPMGR/Blender_Mat_Generator_PPMGR/Projects/textures/Terrace_Tiles_basecolor.png,/Volumes/Data/University/PPMGR/Blender_Mat_Generator_PPMGR/Projects/textures
Terrace_Tiles_output.png,/Volumes/Data/University/PPMGR/Blender_Mat_Generator_PPMGR/Projects/textures/Terrace_Tiles_output.png,/Volumes/Data/University/PPMGR/Blender_Mat_Generator_PPMGR/Projects/textures
Terracota_Floor_Var01_basecolor.jpg,/Volumes/Data/University/PPMGR/Blender_Mat_Generator_PPMGR/Projects/textures/Terracota_Floor_Var01_basecolor.jpg,/Volumes/Data/University/PPMGR/Blender_Mat_Generator_PPMGR/Projects/textures
Terracota_Floor_var02_basecolor.jpg,/Volumes/Data/University/PPMGR/Blender_Mat_Generator_PPMGR/Projects/textures/Terracota_Floor_var02_basecolor.jpg,/Volumes/Data/University/PPMGR/Blender_Mat_Generator_PPMGR/Projects/textures
Terracota_Floor_var03_basecolor.jpg,/Volumes/Data/University/PPMGR/Blender_Mat_Generator_PPMGR/Projects/textures/Terracota_Floor_var03_basecolor.jpg,/Volumes/Data/University/PPMGR/Blender_Mat_Generator_PPMGR/Projects/textures
TerracottaMaterial_Base_color.jpg,/Volumes/Data/University/PPMGR/Blender_Mat_Generator_PPMGR/Projects/textures/TerracottaMaterial_Base_color.jpg,/Volumes/Data/University/PPMGR/Blender_Mat_Generator_PPMGR/Projects/textures
Terrazzo_Base_Color.jpg,/Volumes/Data/University/PPMGR/Blender_Mat_Generator_PPMGR/Projects/textures/Terrazzo_Base_Color.jpg,/Volumes/Data/University/PPMGR/Blender_Mat_Generator_PPMGR/Projects/textures
Terrazzo_diffuseOriginal.jpg,/Volumes/Data/University/PPMGR/Blender_Mat_Generator_PPMGR/Projects/textures/Terrazzo_diffuseOriginal.jpg,/Volumes/Data/University/PPMGR/Blender_Mat_Generator_PPMGR/Projects/textures
Thick red tied cable-basecolor.jpg,/Volumes/Data/University/PPMGR/Blender_Mat_Generator_PPMGR/Projects/textures/Thick red tied cable-basecolor.jpg,/Volumes/Data/University/PPMGR/Blender_Mat_Generator_PPMGR/Projects/textures
Thick red tied cable-basecolor.jpg.png,/Volumes/Data/University/PPMGR/Blender_Mat_Generator_PPMGR/Projects/textures/Thick red tied cable-basecolor.jpg.png,/Volumes/Data/University/PPMGR/Blender_Mat_Generator_PPMGR/Projects/textures
Thick_Woven_Leather_-_01_BaseColor.1001.jpg,/Volumes/Data/University/PPMGR/Blender_Mat_Generator_PPMGR/Projects/textures/Thick_Woven_Leather_-_01_BaseColor.1001.jpg,/Volumes/Data/University/PPMGR/Blender_Mat_Generator_PPMGR/Projects/textures
Tile Floor_Albedo.jpg,/Volumes/Data/University/PPMGR/Blender_Mat_Generator_PPMGR/Projects/textures/Tile Floor_Albedo.jpg,/Volumes/Data/University/PPMGR/Blender_Mat_Generator_PPMGR/Projects/textures
Tile Squares Floor_diffuseOriginal.jpg,/Volumes/Data/University/PPMGR/Blender_Mat_Generator_PPMGR/Projects/textures/Tile Squares Floor_diffuseOriginal.jpg,/Volumes/Data/University/PPMGR/Blender_Mat_Generator_PPMGR/Projects/textures
Tile _BaseColor.jpg,/Volumes/Data/University/PPMGR/Blender_Mat_Generator_PPMGR/Projects/textures/Tile _BaseColor.jpg,/Volumes/Data/University/PPMGR/Blender_Mat_Generator_PPMGR/Projects/textures
Tile_with_paw_basecolor.jpg,/Volumes/Data/University/PPMGR/Blender_Mat_Generator_PPMGR/Projects/textures/Tile_with_paw_basecolor.jpg,/Volumes/Data/University/PPMGR/Blender_Mat_Generator_PPMGR/Projects/textures
TilesFloor-basecolor.jpg,/Volumes/Data/University/PPMGR/Blender_Mat_Generator_PPMGR/Projects/textures/TilesFloor-basecolor.jpg,/Volumes/Data/University/PPMGR/Blender_Mat_Generator_PPMGR/Projects/textures
Tiles_with_scracthes_Base_Color.jpg,/Volumes/Data/University/PPMGR/Blender_Mat_Generator_PPMGR/Projects/textures/Tiles_with_scracthes_Base_Color.jpg,/Volumes/Data/University/PPMGR/Blender_Mat_Generator_PPMGR/Projects/textures
Tiling_48_basecolor-4K.jpg,/Volumes/Data/University/PPMGR/Blender_Mat_Generator_PPMGR/Projects/textures/Tiling_48_basecolor-4K.jpg,/Volumes/Data/University/PPMGR/Blender_Mat_Generator_PPMGR/Projects/textures
Tiling_49_basecolor-4K.jpg,/Volumes/Data/University/PPMGR/Blender_Mat_Generator_PPMGR/Projects/textures/Tiling_49_basecolor-4K.jpg,/Volumes/Data/University/PPMGR/Blender_Mat_Generator_PPMGR/Projects/textures
Tiling_50_basecolor-4K.jpg,/Volumes/Data/University/PPMGR/Blender_Mat_Generator_PPMGR/Projects/textures/Tiling_50_basecolor-4K.jpg,/Volumes/Data/University/PPMGR/Blender_Mat_Generator_PPMGR/Projects/textures
Tire_Rubber_Base_Color.jpg,/Volumes/Data/University/PPMGR/Blender_Mat_Generator_PPMGR/Projects/textures/Tire_Rubber_Base_Color.jpg,/Volumes/Data/University/PPMGR/Blender_Mat_Generator_PPMGR/Projects/textures
Tire_diffuseOriginal.jpg,/Volumes/Data/University/PPMGR/Blender_Mat_Generator_PPMGR/Projects/textures/Tire_diffuseOriginal.jpg,/Volumes/Data/University/PPMGR/Blender_Mat_Generator_PPMGR/Projects/textures
Toilent_floor_Tiles_Base_Color.jpg,/Volumes/Data/University/PPMGR/Blender_Mat_Generator_PPMGR/Projects/textures/Toilent_floor_Tiles_Base_Color.jpg,/Volumes/Data/University/PPMGR/Blender_Mat_Generator_PPMGR/Projects/textures
Toon Rocks_diffuseOriginal.jpg,/Volumes/Data/University/PPMGR/Blender_Mat_Generator_PPMGR/Projects/textures/Toon Rocks_diffuseOriginal.jpg,/Volumes/Data/University/PPMGR/Blender_Mat_Generator_PPMGR/Projects/textures
Towel_diffuse.jpg,/Volumes/Data/University/PPMGR/Blender_Mat_Generator_PPMGR/Projects/textures/Towel_diffuse.jpg,/Volumes/Data/University/PPMGR/Blender_Mat_Generator_PPMGR/Projects/textures
Travertine 10_Color.jpg,/Volumes/Data/University/PPMGR/Blender_Mat_Generator_PPMGR/Projects/textures/Travertine 10_Color.jpg,/Volumes/Data/University/PPMGR/Blender_Mat_Generator_PPMGR/Projects/textures
Travertine 11_Color.jpg,/Volumes/Data/University/PPMGR/Blender_Mat_Generator_PPMGR/Projects/textures/Travertine 11_Color.jpg,/Volumes/Data/University/PPMGR/Blender_Mat_Generator_PPMGR/Projects/textures
Travertine 12_Color.jpg,/Volumes/Data/University/PPMGR/Blender_Mat_Generator_PPMGR/Projects/textures/Travertine 12_Color.jpg,/Volumes/Data/University/PPMGR/Blender_Mat_Generator_PPMGR/Projects/textures
Travertine 13_Color.jpg,/Volumes/Data/University/PPMGR/Blender_Mat_Generator_PPMGR/Projects/textures/Travertine 13_Color.jpg,/Volumes/Data/University/PPMGR/Blender_Mat_Generator_PPMGR/Projects/textures
Travertine 14_Color.jpg,/Volumes/Data/University/PPMGR/Blender_Mat_Generator_PPMGR/Projects/textures/Travertine 14_Color.jpg,/Volumes/Data/University/PPMGR/Blender_Mat_Generator_PPMGR/Projects/textures
Travertine 1_Color.jpg,/Volumes/Data/University/PPMGR/Blender_Mat_Generator_PPMGR/Projects/textures/Travertine 1_Color.jpg,/Volumes/Data/University/PPMGR/Blender_Mat_Generator_PPMGR/Projects/textures
Travertine 2_Color.jpg,/Volumes/Data/University/PPMGR/Blender_Mat_Generator_PPMGR/Projects/textures/Travertine 2_Color.jpg,/Volumes/Data/University/PPMGR/Blender_Mat_Generator_PPMGR/Projects/textures
Travertine 3_Color.jpg,/Volumes/Data/University/PPMGR/Blender_Mat_Generator_PPMGR/Projects/textures/Travertine 3_Color.jpg,/Volumes/Data/University/PPMGR/Blender_Mat_Generator_PPMGR/Projects/textures
Travertine 4_Color.jpg,/Volumes/Data/University/PPMGR/Blender_Mat_Generator_PPMGR/Projects/textures/Travertine 4_Color.jpg,/Volumes/Data/University/PPMGR/Blender_Mat_Generator_PPMGR/Projects/textures
Travertine 5_Color.jpg,/Volumes/Data/University/PPMGR/Blender_Mat_Generator_PPMGR/Projects/textures/Travertine 5_Color.jpg,/Volumes/Data/University/PPMGR/Blender_Mat_Generator_PPMGR/Projects/textures
Travertine 6_Color.jpg,/Volumes/Data/University/PPMGR/Blender_Mat_Generator_PPMGR/Projects/textures/Travertine 6_Color.jpg,/Volumes/Data/University/PPMGR/Blender_Mat_Generator_PPMGR/Projects/textures
Travertine 7_Color.jpg,/Volumes/Data/University/PPMGR/Blender_Mat_Generator_PPMGR/Projects/textures/Travertine 7_Color.jpg,/Volumes/Data/University/PPMGR/Blender_Mat_Generator_PPMGR/Projects/textures
Travertine 8_Color.jpg,/Volumes/Data/University/PPMGR/Blender_Mat_Generator_PPMGR/Projects/textures/Travertine 8_Color.jpg,/Volumes/Data/University/PPMGR/Blender_Mat_Generator_PPMGR/Projects/textures
Travertine 9_Color.jpg,/Volumes/Data/University/PPMGR/Blender_Mat_Generator_PPMGR/Projects/textures/Travertine 9_Color.jpg,/Volumes/Data/University/PPMGR/Blender_Mat_Generator_PPMGR/Projects/textures
Travertine002_4K-JPG_Color.jpg,/Volumes/Data/University/PPMGR/Blender_Mat_Generator_PPMGR/Projects/textures/Travertine002_4K-JPG_Color.jpg,/Volumes/Data/University/PPMGR/Blender_Mat_Generator_PPMGR/Projects/textures
Travertine005_4K-JPG_Color.jpg,/Volumes/Data/University/PPMGR/Blender_Mat_Generator_PPMGR/Projects/textures/Travertine005_4K-JPG_Color.jpg,/Volumes/Data/University/PPMGR/Blender_Mat_Generator_PPMGR/Projects/textures
Travertine006_4K-JPG_Color.jpg,/Volumes/Data/University/PPMGR/Blender_Mat_Generator_PPMGR/Projects/textures/Travertine006_4K-JPG_Color.jpg,/Volumes/Data/University/PPMGR/Blender_Mat_Generator_PPMGR/Projects/textures
Travertine007_4K-JPG_Color.jpg,/Volumes/Data/University/PPMGR/Blender_Mat_Generator_PPMGR/Projects/textures/Travertine007_4K-JPG_Color.jpg,/Volumes/Data/University/PPMGR/Blender_Mat_Generator_PPMGR/Projects/textures
Travertine008_4K-JPG_Color.jpg,/Volumes/Data/University/PPMGR/Blender_Mat_Generator_PPMGR/Projects/textures/Travertine008_4K-JPG_Color.jpg,/Volumes/Data/University/PPMGR/Blender_Mat_Generator_PPMGR/Projects/textures
Travertine009_4K-JPG_Color.jpg,/Volumes/Data/University/PPMGR/Blender_Mat_Generator_PPMGR/Projects/textures/Travertine009_4K-JPG_Color.jpg,/Volumes/Data/University/PPMGR/Blender_Mat_Generator_PPMGR/Projects/textures
Travertine010_4K-JPG_Color.jpg,/Volumes/Data/University/PPMGR/Blender_Mat_Generator_PPMGR/Projects/textures/Travertine010_4K-JPG_Color.jpg,/Volumes/Data/University/PPMGR/Blender_Mat_Generator_PPMGR/Projects/textures
Travertine011_4K-JPG_Color.jpg,/Volumes/Data/University/PPMGR/Blender_Mat_Generator_PPMGR/Projects/textures/Travertine011_4K-JPG_Color.jpg,/Volumes/Data/University/PPMGR/Blender_Mat_Generator_PPMGR/Projects/textures
Travertine012_4K-JPG_Color.jpg,/Volumes/Data/University/PPMGR/Blender_Mat_Generator_PPMGR/Projects/textures/Travertine012_4K-JPG_Color.jpg,/Volumes/Data/University/PPMGR/Blender_Mat_Generator_PPMGR/Projects/textures
Travertine013_4K-JPG_Color.jpg,/Volumes/Data/University/PPMGR/Blender_Mat_Generator_PPMGR/Projects/textures/Travertine013_4K-JPG_Color.jpg,/Volumes/Data/University/PPMGR/Blender_Mat_Generator_PPMGR/Projects/textures
Travertine014_4K-JPG_Color.jpg,/Volumes/Data/University/PPMGR/Blender_Mat_Generator_PPMGR/Projects/textures/Travertine014_4K-JPG_Color.jpg,/Volumes/Data/University/PPMGR/Blender_Mat_Generator_PPMGR/Projects/textures
Travertine_BaseColor.jpg,/Volumes/Data/University/PPMGR/Blender_Mat_Generator_PPMGR/Projects/textures/Travertine_BaseColor.jpg,/Volumes/Data/University/PPMGR/Blender_Mat_Generator_PPMGR/Projects/textures
Travertine_TIle_Patteern_basecolor.jpg,/Volumes/Data/University/PPMGR/Blender_Mat_Generator_PPMGR/Projects/textures/Travertine_TIle_Patteern_basecolor.jpg,/Volumes/Data/University/PPMGR/Blender_Mat_Generator_PPMGR/Projects/textures
Trawa_color.jpg,/Volumes/Data/University/PPMGR/Blender_Mat_Generator_PPMGR/Projects/textures/Trawa_color.jpg,/Volumes/Data/University/PPMGR/Blender_Mat_Generator_PPMGR/Projects/textures
Trawa_metallic.jpg,/Volumes/Data/University/PPMGR/Blender_Mat_Generator_PPMGR/Projects/textures/Trawa_metallic.jpg,/Volumes/Data/University/PPMGR/Blender_Mat_Generator_PPMGR/Projects/textures
Tread_Plate_Black_Base_Color.jpg,/Volumes/Data/University/PPMGR/Blender_Mat_Generator_PPMGR/Projects/textures/Tread_Plate_Black_Base_Color.jpg,/Volumes/Data/University/PPMGR/Blender_Mat_Generator_PPMGR/Projects/textures
Tread_Plate_Silver_Base_Color.jpg,/Volumes/Data/University/PPMGR/Blender_Mat_Generator_PPMGR/Projects/textures/Tread_Plate_Silver_Base_Color.jpg,/Volumes/Data/University/PPMGR/Blender_Mat_Generator_PPMGR/Projects/textures
Tree Bark Rough_diffuseOriginal.jpg,/Volumes/Data/University/PPMGR/Blender_Mat_Generator_PPMGR/Projects/textures/Tree Bark Rough_diffuseOriginal.jpg,/Volumes/Data/University/PPMGR/Blender_Mat_Generator_PPMGR/Projects/textures
Tree Turnk_Diff.jpg,/Volumes/Data/University/PPMGR/Blender_Mat_Generator_PPMGR/Projects/textures/Tree Turnk_Diff.jpg,/Volumes/Data/University/PPMGR/Blender_Mat_Generator_PPMGR/Projects/textures
Tree Wood_BaseColor.jpg,/Volumes/Data/University/PPMGR/Blender_Mat_Generator_PPMGR/Projects/textures/Tree Wood_BaseColor.jpg,/Volumes/Data/University/PPMGR/Blender_Mat_Generator_PPMGR/Projects/textures
Tree bark_BaseColor.jpg,/Volumes/Data/University/PPMGR/Blender_Mat_Generator_PPMGR/Projects/textures/Tree bark_BaseColor.jpg,/Volumes/Data/University/PPMGR/Blender_Mat_Generator_PPMGR/Projects/textures
Tree_Bark__Base_Color.jpg,/Volumes/Data/University/PPMGR/Blender_Mat_Generator_PPMGR/Projects/textures/Tree_Bark__Base_Color.jpg,/Volumes/Data/University/PPMGR/Blender_Mat_Generator_PPMGR/Projects/textures
Tree_Trunk_Bark_02_color_map.jpg,/Volumes/Data/University/PPMGR/Blender_Mat_Generator_PPMGR/Projects/textures/Tree_Trunk_Bark_02_color_map.jpg,/Volumes/Data/University/PPMGR/Blender_Mat_Generator_PPMGR/Projects/textures
Tree_Trunk_Bark_03_color_map.jpg,/Volumes/Data/University/PPMGR/Blender_Mat_Generator_PPMGR/Projects/textures/Tree_Trunk_Bark_03_color_map.jpg,/Volumes/Data/University/PPMGR/Blender_Mat_Generator_PPMGR/Projects/textures
Tree_Trunk_Bark_04_color_map.jpg,/Volumes/Data/University/PPMGR/Blender_Mat_Generator_PPMGR/Projects/textures/Tree_Trunk_Bark_04_color_map.jpg,/Volumes/Data/University/PPMGR/Blender_Mat_Generator_PPMGR/Projects/textures
Triangle_Ceramic__Tiles_Base_Color.jpg,/Volumes/Data/University/PPMGR/Blender_Mat_Generator_PPMGR/Projects/textures/Triangle_Ceramic__Tiles_Base_Color.jpg,/Volumes/Data/University/PPMGR/Blender_Mat_Generator_PPMGR/Projects/textures
Triangle_Ceramic_black_Tiles_Base_Color.jpg,/Volumes/Data/University/PPMGR/Blender_Mat_Generator_PPMGR/Projects/textures/Triangle_Ceramic_black_Tiles_Base_Color.jpg,/Volumes/Data/University/PPMGR/Blender_Mat_Generator_PPMGR/Projects/textures
Triangle_Ceramic_reddish_Tiles_Base_Color.jpg,/Volumes/Data/University/PPMGR/Blender_Mat_Generator_PPMGR/Projects/textures/Triangle_Ceramic_reddish_Tiles_Base_Color.jpg,/Volumes/Data/University/PPMGR/Blender_Mat_Generator_PPMGR/Projects/textures
Tufted_Leather_Base_Color.jpg,/Volumes/Data/University/PPMGR/Blender_Mat_Generator_PPMGR/Projects/textures/Tufted_Leather_Base_Color.jpg,/Volumes/Data/University/PPMGR/Blender_Mat_Generator_PPMGR/Projects/textures
Tuna_Meat_Base_Color.jpg,/Volumes/Data/University/PPMGR/Blender_Mat_Generator_PPMGR/Projects/textures/Tuna_Meat_Base_Color.jpg,/Volumes/Data/University/PPMGR/Blender_Mat_Generator_PPMGR/Projects/textures
Tweed_Clothes__Base_Color.jpg,/Volumes/Data/University/PPMGR/Blender_Mat_Generator_PPMGR/Projects/textures/Tweed_Clothes__Base_Color.jpg,/Volumes/Data/University/PPMGR/Blender_Mat_Generator_PPMGR/Projects/textures
UVMap Grid - Basic Colors - 8K.jpg,/Volumes/Data/University/PPMGR/Blender_Mat_Generator_PPMGR/Projects/textures/UVMap Grid - Basic Colors - 8K.jpg,/Volumes/Data/University/PPMGR/Blender_Mat_Generator_PPMGR/Projects/textures
UVMap Grid - Black Yellow - 8K.jpg,/Volumes/Data/University/PPMGR/Blender_Mat_Generator_PPMGR/Projects/textures/UVMap Grid - Black Yellow - 8K.jpg,/Volumes/Data/University/PPMGR/Blender_Mat_Generator_PPMGR/Projects/textures
UVMap Grid - Green Yellow Black - 8K.jpg,/Volumes/Data/University/PPMGR/Blender_Mat_Generator_PPMGR/Projects/textures/UVMap Grid - Green Yellow Black - 8K.jpg,/Volumes/Data/University/PPMGR/Blender_Mat_Generator_PPMGR/Projects/textures
UVMap Grid - Normals - 8K.jpg,/Volumes/Data/University/PPMGR/Blender_Mat_Generator_PPMGR/Projects/textures/UVMap Grid - Normals - 8K.jpg,/Volumes/Data/University/PPMGR/Blender_Mat_Generator_PPMGR/Projects/textures
UVMap Grid - Pink Purple - 8K.jpg,/Volumes/Data/University/PPMGR/Blender_Mat_Generator_PPMGR/Projects/textures/UVMap Grid - Pink Purple - 8K.jpg,/Volumes/Data/University/PPMGR/Blender_Mat_Generator_PPMGR/Projects/textures
UVMap Grid - Rainbow 1 - 8K.jpg,/Volumes/Data/University/PPMGR/Blender_Mat_Generator_PPMGR/Projects/textures/UVMap Grid - Rainbow 1 - 8K.jpg,/Volumes/Data/University/PPMGR/Blender_Mat_Generator_PPMGR/Projects/textures
UVMap Grid - Valhalla - 8K.jpg,/Volumes/Data/University/PPMGR/Blender_Mat_Generator_PPMGR/Projects/textures/UVMap Grid - Valhalla - 8K.jpg,/Volumes/Data/University/PPMGR/Blender_Mat_Generator_PPMGR/Projects/textures
Underwater moss_BaseColor.jpg,/Volumes/Data/University/PPMGR/Blender_Mat_Generator_PPMGR/Projects/textures/Underwater moss_BaseColor.jpg,/Volumes/Data/University/PPMGR/Blender_Mat_Generator_PPMGR/Projects/textures
Untitled material_BaseColor.jpg,/Volumes/Data/University/PPMGR/Blender_Mat_Generator_PPMGR/Projects/textures/Untitled material_BaseColor.jpg,/Volumes/Data/University/PPMGR/Blender_Mat_Generator_PPMGR/Projects/textures
Untitled material_DetailMap.png,/Volumes/Data/University/PPMGR/Blender_Mat_Generator_PPMGR/Projects/textures/Untitled material_DetailMap.png,/Volumes/Data/University/PPMGR/Blender_Mat_Generator_PPMGR/Projects/textures
Untitled material_Diffuse.jpg,/Volumes/Data/University/PPMGR/Blender_Mat_Generator_PPMGR/Projects/textures/Untitled material_Diffuse.jpg,/Volumes/Data/University/PPMGR/Blender_Mat_Generator_PPMGR/Projects/textures
Untitled material_MaskMap.png,/Volumes/Data/University/PPMGR/Blender_Mat_Generator_PPMGR/Projects/textures/Untitled material_MaskMap.png,/Volumes/Data/University/PPMGR/Blender_Mat_Generator_PPMGR/Projects/textures
Uranus 8K_diffuseOriginal.jpg,/Volumes/Data/University/PPMGR/Blender_Mat_Generator_PPMGR/Projects/textures/Uranus 8K_diffuseOriginal.jpg,/Volumes/Data/University/PPMGR/Blender_Mat_Generator_PPMGR/Projects/textures
Used Brown Teak Wood_Base_color.jpg,/Volumes/Data/University/PPMGR/Blender_Mat_Generator_PPMGR/Projects/textures/Used Brown Teak Wood_Base_color.jpg,/Volumes/Data/University/PPMGR/Blender_Mat_Generator_PPMGR/Projects/textures
Varnished wood 1_BaseColor.jpg,/Volumes/Data/University/PPMGR/Blender_Mat_Generator_PPMGR/Projects/textures/Varnished wood 1_BaseColor.jpg,/Volumes/Data/University/PPMGR/Blender_Mat_Generator_PPMGR/Projects/textures
Varnished wood 3_BaseColor.jpg,/Volumes/Data/University/PPMGR/Blender_Mat_Generator_PPMGR/Projects/textures/Varnished wood 3_BaseColor.jpg,/Volumes/Data/University/PPMGR/Blender_Mat_Generator_PPMGR/Projects/textures
Varnished wood 4_BaseColor.jpg,/Volumes/Data/University/PPMGR/Blender_Mat_Generator_PPMGR/Projects/textures/Varnished wood 4_BaseColor.jpg,/Volumes/Data/University/PPMGR/Blender_Mat_Generator_PPMGR/Projects/textures
Varnished wood 5_BaseColor.jpg,/Volumes/Data/University/PPMGR/Blender_Mat_Generator_PPMGR/Projects/textures/Varnished wood 5_BaseColor.jpg,/Volumes/Data/University/PPMGR/Blender_Mat_Generator_PPMGR/Projects/textures
Varnished wood 7_BaseColor.jpg,/Volumes/Data/University/PPMGR/Blender_Mat_Generator_PPMGR/Projects/textures/Varnished wood 7_BaseColor.jpg,/Volumes/Data/University/PPMGR/Blender_Mat_Generator_PPMGR/Projects/textures
Varnished wood_BaseColor.jpg,/Volumes/Data/University/PPMGR/Blender_Mat_Generator_PPMGR/Projects/textures/Varnished wood_BaseColor.jpg,/Volumes/Data/University/PPMGR/Blender_Mat_Generator_PPMGR/Projects/textures
Vein_Like_Brass_Metallic_Base_Color.jpg,/Volumes/Data/University/PPMGR/Blender_Mat_Generator_PPMGR/Projects/textures/Vein_Like_Brass_Metallic_Base_Color.jpg,/Volumes/Data/University/PPMGR/Blender_Mat_Generator_PPMGR/Projects/textures
Vein_Like_Brass_Metallic_Red_Base_Color.jpg,/Volumes/Data/University/PPMGR/Blender_Mat_Generator_PPMGR/Projects/textures/Vein_Like_Brass_Metallic_Red_Base_Color.jpg,/Volumes/Data/University/PPMGR/Blender_Mat_Generator_PPMGR/Projects/textures
Venus 8K_diffuseOriginal.jpg,/Volumes/Data/University/PPMGR/Blender_Mat_Generator_PPMGR/Projects/textures/Venus 8K_diffuseOriginal.jpg,/Volumes/Data/University/PPMGR/Blender_Mat_Generator_PPMGR/Projects/textures
Venus_Flower_Basket_basecolor.jpg,/Volumes/Data/University/PPMGR/Blender_Mat_Generator_PPMGR/Projects/textures/Venus_Flower_Basket_basecolor.jpg,/Volumes/Data/University/PPMGR/Blender_Mat_Generator_PPMGR/Projects/textures
Verde_diffuse.jpg,/Volumes/Data/University/PPMGR/Blender_Mat_Generator_PPMGR/Projects/textures/Verde_diffuse.jpg,/Volumes/Data/University/PPMGR/Blender_Mat_Generator_PPMGR/Projects/textures
Verdigris_01_Image.jpg,/Volumes/Data/University/PPMGR/Blender_Mat_Generator_PPMGR/Projects/textures/Verdigris_01_Image.jpg,/Volumes/Data/University/PPMGR/Blender_Mat_Generator_PPMGR/Projects/textures
Victorian_floor_Old_Base_color.jpg,/Volumes/Data/University/PPMGR/Blender_Mat_Generator_PPMGR/Projects/textures/Victorian_floor_Old_Base_color.jpg,/Volumes/Data/University/PPMGR/Blender_Mat_Generator_PPMGR/Projects/textures
Vintage Diffuse.jpg,/Volumes/Data/University/PPMGR/Blender_Mat_Generator_PPMGR/Projects/textures/Vintage Diffuse.jpg,/Volumes/Data/University/PPMGR/Blender_Mat_Generator_PPMGR/Projects/textures
Vintage Rustic Ceramic Floor_diffuseOriginal.jpg,/Volumes/Data/University/PPMGR/Blender_Mat_Generator_PPMGR/Projects/textures/Vintage Rustic Ceramic Floor_diffuseOriginal.jpg,/Volumes/Data/University/PPMGR/Blender_Mat_Generator_PPMGR/Projects/textures
VintageRusticCeramicFloor.jpg,/Volumes/Data/University/PPMGR/Blender_Mat_Generator_PPMGR/Projects/textures/VintageRusticCeramicFloor.jpg,/Volumes/Data/University/PPMGR/Blender_Mat_Generator_PPMGR/Projects/textures
VintageRusticCeramicFloor.png,/Volumes/Data/University/PPMGR/Blender_Mat_Generator_PPMGR/Projects/textures/VintageRusticCeramicFloor.png,/Volumes/Data/University/PPMGR/Blender_Mat_Generator_PPMGR/Projects/textures
VintageRusticCeramicFloor_diffuseOriginal.jpg,/Volumes/Data/University/PPMGR/Blender_Mat_Generator_PPMGR/Projects/textures/VintageRusticCeramicFloor_diffuseOriginal.jpg,/Volumes/Data/University/PPMGR/Blender_Mat_Generator_PPMGR/Projects/textures
VintageRusticCeramicFloor_normal.jpg,/Volumes/Data/University/PPMGR/Blender_Mat_Generator_PPMGR/Projects/textures/VintageRusticCeramicFloor_normal.jpg,/Volumes/Data/University/PPMGR/Blender_Mat_Generator_PPMGR/Projects/textures
Vintage_Mediterranean_TIles_Base_Color.jpg,/Volumes/Data/University/PPMGR/Blender_Mat_Generator_PPMGR/Projects/textures/Vintage_Mediterranean_TIles_Base_Color.jpg,/Volumes/Data/University/PPMGR/Blender_Mat_Generator_PPMGR/Projects/textures
Vintage_Mediterranean_TIles_dark_Base_Color.jpg,/Volumes/Data/University/PPMGR/Blender_Mat_Generator_PPMGR/Projects/textures/Vintage_Mediterranean_TIles_dark_Base_Color.jpg,/Volumes/Data/University/PPMGR/Blender_Mat_Generator_PPMGR/Projects/textures
Vintage_Mediterranean_Tiles_mix_Base_Color.jpg,/Volumes/Data/University/PPMGR/Blender_Mat_Generator_PPMGR/Projects/textures/Vintage_Mediterranean_Tiles_mix_Base_Color.jpg,/Volumes/Data/University/PPMGR/Blender_Mat_Generator_PPMGR/Projects/textures
Vintage_Style_Floor_Tiles_Darkish_Base_Color.jpg,/Volumes/Data/University/PPMGR/Blender_Mat_Generator_PPMGR/Projects/textures/Vintage_Style_Floor_Tiles_Darkish_Base_Color.jpg,/Volumes/Data/University/PPMGR/Blender_Mat_Generator_PPMGR/Projects/textures
Vintage_Style_Floor_Tiles_white_Base_Color.jpg,/Volumes/Data/University/PPMGR/Blender_Mat_Generator_PPMGR/Projects/textures/Vintage_Style_Floor_Tiles_white_Base_Color.jpg,/Volumes/Data/University/PPMGR/Blender_Mat_Generator_PPMGR/Projects/textures
Vintage_mediterranean_dirty_tile_Base_Color.jpg,/Volumes/Data/University/PPMGR/Blender_Mat_Generator_PPMGR/Projects/textures/Vintage_mediterranean_dirty_tile_Base_Color.jpg,/Volumes/Data/University/PPMGR/Blender_Mat_Generator_PPMGR/Projects/textures
Vintage_mediterranean_tile_Base_Color.jpg,/Volumes/Data/University/PPMGR/Blender_Mat_Generator_PPMGR/Projects/textures/Vintage_mediterranean_tile_Base_Color.jpg,/Volumes/Data/University/PPMGR/Blender_Mat_Generator_PPMGR/Projects/textures
Vintage_mediterranean_white_tile_Base_Color.jpg,/Volumes/Data/University/PPMGR/Blender_Mat_Generator_PPMGR/Projects/textures/Vintage_mediterranean_white_tile_Base_Color.jpg,/Volumes/Data/University/PPMGR/Blender_Mat_Generator_PPMGR/Projects/textures
WF447 TOASTED OAK_ARAUCO_21221_BaseColor.jpg,/Volumes/Data/University/PPMGR/Blender_Mat_Generator_PPMGR/Projects/textures/WF447 TOASTED OAK_ARAUCO_21221_BaseColor.jpg,/Volumes/Data/University/PPMGR/Blender_Mat_Generator_PPMGR/Projects/textures
Waffle_Base_Color.jpg,/Volumes/Data/University/PPMGR/Blender_Mat_Generator_PPMGR/Projects/textures/Waffle_Base_Color.jpg,/Volumes/Data/University/PPMGR/Blender_Mat_Generator_PPMGR/Projects/textures
Waffle_white_Base_Color.jpg,/Volumes/Data/University/PPMGR/Blender_Mat_Generator_PPMGR/Projects/textures/Waffle_white_Base_Color.jpg,/Volumes/Data/University/PPMGR/Blender_Mat_Generator_PPMGR/Projects/textures
Waldschotter_Albedo_8192x8192.jpg,/Volumes/Data/University/PPMGR/Blender_Mat_Generator_PPMGR/Projects/textures/Waldschotter_Albedo_8192x8192.jpg,/Volumes/Data/University/PPMGR/Blender_Mat_Generator_PPMGR/Projects/textures
Wall_01_Base Color.jpg,/Volumes/Data/University/PPMGR/Blender_Mat_Generator_PPMGR/Projects/textures/Wall_01_Base Color.jpg,/Volumes/Data/University/PPMGR/Blender_Mat_Generator_PPMGR/Projects/textures
Wall_Pattern_01_Base.jpg,/Volumes/Data/University/PPMGR/Blender_Mat_Generator_PPMGR/Projects/textures/Wall_Pattern_01_Base.jpg,/Volumes/Data/University/PPMGR/Blender_Mat_Generator_PPMGR/Projects/textures
Walnut_D.jpg,/Volumes/Data/University/PPMGR/Blender_Mat_Generator_PPMGR/Projects/textures/Walnut_D.jpg,/Volumes/Data/University/PPMGR/Blender_Mat_Generator_PPMGR/Projects/textures
Walnut_D.jpg.001.png,/Volumes/Data/University/PPMGR/Blender_Mat_Generator_PPMGR/Projects/textures/Walnut_D.jpg.001.png,/Volumes/Data/University/PPMGR/Blender_Mat_Generator_PPMGR/Projects/textures
Wandfliese_Vogue_Grün_Glänzend_CLR.jpg,/Volumes/Data/University/PPMGR/Blender_Mat_Generator_PPMGR/Projects/textures/Wandfliese_Vogue_Grün_Glänzend_CLR.jpg,/Volumes/Data/University/PPMGR/Blender_Mat_Generator_PPMGR/Projects/textures
Warehouse_Facade_Base_Color.jpg,/Volumes/Data/University/PPMGR/Blender_Mat_Generator_PPMGR/Projects/textures/Warehouse_Facade_Base_Color.jpg,/Volumes/Data/University/PPMGR/Blender_Mat_Generator_PPMGR/Projects/textures
Warehouse_Facade_Night_White_Base_Color.jpg,/Volumes/Data/University/PPMGR/Blender_Mat_Generator_PPMGR/Projects/textures/Warehouse_Facade_Night_White_Base_Color.jpg,/Volumes/Data/University/PPMGR/Blender_Mat_Generator_PPMGR/Projects/textures
Warehouse_Facade_White_Base_Color.jpg,/Volumes/Data/University/PPMGR/Blender_Mat_Generator_PPMGR/Projects/textures/Warehouse_Facade_White_Base_Color.jpg,/Volumes/Data/University/PPMGR/Blender_Mat_Generator_PPMGR/Projects/textures
Warehouse_Facade_brown_Base_Color.jpg,/Volumes/Data/University/PPMGR/Blender_Mat_Generator_PPMGR/Projects/textures/Warehouse_Facade_brown_Base_Color.jpg,/Volumes/Data/University/PPMGR/Blender_Mat_Generator_PPMGR/Projects/textures
Warm_Limestone_Base.jpg,/Volumes/Data/University/PPMGR/Blender_Mat_Generator_PPMGR/Projects/textures/Warm_Limestone_Base.jpg,/Volumes/Data/University/PPMGR/Blender_Mat_Generator_PPMGR/Projects/textures
Wash_Cloth_Base_Color.jpg,/Volumes/Data/University/PPMGR/Blender_Mat_Generator_PPMGR/Projects/textures/Wash_Cloth_Base_Color.jpg,/Volumes/Data/University/PPMGR/Blender_Mat_Generator_PPMGR/Projects/textures
Watermelon pattern fabric_BaseColor.jpg,/Volumes/Data/University/PPMGR/Blender_Mat_Generator_PPMGR/Projects/textures/Watermelon pattern fabric_BaseColor.jpg,/Volumes/Data/University/PPMGR/Blender_Mat_Generator_PPMGR/Projects/textures
Waves_and_circles_Wall_Decor_Base_Color.jpg,/Volumes/Data/University/PPMGR/Blender_Mat_Generator_PPMGR/Projects/textures/Waves_and_circles_Wall_Decor_Base_Color.jpg,/Volumes/Data/University/PPMGR/Blender_Mat_Generator_PPMGR/Projects/textures
Waves_and_circles_black_Wall_Decor_Base_Color.jpg,/Volumes/Data/University/PPMGR/Blender_Mat_Generator_PPMGR/Projects/textures/Waves_and_circles_black_Wall_Decor_Base_Color.jpg,/Volumes/Data/University/PPMGR/Blender_Mat_Generator_PPMGR/Projects/textures
Weathered_Red_Paint_01_BaseColor.jpg,/Volumes/Data/University/PPMGR/Blender_Mat_Generator_PPMGR/Projects/textures/Weathered_Red_Paint_01_BaseColor.jpg,/Volumes/Data/University/PPMGR/Blender_Mat_Generator_PPMGR/Projects/textures
Western 185x275.jpg,/Volumes/Data/University/PPMGR/Blender_Mat_Generator_PPMGR/Projects/textures/Western 185x275.jpg,/Volumes/Data/University/PPMGR/Blender_Mat_Generator_PPMGR/Projects/textures
Wet ground_BaseColor.jpg,/Volumes/Data/University/PPMGR/Blender_Mat_Generator_PPMGR/Projects/textures/Wet ground_BaseColor.jpg,/Volumes/Data/University/PPMGR/Blender_Mat_Generator_PPMGR/Projects/textures
Wet rocky ground_BaseColor.jpg,/Volumes/Data/University/PPMGR/Blender_Mat_Generator_PPMGR/Projects/textures/Wet rocky ground_BaseColor.jpg,/Volumes/Data/University/PPMGR/Blender_Mat_Generator_PPMGR/Projects/textures
Wet sand_BaseColor.jpg,/Volumes/Data/University/PPMGR/Blender_Mat_Generator_PPMGR/Projects/textures/Wet sand_BaseColor.jpg,/Volumes/Data/University/PPMGR/Blender_Mat_Generator_PPMGR/Projects/textures
Wet_Rock_baseColor_result.png,/Volumes/Data/University/PPMGR/Blender_Mat_Generator_PPMGR/Projects/textures/Wet_Rock_baseColor_result.png,/Volumes/Data/University/PPMGR/Blender_Mat_Generator_PPMGR/Projects/textures
Whiet_and_black_victorian_tiles_Base_Color.jpg,/Volumes/Data/University/PPMGR/Blender_Mat_Generator_PPMGR/Projects/textures/Whiet_and_black_victorian_tiles_Base_Color.jpg,/Volumes/Data/University/PPMGR/Blender_Mat_Generator_PPMGR/Projects/textures
Whiite_Pyramid_Decor_wall_Base_Color.jpg,/Volumes/Data/University/PPMGR/Blender_Mat_Generator_PPMGR/Projects/textures/Whiite_Pyramid_Decor_wall_Base_Color.jpg,/Volumes/Data/University/PPMGR/Blender_Mat_Generator_PPMGR/Projects/textures
Whiite_Pyramid_Decor_wall_grout_Base_Color.jpg,/Volumes/Data/University/PPMGR/Blender_Mat_Generator_PPMGR/Projects/textures/Whiite_Pyramid_Decor_wall_grout_Base_Color.jpg,/Volumes/Data/University/PPMGR/Blender_Mat_Generator_PPMGR/Projects/textures
White Marble floor with Mosaic Curves and Broken Tiles-diffuse.jpg,/Volumes/Data/University/PPMGR/Blender_Mat_Generator_PPMGR/Projects/textures/White Marble floor with Mosaic Curves and Broken Tiles-diffuse.jpg,/Volumes/Data/University/PPMGR/Blender_Mat_Generator_PPMGR/Projects/textures
White Stitched Blanket Fabric_BaseColor.jpg,/Volumes/Data/University/PPMGR/Blender_Mat_Generator_PPMGR/Projects/textures/White Stitched Blanket Fabric_BaseColor.jpg,/Volumes/Data/University/PPMGR/Blender_Mat_Generator_PPMGR/Projects/textures
White Wall 02_BaseColor.jpg,/Volumes/Data/University/PPMGR/Blender_Mat_Generator_PPMGR/Projects/textures/White Wall 02_BaseColor.jpg,/Volumes/Data/University/PPMGR/Blender_Mat_Generator_PPMGR/Projects/textures
White Wall 03_BaseColor.jpg,/Volumes/Data/University/PPMGR/Blender_Mat_Generator_PPMGR/Projects/textures/White Wall 03_BaseColor.jpg,/Volumes/Data/University/PPMGR/Blender_Mat_Generator_PPMGR/Projects/textures
White Wall Plaster_BaseColor.jpg,/Volumes/Data/University/PPMGR/Blender_Mat_Generator_PPMGR/Projects/textures/White Wall Plaster_BaseColor.jpg,/Volumes/Data/University/PPMGR/Blender_Mat_Generator_PPMGR/Projects/textures
White Yellow Wall_BaseColor.jpg,/Volumes/Data/University/PPMGR/Blender_Mat_Generator_PPMGR/Projects/textures/White Yellow Wall_BaseColor.jpg,/Volumes/Data/University/PPMGR/Blender_Mat_Generator_PPMGR/Projects/textures
White fine wood texture seamless_BaseColor.jpg,/Volumes/Data/University/PPMGR/Blender_Mat_Generator_PPMGR/Projects/textures/White fine wood texture seamless_BaseColor.jpg,/Volumes/Data/University/PPMGR/Blender_Mat_Generator_PPMGR/Projects/textures
White oak laminate low2.jpg,/Volumes/Data/University/PPMGR/Blender_Mat_Generator_PPMGR/Projects/textures/White oak laminate low2.jpg,/Volumes/Data/University/PPMGR/Blender_Mat_Generator_PPMGR/Projects/textures
White terrazzo texture seamless_BaseColor.jpg,/Volumes/Data/University/PPMGR/Blender_Mat_Generator_PPMGR/Projects/textures/White terrazzo texture seamless_BaseColor.jpg,/Volumes/Data/University/PPMGR/Blender_Mat_Generator_PPMGR/Projects/textures
White with soft grey and brown marble veins texture seamless_BaseColor.jpg,/Volumes/Data/University/PPMGR/Blender_Mat_Generator_PPMGR/Projects/textures/White with soft grey and brown marble veins texture seamless_BaseColor.jpg,/Volumes/Data/University/PPMGR/Blender_Mat_Generator_PPMGR/Projects/textures
WhiteTilesWall-basecolor.jpg,/Volumes/Data/University/PPMGR/Blender_Mat_Generator_PPMGR/Projects/textures/WhiteTilesWall-basecolor.jpg,/Volumes/Data/University/PPMGR/Blender_Mat_Generator_PPMGR/Projects/textures
White_Acoustic_Panels_foam_Base_Color.jpg,/Volumes/Data/University/PPMGR/Blender_Mat_Generator_PPMGR/Projects/textures/White_Acoustic_Panels_foam_Base_Color.jpg,/Volumes/Data/University/PPMGR/Blender_Mat_Generator_PPMGR/Projects/textures
White_Acoustic_Panels_foam_Normal.jpg,/Volumes/Data/University/PPMGR/Blender_Mat_Generator_PPMGR/Projects/textures/White_Acoustic_Panels_foam_Normal.jpg,/Volumes/Data/University/PPMGR/Blender_Mat_Generator_PPMGR/Projects/textures
White_Checker_Base_Color.jpg,/Volumes/Data/University/PPMGR/Blender_Mat_Generator_PPMGR/Projects/textures/White_Checker_Base_Color.jpg,/Volumes/Data/University/PPMGR/Blender_Mat_Generator_PPMGR/Projects/textures
White_Rooftop_Tiles__Base_Color.jpg,/Volumes/Data/University/PPMGR/Blender_Mat_Generator_PPMGR/Projects/textures/White_Rooftop_Tiles__Base_Color.jpg,/Volumes/Data/University/PPMGR/Blender_Mat_Generator_PPMGR/Projects/textures
White__Herringbone_Emeraland_porcelain_Base_Color.jpg,/Volumes/Data/University/PPMGR/Blender_Mat_Generator_PPMGR/Projects/textures/White__Herringbone_Emeraland_porcelain_Base_Color.jpg,/Volumes/Data/University/PPMGR/Blender_Mat_Generator_PPMGR/Projects/textures
White_and_red__Retro_Tiles_Base_Color.jpg,/Volumes/Data/University/PPMGR/Blender_Mat_Generator_PPMGR/Projects/textures/White_and_red__Retro_Tiles_Base_Color.jpg,/Volumes/Data/University/PPMGR/Blender_Mat_Generator_PPMGR/Projects/textures
White_rubber_tiles__Base_Color.jpg,/Volumes/Data/University/PPMGR/Blender_Mat_Generator_PPMGR/Projects/textures/White_rubber_tiles__Base_Color.jpg,/Volumes/Data/University/PPMGR/Blender_Mat_Generator_PPMGR/Projects/textures
White_wavy_wall_Decor_Base_Color.jpg,/Volumes/Data/University/PPMGR/Blender_Mat_Generator_PPMGR/Projects/textures/White_wavy_wall_Decor_Base_Color.jpg,/Volumes/Data/University/PPMGR/Blender_Mat_Generator_PPMGR/Projects/textures
Whiteceramictiles_Color.jpg,/Volumes/Data/University/PPMGR/Blender_Mat_Generator_PPMGR/Projects/textures/Whiteceramictiles_Color.jpg,/Volumes/Data/University/PPMGR/Blender_Mat_Generator_PPMGR/Projects/textures
WickerRattanSquare_4k_Diffuse.png,/Volumes/Data/University/PPMGR/Blender_Mat_Generator_PPMGR/Projects/textures/WickerRattanSquare_4k_Diffuse.png,/Volumes/Data/University/PPMGR/Blender_Mat_Generator_PPMGR/Projects/textures
Wicker_BaseColor.jpg,/Volumes/Data/University/PPMGR/Blender_Mat_Generator_PPMGR/Projects/textures/Wicker_BaseColor.jpg,/Volumes/Data/University/PPMGR/Blender_Mat_Generator_PPMGR/Projects/textures
Wicker_Rattan_Base_Color.jpg,/Volumes/Data/University/PPMGR/Blender_Mat_Generator_PPMGR/Projects/textures/Wicker_Rattan_Base_Color.jpg,/Volumes/Data/University/PPMGR/Blender_Mat_Generator_PPMGR/Projects/textures
Wicker_design_Base_Color.jpg,/Volumes/Data/University/PPMGR/Blender_Mat_Generator_PPMGR/Projects/textures/Wicker_design_Base_Color.jpg,/Volumes/Data/University/PPMGR/Blender_Mat_Generator_PPMGR/Projects/textures
Wicker_rattan_furniture_Base_Color.jpg,/Volumes/Data/University/PPMGR/Blender_Mat_Generator_PPMGR/Projects/textures/Wicker_rattan_furniture_Base_Color.jpg,/Volumes/Data/University/PPMGR/Blender_Mat_Generator_PPMGR/Projects/textures
Wicker_rattan_furniture_flower_Base_Color.jpg,/Volumes/Data/University/PPMGR/Blender_Mat_Generator_PPMGR/Projects/textures/Wicker_rattan_furniture_flower_Base_Color.jpg,/Volumes/Data/University/PPMGR/Blender_Mat_Generator_PPMGR/Projects/textures
Wicker_rattan_furniture_flower_var_Base_Color.jpg,/Volumes/Data/University/PPMGR/Blender_Mat_Generator_PPMGR/Projects/textures/Wicker_rattan_furniture_flower_var_Base_Color.jpg,/Volumes/Data/University/PPMGR/Blender_Mat_Generator_PPMGR/Projects/textures
Wicker_texture_Base_Color.jpg,/Volumes/Data/University/PPMGR/Blender_Mat_Generator_PPMGR/Projects/textures/Wicker_texture_Base_Color.jpg,/Volumes/Data/University/PPMGR/Blender_Mat_Generator_PPMGR/Projects/textures
Wicker_texture_interlock_Base_Color.jpg,/Volumes/Data/University/PPMGR/Blender_Mat_Generator_PPMGR/Projects/textures/Wicker_texture_interlock_Base_Color.jpg,/Volumes/Data/University/PPMGR/Blender_Mat_Generator_PPMGR/Projects/textures
Wicker_texture_interlocking_Base_Color.jpg,/Volumes/Data/University/PPMGR/Blender_Mat_Generator_PPMGR/Projects/textures/Wicker_texture_interlocking_Base_Color.jpg,/Volumes/Data/University/PPMGR/Blender_Mat_Generator_PPMGR/Projects/textures
Wicker_texture_squares_Base_Color.jpg,/Volumes/Data/University/PPMGR/Blender_Mat_Generator_PPMGR/Projects/textures/Wicker_texture_squares_Base_Color.jpg,/Volumes/Data/University/PPMGR/Blender_Mat_Generator_PPMGR/Projects/textures
Wicker_texture_var_Base_Color.jpg,/Volumes/Data/University/PPMGR/Blender_Mat_Generator_PPMGR/Projects/textures/Wicker_texture_var_Base_Color.jpg,/Volumes/Data/University/PPMGR/Blender_Mat_Generator_PPMGR/Projects/textures
Window_Screen_Base_Color.jpg,/Volumes/Data/University/PPMGR/Blender_Mat_Generator_PPMGR/Projects/textures/Window_Screen_Base_Color.jpg,/Volumes/Data/University/PPMGR/Blender_Mat_Generator_PPMGR/Projects/textures
Wood 1_BaseColor.jpg,/Volumes/Data/University/PPMGR/Blender_Mat_Generator_PPMGR/Projects/textures/Wood 1_BaseColor.jpg,/Volumes/Data/University/PPMGR/Blender_Mat_Generator_PPMGR/Projects/textures
Wood026_8K_Color.jpg,/Volumes/Data/University/PPMGR/Blender_Mat_Generator_PPMGR/Projects/textures/Wood026_8K_Color.jpg,/Volumes/Data/University/PPMGR/Blender_Mat_Generator_PPMGR/Projects/textures
Wood052_2K_Color.jpg,/Volumes/Data/University/PPMGR/Blender_Mat_Generator_PPMGR/Projects/textures/Wood052_2K_Color.jpg,/Volumes/Data/University/PPMGR/Blender_Mat_Generator_PPMGR/Projects/textures
Wood07_diffuse_xtm.jpg,/Volumes/Data/University/PPMGR/Blender_Mat_Generator_PPMGR/Projects/textures/Wood07_diffuse_xtm.jpg,/Volumes/Data/University/PPMGR/Blender_Mat_Generator_PPMGR/Projects/textures
Wood10_diffuse_xtm.jpg,/Volumes/Data/University/PPMGR/Blender_Mat_Generator_PPMGR/Projects/textures/Wood10_diffuse_xtm.jpg,/Volumes/Data/University/PPMGR/Blender_Mat_Generator_PPMGR/Projects/textures
Wood10_diffuse_xtm.jpg.png,/Volumes/Data/University/PPMGR/Blender_Mat_Generator_PPMGR/Projects/textures/Wood10_diffuse_xtm.jpg.png,/Volumes/Data/University/PPMGR/Blender_Mat_Generator_PPMGR/Projects/textures
WoodBracedMetal_basecolor.jpg,/Volumes/Data/University/PPMGR/Blender_Mat_Generator_PPMGR/Projects/textures/WoodBracedMetal_basecolor.jpg,/Volumes/Data/University/PPMGR/Blender_Mat_Generator_PPMGR/Projects/textures
WoodFine011_COL_4K.jpg,/Volumes/Data/University/PPMGR/Blender_Mat_Generator_PPMGR/Projects/textures/WoodFine011_COL_4K.jpg,/Volumes/Data/University/PPMGR/Blender_Mat_Generator_PPMGR/Projects/textures
WoodFloor042_4K_Color.jpg,/Volumes/Data/University/PPMGR/Blender_Mat_Generator_PPMGR/Projects/textures/WoodFloor042_4K_Color.jpg,/Volumes/Data/University/PPMGR/Blender_Mat_Generator_PPMGR/Projects/textures
WoodFlooring042_COL_3K.jpg,/Volumes/Data/University/PPMGR/Blender_Mat_Generator_PPMGR/Projects/textures/WoodFlooring042_COL_3K.jpg,/Volumes/Data/University/PPMGR/Blender_Mat_Generator_PPMGR/Projects/textures
WoodFlooring06_ALPHAMASKED_HIRES.png,/Volumes/Data/University/PPMGR/Blender_Mat_Generator_PPMGR/Projects/textures/WoodFlooring06_ALPHAMASKED_HIRES.png,/Volumes/Data/University/PPMGR/Blender_Mat_Generator_PPMGR/Projects/textures
WoodFlooring06_COL_VAR1_HIRES.jpg,/Volumes/Data/University/PPMGR/Blender_Mat_Generator_PPMGR/Projects/textures/WoodFlooring06_COL_VAR1_HIRES.jpg,/Volumes/Data/University/PPMGR/Blender_Mat_Generator_PPMGR/Projects/textures
WoodFlooring06_COL_VAR2_HIRES.jpg,/Volumes/Data/University/PPMGR/Blender_Mat_Generator_PPMGR/Projects/textures/WoodFlooring06_COL_VAR2_HIRES.jpg,/Volumes/Data/University/PPMGR/Blender_Mat_Generator_PPMGR/Projects/textures
WoodPatch_Diffuse.jpg,/Volumes/Data/University/PPMGR/Blender_Mat_Generator_PPMGR/Projects/textures/WoodPatch_Diffuse.jpg,/Volumes/Data/University/PPMGR/Blender_Mat_Generator_PPMGR/Projects/textures
WoodPlanksFirDC4510_COL.jpg,/Volumes/Data/University/PPMGR/Blender_Mat_Generator_PPMGR/Projects/textures/WoodPlanksFirDC4510_COL.jpg,/Volumes/Data/University/PPMGR/Blender_Mat_Generator_PPMGR/Projects/textures
WoodPlasterWall_basecolor.jpg,/Volumes/Data/University/PPMGR/Blender_Mat_Generator_PPMGR/Projects/textures/WoodPlasterWall_basecolor.jpg,/Volumes/Data/University/PPMGR/Blender_Mat_Generator_PPMGR/Projects/textures
WoodWallWindow_basecolor.jpg,/Volumes/Data/University/PPMGR/Blender_Mat_Generator_PPMGR/Projects/textures/WoodWallWindow_basecolor.jpg,/Volumes/Data/University/PPMGR/Blender_Mat_Generator_PPMGR/Projects/textures
WoodWall_basecolor.jpg,/Volumes/Data/University/PPMGR/Blender_Mat_Generator_PPMGR/Projects/textures/WoodWall_basecolor.jpg,/Volumes/Data/University/PPMGR/Blender_Mat_Generator_PPMGR/Projects/textures
WoodYellowish_diffuse_xtm copy.jpg,/Volumes/Data/University/PPMGR/Blender_Mat_Generator_PPMGR/Projects/textures/WoodYellowish_diffuse_xtm copy.jpg,/Volumes/Data/University/PPMGR/Blender_Mat_Generator_PPMGR/Projects/textures
Wood_02_basecolor.jpg,/Volumes/Data/University/PPMGR/Blender_Mat_Generator_PPMGR/Projects/textures/Wood_02_basecolor.jpg,/Volumes/Data/University/PPMGR/Blender_Mat_Generator_PPMGR/Projects/textures
Wood_03_basecolor.jpg,/Volumes/Data/University/PPMGR/Blender_Mat_Generator_PPMGR/Projects/textures/Wood_03_basecolor.jpg,/Volumes/Data/University/PPMGR/Blender_Mat_Generator_PPMGR/Projects/textures
Wood_19_diffuseOriginal.jpg,/Volumes/Data/University/PPMGR/Blender_Mat_Generator_PPMGR/Projects/textures/Wood_19_diffuseOriginal.jpg,/Volumes/Data/University/PPMGR/Blender_Mat_Generator_PPMGR/Projects/textures
Wood_20_diffuseOriginal.jpg,/Volumes/Data/University/PPMGR/Blender_Mat_Generator_PPMGR/Projects/textures/Wood_20_diffuseOriginal.jpg,/Volumes/Data/University/PPMGR/Blender_Mat_Generator_PPMGR/Projects/textures
Wood_Base.jpg,/Volumes/Data/University/PPMGR/Blender_Mat_Generator_PPMGR/Projects/textures/Wood_Base.jpg,/Volumes/Data/University/PPMGR/Blender_Mat_Generator_PPMGR/Projects/textures
Wood_Blank_Base_color.jpg,/Volumes/Data/University/PPMGR/Blender_Mat_Generator_PPMGR/Projects/textures/Wood_Blank_Base_color.jpg,/Volumes/Data/University/PPMGR/Blender_Mat_Generator_PPMGR/Projects/textures
Wood_Cork_Board_Base_Color.jpg,/Volumes/Data/University/PPMGR/Blender_Mat_Generator_PPMGR/Projects/textures/Wood_Cork_Board_Base_Color.jpg,/Volumes/Data/University/PPMGR/Blender_Mat_Generator_PPMGR/Projects/textures
Wood_Diff.jpg,/Volumes/Data/University/PPMGR/Blender_Mat_Generator_PPMGR/Projects/textures/Wood_Diff.jpg,/Volumes/Data/University/PPMGR/Blender_Mat_Generator_PPMGR/Projects/textures
Wood_Floor_01_basecolor.jpg,/Volumes/Data/University/PPMGR/Blender_Mat_Generator_PPMGR/Projects/textures/Wood_Floor_01_basecolor.jpg,/Volumes/Data/University/PPMGR/Blender_Mat_Generator_PPMGR/Projects/textures
Wood_Floor_02_basecolor.jpg,/Volumes/Data/University/PPMGR/Blender_Mat_Generator_PPMGR/Projects/textures/Wood_Floor_02_basecolor.jpg,/Volumes/Data/University/PPMGR/Blender_Mat_Generator_PPMGR/Projects/textures
Wood_Planks_01_basecolor.jpg,/Volumes/Data/University/PPMGR/Blender_Mat_Generator_PPMGR/Projects/textures/Wood_Planks_01_basecolor.jpg,/Volumes/Data/University/PPMGR/Blender_Mat_Generator_PPMGR/Projects/textures
Wood_Planks_01_normal.jpg,/Volumes/Data/University/PPMGR/Blender_Mat_Generator_PPMGR/Projects/textures/Wood_Planks_01_normal.jpg,/Volumes/Data/University/PPMGR/Blender_Mat_Generator_PPMGR/Projects/textures
Wood_Planks_02_basecolor.jpg,/Volumes/Data/University/PPMGR/Blender_Mat_Generator_PPMGR/Projects/textures/Wood_Planks_02_basecolor.jpg,/Volumes/Data/University/PPMGR/Blender_Mat_Generator_PPMGR/Projects/textures
Wood_Planks_03_Painted_basecolor.jpg,/Volumes/Data/University/PPMGR/Blender_Mat_Generator_PPMGR/Projects/textures/Wood_Planks_03_Painted_basecolor.jpg,/Volumes/Data/University/PPMGR/Blender_Mat_Generator_PPMGR/Projects/textures
Wood_Planks_03_basecolor.jpg,/Volumes/Data/University/PPMGR/Blender_Mat_Generator_PPMGR/Projects/textures/Wood_Planks_03_basecolor.jpg,/Volumes/Data/University/PPMGR/Blender_Mat_Generator_PPMGR/Projects/textures
Wood_Planks_Base.jpg,/Volumes/Data/University/PPMGR/Blender_Mat_Generator_PPMGR/Projects/textures/Wood_Planks_Base.jpg,/Volumes/Data/University/PPMGR/Blender_Mat_Generator_PPMGR/Projects/textures
Wood_Planks_with_Nails_Base_Color.jpg,/Volumes/Data/University/PPMGR/Blender_Mat_Generator_PPMGR/Projects/textures/Wood_Planks_with_Nails_Base_Color.jpg,/Volumes/Data/University/PPMGR/Blender_Mat_Generator_PPMGR/Projects/textures
Wood_SWP_01_diffuse.jpg,/Volumes/Data/University/PPMGR/Blender_Mat_Generator_PPMGR/Projects/textures/Wood_SWP_01_diffuse.jpg,/Volumes/Data/University/PPMGR/Blender_Mat_Generator_PPMGR/Projects/textures
Wood_SWP_01_diffuse000.jpg,/Volumes/Data/University/PPMGR/Blender_Mat_Generator_PPMGR/Projects/textures/Wood_SWP_01_diffuse000.jpg,/Volumes/Data/University/PPMGR/Blender_Mat_Generator_PPMGR/Projects/textures
Wood_Sapele_Org-basecolor.jpg,/Volumes/Data/University/PPMGR/Blender_Mat_Generator_PPMGR/Projects/textures/Wood_Sapele_Org-basecolor.jpg,/Volumes/Data/University/PPMGR/Blender_Mat_Generator_PPMGR/Projects/textures
Wood_Sapele_clean-basecolor.jpg,/Volumes/Data/University/PPMGR/Blender_Mat_Generator_PPMGR/Projects/textures/Wood_Sapele_clean-basecolor.jpg,/Volumes/Data/University/PPMGR/Blender_Mat_Generator_PPMGR/Projects/textures
Wood_basecolor.jpg,/Volumes/Data/University/PPMGR/Blender_Mat_Generator_PPMGR/Projects/textures/Wood_basecolor.jpg,/Volumes/Data/University/PPMGR/Blender_Mat_Generator_PPMGR/Projects/textures
Wood_diffuseOriginal.jpg,/Volumes/Data/University/PPMGR/Blender_Mat_Generator_PPMGR/Projects/textures/Wood_diffuseOriginal.jpg,/Volumes/Data/University/PPMGR/Blender_Mat_Generator_PPMGR/Projects/textures
Wooden Board 02 10022023_BaseColor.jpg,/Volumes/Data/University/PPMGR/Blender_Mat_Generator_PPMGR/Projects/textures/Wooden Board 02 10022023_BaseColor.jpg,/Volumes/Data/University/PPMGR/Blender_Mat_Generator_PPMGR/Projects/textures
Wooden Board 03 10022023_BaseColor.jpg,/Volumes/Data/University/PPMGR/Blender_Mat_Generator_PPMGR/Projects/textures/Wooden Board 03 10022023_BaseColor.jpg,/Volumes/Data/University/PPMGR/Blender_Mat_Generator_PPMGR/Projects/textures
Wooden Board 10022023_BaseColor.jpg,/Volumes/Data/University/PPMGR/Blender_Mat_Generator_PPMGR/Projects/textures/Wooden Board 10022023_BaseColor.jpg,/Volumes/Data/University/PPMGR/Blender_Mat_Generator_PPMGR/Projects/textures
Wooden Mat_Diffuse.jpg,/Volumes/Data/University/PPMGR/Blender_Mat_Generator_PPMGR/Projects/textures/Wooden Mat_Diffuse.jpg,/Volumes/Data/University/PPMGR/Blender_Mat_Generator_PPMGR/Projects/textures
Wooden floor_BaseColor.jpg,/Volumes/Data/University/PPMGR/Blender_Mat_Generator_PPMGR/Projects/textures/Wooden floor_BaseColor.jpg,/Volumes/Data/University/PPMGR/Blender_Mat_Generator_PPMGR/Projects/textures
Wooden parquet 1_BaseColor.jpg,/Volumes/Data/University/PPMGR/Blender_Mat_Generator_PPMGR/Projects/textures/Wooden parquet 1_BaseColor.jpg,/Volumes/Data/University/PPMGR/Blender_Mat_Generator_PPMGR/Projects/textures
Wooden parquet 2_BaseColor.jpg,/Volumes/Data/University/PPMGR/Blender_Mat_Generator_PPMGR/Projects/textures/Wooden parquet 2_BaseColor.jpg,/Volumes/Data/University/PPMGR/Blender_Mat_Generator_PPMGR/Projects/textures
Wooden parquet 3_BaseColor.jpg,/Volumes/Data/University/PPMGR/Blender_Mat_Generator_PPMGR/Projects/textures/Wooden parquet 3_BaseColor.jpg,/Volumes/Data/University/PPMGR/Blender_Mat_Generator_PPMGR/Projects/textures
Wooden parquet 4_BaseColor.jpg,/Volumes/Data/University/PPMGR/Blender_Mat_Generator_PPMGR/Projects/textures/Wooden parquet 4_BaseColor.jpg,/Volumes/Data/University/PPMGR/Blender_Mat_Generator_PPMGR/Projects/textures
Wooden parquet_BaseColor.jpg,/Volumes/Data/University/PPMGR/Blender_Mat_Generator_PPMGR/Projects/textures/Wooden parquet_BaseColor.jpg,/Volumes/Data/University/PPMGR/Blender_Mat_Generator_PPMGR/Projects/textures
WoodenBoards_Albedo.jpg,/Volumes/Data/University/PPMGR/Blender_Mat_Generator_PPMGR/Projects/textures/WoodenBoards_Albedo.jpg,/Volumes/Data/University/PPMGR/Blender_Mat_Generator_PPMGR/Projects/textures
WoodenPanel_D.jpg,/Volumes/Data/University/PPMGR/Blender_Mat_Generator_PPMGR/Projects/textures/WoodenPanel_D.jpg,/Volumes/Data/University/PPMGR/Blender_Mat_Generator_PPMGR/Projects/textures
WoodenSurface1_basecolor.jpg,/Volumes/Data/University/PPMGR/Blender_Mat_Generator_PPMGR/Projects/textures/WoodenSurface1_basecolor.jpg,/Volumes/Data/University/PPMGR/Blender_Mat_Generator_PPMGR/Projects/textures
WoodenSurface2_basecolor.jpg,/Volumes/Data/University/PPMGR/Blender_Mat_Generator_PPMGR/Projects/textures/WoodenSurface2_basecolor.jpg,/Volumes/Data/University/PPMGR/Blender_Mat_Generator_PPMGR/Projects/textures
WoodenSurface_basecolor.jpg,/Volumes/Data/University/PPMGR/Blender_Mat_Generator_PPMGR/Projects/textures/WoodenSurface_basecolor.jpg,/Volumes/Data/University/PPMGR/Blender_Mat_Generator_PPMGR/Projects/textures
WoodenWall_D.jpg,/Volumes/Data/University/PPMGR/Blender_Mat_Generator_PPMGR/Projects/textures/WoodenWall_D.jpg,/Volumes/Data/University/PPMGR/Blender_Mat_Generator_PPMGR/Projects/textures
Wooden_Base_Color_1001.jpg,/Volumes/Data/University/PPMGR/Blender_Mat_Generator_PPMGR/Projects/textures/Wooden_Base_Color_1001.jpg,/Volumes/Data/University/PPMGR/Blender_Mat_Generator_PPMGR/Projects/textures
Wooden_Base_color.jpg,/Volumes/Data/University/PPMGR/Blender_Mat_Generator_PPMGR/Projects/textures/Wooden_Base_color.jpg,/Volumes/Data/University/PPMGR/Blender_Mat_Generator_PPMGR/Projects/textures
Wooden_Blocks_Base_Color.jpg,/Volumes/Data/University/PPMGR/Blender_Mat_Generator_PPMGR/Projects/textures/Wooden_Blocks_Base_Color.jpg,/Volumes/Data/University/PPMGR/Blender_Mat_Generator_PPMGR/Projects/textures
Wooden_Blocks_dark_Base_Color.jpg,/Volumes/Data/University/PPMGR/Blender_Mat_Generator_PPMGR/Projects/textures/Wooden_Blocks_dark_Base_Color.jpg,/Volumes/Data/University/PPMGR/Blender_Mat_Generator_PPMGR/Projects/textures
Wooden_Logs_01_Image-diffuse.jpg,/Volumes/Data/University/PPMGR/Blender_Mat_Generator_PPMGR/Projects/textures/Wooden_Logs_01_Image-diffuse.jpg,/Volumes/Data/University/PPMGR/Blender_Mat_Generator_PPMGR/Projects/textures
Woodfence_Base_Color_1001.jpg,/Volumes/Data/University/PPMGR/Blender_Mat_Generator_PPMGR/Projects/textures/Woodfence_Base_Color_1001.jpg,/Volumes/Data/University/PPMGR/Blender_Mat_Generator_PPMGR/Projects/textures
Wool_fabric_basecolor.jpg,/Volumes/Data/University/PPMGR/Blender_Mat_Generator_PPMGR/Projects/textures/Wool_fabric_basecolor.jpg,/Volumes/Data/University/PPMGR/Blender_Mat_Generator_PPMGR/Projects/textures
Wooven_diffuseOriginal.jpg,/Volumes/Data/University/PPMGR/Blender_Mat_Generator_PPMGR/Projects/textures/Wooven_diffuseOriginal.jpg,/Volumes/Data/University/PPMGR/Blender_Mat_Generator_PPMGR/Projects/textures
Worn_Brown_Leather___Base_Color.jpg,/Volumes/Data/University/PPMGR/Blender_Mat_Generator_PPMGR/Projects/textures/Worn_Brown_Leather___Base_Color.jpg,/Volumes/Data/University/PPMGR/Blender_Mat_Generator_PPMGR/Projects/textures
Worn_Old_Wood_Planks_Base_Color.jpg,/Volumes/Data/University/PPMGR/Blender_Mat_Generator_PPMGR/Projects/textures/Worn_Old_Wood_Planks_Base_Color.jpg,/Volumes/Data/University/PPMGR/Blender_Mat_Generator_PPMGR/Projects/textures
Worn_Wood_Plank_Base_Color.jpg,/Volumes/Data/University/PPMGR/Blender_Mat_Generator_PPMGR/Projects/textures/Worn_Wood_Plank_Base_Color.jpg,/Volumes/Data/University/PPMGR/Blender_Mat_Generator_PPMGR/Projects/textures
Worn_Yellow_Brass_Metal_Base_Color.jpg,/Volumes/Data/University/PPMGR/Blender_Mat_Generator_PPMGR/Projects/textures/Worn_Yellow_Brass_Metal_Base_Color.jpg,/Volumes/Data/University/PPMGR/Blender_Mat_Generator_PPMGR/Projects/textures
Worn_concrete_basecolor.jpg,/Volumes/Data/University/PPMGR/Blender_Mat_Generator_PPMGR/Projects/textures/Worn_concrete_basecolor.jpg,/Volumes/Data/University/PPMGR/Blender_Mat_Generator_PPMGR/Projects/textures
Woven Fabric_BaseColor.jpg,/Volumes/Data/University/PPMGR/Blender_Mat_Generator_PPMGR/Projects/textures/Woven Fabric_BaseColor.jpg,/Volumes/Data/University/PPMGR/Blender_Mat_Generator_PPMGR/Projects/textures
Woven bamboo texture_Base_color.jpg,/Volumes/Data/University/PPMGR/Blender_Mat_Generator_PPMGR/Projects/textures/Woven bamboo texture_Base_color.jpg,/Volumes/Data/University/PPMGR/Blender_Mat_Generator_PPMGR/Projects/textures
Woven_Basket_AO_R_M.jpg,/Volumes/Data/University/PPMGR/Blender_Mat_Generator_PPMGR/Projects/textures/Woven_Basket_AO_R_M.jpg,/Volumes/Data/University/PPMGR/Blender_Mat_Generator_PPMGR/Projects/textures
Woven_Basket_Base_Color.jpg,/Volumes/Data/University/PPMGR/Blender_Mat_Generator_PPMGR/Projects/textures/Woven_Basket_Base_Color.jpg,/Volumes/Data/University/PPMGR/Blender_Mat_Generator_PPMGR/Projects/textures
Woven_Basket_basecolor.jpg,/Volumes/Data/University/PPMGR/Blender_Mat_Generator_PPMGR/Projects/textures/Woven_Basket_basecolor.jpg,/Volumes/Data/University/PPMGR/Blender_Mat_Generator_PPMGR/Projects/textures
Woven_Rattan_Pattern_basecolor.jpg,/Volumes/Data/University/PPMGR/Blender_Mat_Generator_PPMGR/Projects/textures/Woven_Rattan_Pattern_basecolor.jpg,/Volumes/Data/University/PPMGR/Blender_Mat_Generator_PPMGR/Projects/textures
Woven_diffuseOriginal.jpg,/Volumes/Data/University/PPMGR/Blender_Mat_Generator_PPMGR/Projects/textures/Woven_diffuseOriginal.jpg,/Volumes/Data/University/PPMGR/Blender_Mat_Generator_PPMGR/Projects/textures
Woven_diffuseOriginal.png,/Volumes/Data/University/PPMGR/Blender_Mat_Generator_PPMGR/Projects/textures/Woven_diffuseOriginal.png,/Volumes/Data/University/PPMGR/Blender_Mat_Generator_PPMGR/Projects/textures
Wrapping_paper_Black_Base_Color.jpg,/Volumes/Data/University/PPMGR/Blender_Mat_Generator_PPMGR/Projects/textures/Wrapping_paper_Black_Base_Color.jpg,/Volumes/Data/University/PPMGR/Blender_Mat_Generator_PPMGR/Projects/textures
Wrapping_paper_White_Base_Color.jpg,/Volumes/Data/University/PPMGR/Blender_Mat_Generator_PPMGR/Projects/textures/Wrapping_paper_White_Base_Color.jpg,/Volumes/Data/University/PPMGR/Blender_Mat_Generator_PPMGR/Projects/textures
Wrapping_paper_yellow_Base_Color.jpg,/Volumes/Data/University/PPMGR/Blender_Mat_Generator_PPMGR/Projects/textures/Wrapping_paper_yellow_Base_Color.jpg,/Volumes/Data/University/PPMGR/Blender_Mat_Generator_PPMGR/Projects/textures
WrickledFabric01_BaseColor.jpg,/Volumes/Data/University/PPMGR/Blender_Mat_Generator_PPMGR/Projects/textures/WrickledFabric01_BaseColor.jpg,/Volumes/Data/University/PPMGR/Blender_Mat_Generator_PPMGR/Projects/textures
WrinkledFabric02_BaseColor.jpg,/Volumes/Data/University/PPMGR/Blender_Mat_Generator_PPMGR/Projects/textures/WrinkledFabric02_BaseColor.jpg,/Volumes/Data/University/PPMGR/Blender_Mat_Generator_PPMGR/Projects/textures
WrinkledFabric03_BaseColor.jpg,/Volumes/Data/University/PPMGR/Blender_Mat_Generator_PPMGR/Projects/textures/WrinkledFabric03_BaseColor.jpg,/Volumes/Data/University/PPMGR/Blender_Mat_Generator_PPMGR/Projects/textures
Wrinkled_Satin_01_BaseColor.jpg,/Volumes/Data/University/PPMGR/Blender_Mat_Generator_PPMGR/Projects/textures/Wrinkled_Satin_01_BaseColor.jpg,/Volumes/Data/University/PPMGR/Blender_Mat_Generator_PPMGR/Projects/textures
Yelloow_wave_pattern_Decor_Base_Color.jpg,/Volumes/Data/University/PPMGR/Blender_Mat_Generator_PPMGR/Projects/textures/Yelloow_wave_pattern_Decor_Base_Color.jpg,/Volumes/Data/University/PPMGR/Blender_Mat_Generator_PPMGR/Projects/textures
Yelloow_wave_pattern_Decor_Normal.jpg,/Volumes/Data/University/PPMGR/Blender_Mat_Generator_PPMGR/Projects/textures/Yelloow_wave_pattern_Decor_Normal.jpg,/Volumes/Data/University/PPMGR/Blender_Mat_Generator_PPMGR/Projects/textures
Yellow_Checker_Acoustic_Panels_foam_Base_Color.jpg,/Volumes/Data/University/PPMGR/Blender_Mat_Generator_PPMGR/Projects/textures/Yellow_Checker_Acoustic_Panels_foam_Base_Color.jpg,/Volumes/Data/University/PPMGR/Blender_Mat_Generator_PPMGR/Projects/textures
Yellow_Checker_Acoustic_Panels_foam_Normal.jpg,/Volumes/Data/University/PPMGR/Blender_Mat_Generator_PPMGR/Projects/textures/Yellow_Checker_Acoustic_Panels_foam_Normal.jpg,/Volumes/Data/University/PPMGR/Blender_Mat_Generator_PPMGR/Projects/textures
Yellow_Tartan_Base_Color.jpg,/Volumes/Data/University/PPMGR/Blender_Mat_Generator_PPMGR/Projects/textures/Yellow_Tartan_Base_Color.jpg,/Volumes/Data/University/PPMGR/Blender_Mat_Generator_PPMGR/Projects/textures
Yellow_Triangle____Base_Color.jpg,/Volumes/Data/University/PPMGR/Blender_Mat_Generator_PPMGR/Projects/textures/Yellow_Triangle____Base_Color.jpg,/Volumes/Data/University/PPMGR/Blender_Mat_Generator_PPMGR/Projects/textures
Yellow_Wool_and_yarn_Base_Color.jpg,/Volumes/Data/University/PPMGR/Blender_Mat_Generator_PPMGR/Projects/textures/Yellow_Wool_and_yarn_Base_Color.jpg,/Volumes/Data/University/PPMGR/Blender_Mat_Generator_PPMGR/Projects/textures
Zelbra_Diffuse.jpg,/Volumes/Data/University/PPMGR/Blender_Mat_Generator_PPMGR/Projects/textures/Zelbra_Diffuse.jpg,/Volumes/Data/University/PPMGR/Blender_Mat_Generator_PPMGR/Projects/textures
Ziemia sucha_color.jpg,/Volumes/Data/University/PPMGR/Blender_Mat_Generator_PPMGR/Projects/textures/Ziemia sucha_color.jpg,/Volumes/Data/University/PPMGR/Blender_Mat_Generator_PPMGR/Projects/textures
_Diffuse_.jpg,/Volumes/Data/University/PPMGR/Blender_Mat_Generator_PPMGR/Projects/textures/_Diffuse_.jpg,/Volumes/Data/University/PPMGR/Blender_Mat_Generator_PPMGR/Projects/textures
_Diffuse__0000.jpg,/Volumes/Data/University/PPMGR/Blender_Mat_Generator_PPMGR/Projects/textures/_Diffuse__0000.jpg,/Volumes/Data/University/PPMGR/Blender_Mat_Generator_PPMGR/Projects/textures
_Ice_cream_BrownBase_Color.jpg,/Volumes/Data/University/PPMGR/Blender_Mat_Generator_PPMGR/Projects/textures/_Ice_cream_BrownBase_Color.jpg,/Volumes/Data/University/PPMGR/Blender_Mat_Generator_PPMGR/Projects/textures
_mosaic_trims_basecolor.jpg,/Volumes/Data/University/PPMGR/Blender_Mat_Generator_PPMGR/Projects/textures/_mosaic_trims_basecolor.jpg,/Volumes/Data/University/PPMGR/Blender_Mat_Generator_PPMGR/Projects/textures
aaaaaaaa_diffuseOriginal.jpg,/Volumes/Data/University/PPMGR/Blender_Mat_Generator_PPMGR/Projects/textures/aaaaaaaa_diffuseOriginal.jpg,/Volumes/Data/University/PPMGR/Blender_Mat_Generator_PPMGR/Projects/textures
acoustic_panel_2_basecolor-2K.png,/Volumes/Data/University/PPMGR/Blender_Mat_Generator_PPMGR/Projects/textures/acoustic_panel_2_basecolor-2K.png,/Volumes/Data/University/PPMGR/Blender_Mat_Generator_PPMGR/Projects/textures
acu-diffuse.jpg,/Volumes/Data/University/PPMGR/Blender_Mat_Generator_PPMGR/Projects/textures/acu-diffuse.jpg,/Volumes/Data/University/PPMGR/Blender_Mat_Generator_PPMGR/Projects/textures
aerial_beach_01_diff_8k.jpg,/Volumes/Data/University/PPMGR/Blender_Mat_Generator_PPMGR/Projects/textures/aerial_beach_01_diff_8k.jpg,/Volumes/Data/University/PPMGR/Blender_Mat_Generator_PPMGR/Projects/textures
aerial_grass_rock_diff_4k.jpg,/Volumes/Data/University/PPMGR/Blender_Mat_Generator_PPMGR/Projects/textures/aerial_grass_rock_diff_4k.jpg,/Volumes/Data/University/PPMGR/Blender_Mat_Generator_PPMGR/Projects/textures
aerial_grass_rock_diff_8k.jpg,/Volumes/Data/University/PPMGR/Blender_Mat_Generator_PPMGR/Projects/textures/aerial_grass_rock_diff_8k.jpg,/Volumes/Data/University/PPMGR/Blender_Mat_Generator_PPMGR/Projects/textures
aerial_ground_rock_diff_8k.jpg,/Volumes/Data/University/PPMGR/Blender_Mat_Generator_PPMGR/Projects/textures/aerial_ground_rock_diff_8k.jpg,/Volumes/Data/University/PPMGR/Blender_Mat_Generator_PPMGR/Projects/textures
aerial_rocks_01_diff_8k.jpg,/Volumes/Data/University/PPMGR/Blender_Mat_Generator_PPMGR/Projects/textures/aerial_rocks_01_diff_8k.jpg,/Volumes/Data/University/PPMGR/Blender_Mat_Generator_PPMGR/Projects/textures
aerial_rocks_02_diff_8k.jpg,/Volumes/Data/University/PPMGR/Blender_Mat_Generator_PPMGR/Projects/textures/aerial_rocks_02_diff_8k.jpg,/Volumes/Data/University/PPMGR/Blender_Mat_Generator_PPMGR/Projects/textures
aerial_rocks_04_diff_8k.jpg,/Volumes/Data/University/PPMGR/Blender_Mat_Generator_PPMGR/Projects/textures/aerial_rocks_04_diff_8k.jpg,/Volumes/Data/University/PPMGR/Blender_Mat_Generator_PPMGR/Projects/textures
aerial_wood_snips_diff_8k.jpg,/Volumes/Data/University/PPMGR/Blender_Mat_Generator_PPMGR/Projects/textures/aerial_wood_snips_diff_8k.jpg,/Volumes/Data/University/PPMGR/Blender_Mat_Generator_PPMGR/Projects/textures
afzelia burl wood_Base Color.jpg,/Volumes/Data/University/PPMGR/Blender_Mat_Generator_PPMGR/Projects/textures/afzelia burl wood_Base Color.jpg,/Volumes/Data/University/PPMGR/Blender_Mat_Generator_PPMGR/Projects/textures
afzelia burl wood_Base Color.jpg.png,/Volumes/Data/University/PPMGR/Blender_Mat_Generator_PPMGR/Projects/textures/afzelia burl wood_Base Color.jpg.png,/Volumes/Data/University/PPMGR/Blender_Mat_Generator_PPMGR/Projects/textures
ageOfTheCanyon_COLOR.jpg,/Volumes/Data/University/PPMGR/Blender_Mat_Generator_PPMGR/Projects/textures/ageOfTheCanyon_COLOR.jpg,/Volumes/Data/University/PPMGR/Blender_Mat_Generator_PPMGR/Projects/textures
albedo.jpg,/Volumes/Data/University/PPMGR/Blender_Mat_Generator_PPMGR/Projects/textures/albedo.jpg,/Volumes/Data/University/PPMGR/Blender_Mat_Generator_PPMGR/Projects/textures
albedo.jpg.003.png,/Volumes/Data/University/PPMGR/Blender_Mat_Generator_PPMGR/Projects/textures/albedo.jpg.003.png,/Volumes/Data/University/PPMGR/Blender_Mat_Generator_PPMGR/Projects/textures
albedo1.jpg,/Volumes/Data/University/PPMGR/Blender_Mat_Generator_PPMGR/Projects/textures/albedo1.jpg,/Volumes/Data/University/PPMGR/Blender_Mat_Generator_PPMGR/Projects/textures
albedo2.jpg,/Volumes/Data/University/PPMGR/Blender_Mat_Generator_PPMGR/Projects/textures/albedo2.jpg,/Volumes/Data/University/PPMGR/Blender_Mat_Generator_PPMGR/Projects/textures
alexanderVessel_COLOR.jpg,/Volumes/Data/University/PPMGR/Blender_Mat_Generator_PPMGR/Projects/textures/alexanderVessel_COLOR.jpg,/Volumes/Data/University/PPMGR/Blender_Mat_Generator_PPMGR/Projects/textures
alien-slime1-albedo.jpg,/Volumes/Data/University/PPMGR/Blender_Mat_Generator_PPMGR/Projects/textures/alien-slime1-albedo.jpg,/Volumes/Data/University/PPMGR/Blender_Mat_Generator_PPMGR/Projects/textures
alta-design-padrao-carvalho-hanover seamless.jpg,/Volumes/Data/University/PPMGR/Blender_Mat_Generator_PPMGR/Projects/textures/alta-design-padrao-carvalho-hanover seamless.jpg,/Volumes/Data/University/PPMGR/Blender_Mat_Generator_PPMGR/Projects/textures
alta-design-padrao-carvalho-hanover seamless.jpg.png,/Volumes/Data/University/PPMGR/Blender_Mat_Generator_PPMGR/Projects/textures/alta-design-padrao-carvalho-hanover seamless.jpg.png,/Volumes/Data/University/PPMGR/Blender_Mat_Generator_PPMGR/Projects/textures
alta-essencial-padrao-gepeto.jpg,/Volumes/Data/University/PPMGR/Blender_Mat_Generator_PPMGR/Projects/textures/alta-essencial-padrao-gepeto.jpg,/Volumes/Data/University/PPMGR/Blender_Mat_Generator_PPMGR/Projects/textures
amberBeads_COLOR.jpg,/Volumes/Data/University/PPMGR/Blender_Mat_Generator_PPMGR/Projects/textures/amberBeads_COLOR.jpg,/Volumes/Data/University/PPMGR/Blender_Mat_Generator_PPMGR/Projects/textures
animal hair_Diffuse.jpg,/Volumes/Data/University/PPMGR/Blender_Mat_Generator_PPMGR/Projects/textures/animal hair_Diffuse.jpg,/Volumes/Data/University/PPMGR/Blender_Mat_Generator_PPMGR/Projects/textures
antiqua_linha_naturale_guararapes2-Diffuse.jpg,/Volumes/Data/University/PPMGR/Blender_Mat_Generator_PPMGR/Projects/textures/antiqua_linha_naturale_guararapes2-Diffuse.jpg,/Volumes/Data/University/PPMGR/Blender_Mat_Generator_PPMGR/Projects/textures
antuerpia_Diffuse.jpg,/Volumes/Data/University/PPMGR/Blender_Mat_Generator_PPMGR/Projects/textures/antuerpia_Diffuse.jpg,/Volumes/Data/University/PPMGR/Blender_Mat_Generator_PPMGR/Projects/textures
aqua_marble_02_color.jpg,/Volumes/Data/University/PPMGR/Blender_Mat_Generator_PPMGR/Projects/textures/aqua_marble_02_color.jpg,/Volumes/Data/University/PPMGR/Blender_Mat_Generator_PPMGR/Projects/textures
aqua_marble_color.jpg,/Volumes/Data/University/PPMGR/Blender_Mat_Generator_PPMGR/Projects/textures/aqua_marble_color.jpg,/Volumes/Data/University/PPMGR/Blender_Mat_Generator_PPMGR/Projects/textures
arch_Base_color.jpg,/Volumes/Data/University/PPMGR/Blender_Mat_Generator_PPMGR/Projects/textures/arch_Base_color.jpg,/Volumes/Data/University/PPMGR/Blender_Mat_Generator_PPMGR/Projects/textures
armour-1-diffuse.jpg,/Volumes/Data/University/PPMGR/Blender_Mat_Generator_PPMGR/Projects/textures/armour-1-diffuse.jpg,/Volumes/Data/University/PPMGR/Blender_Mat_Generator_PPMGR/Projects/textures
asohalt_BaseColor.jpg,/Volumes/Data/University/PPMGR/Blender_Mat_Generator_PPMGR/Projects/textures/asohalt_BaseColor.jpg,/Volumes/Data/University/PPMGR/Blender_Mat_Generator_PPMGR/Projects/textures
asteriod_Base_Color.jpg,/Volumes/Data/University/PPMGR/Blender_Mat_Generator_PPMGR/Projects/textures/asteriod_Base_Color.jpg,/Volumes/Data/University/PPMGR/Blender_Mat_Generator_PPMGR/Projects/textures
bamboo_fine_basecolor.jpg,/Volumes/Data/University/PPMGR/Blender_Mat_Generator_PPMGR/Projects/textures/bamboo_fine_basecolor.jpg,/Volumes/Data/University/PPMGR/Blender_Mat_Generator_PPMGR/Projects/textures
bamboo_fine_basecolor.jpg.png,/Volumes/Data/University/PPMGR/Blender_Mat_Generator_PPMGR/Projects/textures/bamboo_fine_basecolor.jpg.png,/Volumes/Data/University/PPMGR/Blender_Mat_Generator_PPMGR/Projects/textures
bark-10_diffuse.jpg,/Volumes/Data/University/PPMGR/Blender_Mat_Generator_PPMGR/Projects/textures/bark-10_diffuse.jpg,/Volumes/Data/University/PPMGR/Blender_Mat_Generator_PPMGR/Projects/textures
bark-12_diffuse.jpg,/Volumes/Data/University/PPMGR/Blender_Mat_Generator_PPMGR/Projects/textures/bark-12_diffuse.jpg,/Volumes/Data/University/PPMGR/Blender_Mat_Generator_PPMGR/Projects/textures
bark-13_diffuse.jpg,/Volumes/Data/University/PPMGR/Blender_Mat_Generator_PPMGR/Projects/textures/bark-13_diffuse.jpg,/Volumes/Data/University/PPMGR/Blender_Mat_Generator_PPMGR/Projects/textures
bark-15_diffuse.jpg,/Volumes/Data/University/PPMGR/Blender_Mat_Generator_PPMGR/Projects/textures/bark-15_diffuse.jpg,/Volumes/Data/University/PPMGR/Blender_Mat_Generator_PPMGR/Projects/textures
bark-16_diffuse.jpg,/Volumes/Data/University/PPMGR/Blender_Mat_Generator_PPMGR/Projects/textures/bark-16_diffuse.jpg,/Volumes/Data/University/PPMGR/Blender_Mat_Generator_PPMGR/Projects/textures
bark-17_diffuse.jpg,/Volumes/Data/University/PPMGR/Blender_Mat_Generator_PPMGR/Projects/textures/bark-17_diffuse.jpg,/Volumes/Data/University/PPMGR/Blender_Mat_Generator_PPMGR/Projects/textures
bark-18_diffuse.jpg,/Volumes/Data/University/PPMGR/Blender_Mat_Generator_PPMGR/Projects/textures/bark-18_diffuse.jpg,/Volumes/Data/University/PPMGR/Blender_Mat_Generator_PPMGR/Projects/textures
bark-19_diffuse.jpg,/Volumes/Data/University/PPMGR/Blender_Mat_Generator_PPMGR/Projects/textures/bark-19_diffuse.jpg,/Volumes/Data/University/PPMGR/Blender_Mat_Generator_PPMGR/Projects/textures
bark-1_diffuse.jpg,/Volumes/Data/University/PPMGR/Blender_Mat_Generator_PPMGR/Projects/textures/bark-1_diffuse.jpg,/Volumes/Data/University/PPMGR/Blender_Mat_Generator_PPMGR/Projects/textures
bark-20_diffuse.jpg,/Volumes/Data/University/PPMGR/Blender_Mat_Generator_PPMGR/Projects/textures/bark-20_diffuse.jpg,/Volumes/Data/University/PPMGR/Blender_Mat_Generator_PPMGR/Projects/textures
bark-22_diffuse.jpg,/Volumes/Data/University/PPMGR/Blender_Mat_Generator_PPMGR/Projects/textures/bark-22_diffuse.jpg,/Volumes/Data/University/PPMGR/Blender_Mat_Generator_PPMGR/Projects/textures
bark-23_diffuse.jpg,/Volumes/Data/University/PPMGR/Blender_Mat_Generator_PPMGR/Projects/textures/bark-23_diffuse.jpg,/Volumes/Data/University/PPMGR/Blender_Mat_Generator_PPMGR/Projects/textures
bark-24_diffuse.jpg,/Volumes/Data/University/PPMGR/Blender_Mat_Generator_PPMGR/Projects/textures/bark-24_diffuse.jpg,/Volumes/Data/University/PPMGR/Blender_Mat_Generator_PPMGR/Projects/textures
bark-25_diffuse.jpg,/Volumes/Data/University/PPMGR/Blender_Mat_Generator_PPMGR/Projects/textures/bark-25_diffuse.jpg,/Volumes/Data/University/PPMGR/Blender_Mat_Generator_PPMGR/Projects/textures
bark-26_diffuse.jpg,/Volumes/Data/University/PPMGR/Blender_Mat_Generator_PPMGR/Projects/textures/bark-26_diffuse.jpg,/Volumes/Data/University/PPMGR/Blender_Mat_Generator_PPMGR/Projects/textures
bark-27_diffuse.jpg,/Volumes/Data/University/PPMGR/Blender_Mat_Generator_PPMGR/Projects/textures/bark-27_diffuse.jpg,/Volumes/Data/University/PPMGR/Blender_Mat_Generator_PPMGR/Projects/textures
bark-28_diffuse.jpg,/Volumes/Data/University/PPMGR/Blender_Mat_Generator_PPMGR/Projects/textures/bark-28_diffuse.jpg,/Volumes/Data/University/PPMGR/Blender_Mat_Generator_PPMGR/Projects/textures
bark-29_diffuse.jpg,/Volumes/Data/University/PPMGR/Blender_Mat_Generator_PPMGR/Projects/textures/bark-29_diffuse.jpg,/Volumes/Data/University/PPMGR/Blender_Mat_Generator_PPMGR/Projects/textures
bark-2_diffuse.jpg,/Volumes/Data/University/PPMGR/Blender_Mat_Generator_PPMGR/Projects/textures/bark-2_diffuse.jpg,/Volumes/Data/University/PPMGR/Blender_Mat_Generator_PPMGR/Projects/textures
bark-30_diffuse.jpg,/Volumes/Data/University/PPMGR/Blender_Mat_Generator_PPMGR/Projects/textures/bark-30_diffuse.jpg,/Volumes/Data/University/PPMGR/Blender_Mat_Generator_PPMGR/Projects/textures
bark-3_diffuse.jpg,/Volumes/Data/University/PPMGR/Blender_Mat_Generator_PPMGR/Projects/textures/bark-3_diffuse.jpg,/Volumes/Data/University/PPMGR/Blender_Mat_Generator_PPMGR/Projects/textures
bark-4_diffuse.jpg,/Volumes/Data/University/PPMGR/Blender_Mat_Generator_PPMGR/Projects/textures/bark-4_diffuse.jpg,/Volumes/Data/University/PPMGR/Blender_Mat_Generator_PPMGR/Projects/textures
bark-5_diffuse.jpg,/Volumes/Data/University/PPMGR/Blender_Mat_Generator_PPMGR/Projects/textures/bark-5_diffuse.jpg,/Volumes/Data/University/PPMGR/Blender_Mat_Generator_PPMGR/Projects/textures
bark-6_diffuse.jpg,/Volumes/Data/University/PPMGR/Blender_Mat_Generator_PPMGR/Projects/textures/bark-6_diffuse.jpg,/Volumes/Data/University/PPMGR/Blender_Mat_Generator_PPMGR/Projects/textures
bark-7_diffuse.jpg,/Volumes/Data/University/PPMGR/Blender_Mat_Generator_PPMGR/Projects/textures/bark-7_diffuse.jpg,/Volumes/Data/University/PPMGR/Blender_Mat_Generator_PPMGR/Projects/textures
bark-8_diffuse.jpg,/Volumes/Data/University/PPMGR/Blender_Mat_Generator_PPMGR/Projects/textures/bark-8_diffuse.jpg,/Volumes/Data/University/PPMGR/Blender_Mat_Generator_PPMGR/Projects/textures
bark-9_diffuse.jpg,/Volumes/Data/University/PPMGR/Blender_Mat_Generator_PPMGR/Projects/textures/bark-9_diffuse.jpg,/Volumes/Data/University/PPMGR/Blender_Mat_Generator_PPMGR/Projects/textures
bark01_BaseColor.jpg,/Volumes/Data/University/PPMGR/Blender_Mat_Generator_PPMGR/Projects/textures/bark01_BaseColor.jpg,/Volumes/Data/University/PPMGR/Blender_Mat_Generator_PPMGR/Projects/textures
bark02_BaseColor.png,/Volumes/Data/University/PPMGR/Blender_Mat_Generator_PPMGR/Projects/textures/bark02_BaseColor.png,/Volumes/Data/University/PPMGR/Blender_Mat_Generator_PPMGR/Projects/textures
bark_19_basecolor-2K.jpg,/Volumes/Data/University/PPMGR/Blender_Mat_Generator_PPMGR/Projects/textures/bark_19_basecolor-2K.jpg,/Volumes/Data/University/PPMGR/Blender_Mat_Generator_PPMGR/Projects/textures
bark_Diffuse.jpg,/Volumes/Data/University/PPMGR/Blender_Mat_Generator_PPMGR/Projects/textures/bark_Diffuse.jpg,/Volumes/Data/University/PPMGR/Blender_Mat_Generator_PPMGR/Projects/textures
bark_Diffuse.jpg.png,/Volumes/Data/University/PPMGR/Blender_Mat_Generator_PPMGR/Projects/textures/bark_Diffuse.jpg.png,/Volumes/Data/University/PPMGR/Blender_Mat_Generator_PPMGR/Projects/textures
bark_brown_01_diff_4k.png.png,/Volumes/Data/University/PPMGR/Blender_Mat_Generator_PPMGR/Projects/textures/bark_brown_01_diff_4k.png.png,/Volumes/Data/University/PPMGR/Blender_Mat_Generator_PPMGR/Projects/textures
bark_brown_01_diff_8k.jpg,/Volumes/Data/University/PPMGR/Blender_Mat_Generator_PPMGR/Projects/textures/bark_brown_01_diff_8k.jpg,/Volumes/Data/University/PPMGR/Blender_Mat_Generator_PPMGR/Projects/textures
bark_brown_02_diff_4k.png.png,/Volumes/Data/University/PPMGR/Blender_Mat_Generator_PPMGR/Projects/textures/bark_brown_02_diff_4k.png.png,/Volumes/Data/University/PPMGR/Blender_Mat_Generator_PPMGR/Projects/textures
bark_brown_02_diff_8k.jpg,/Volumes/Data/University/PPMGR/Blender_Mat_Generator_PPMGR/Projects/textures/bark_brown_02_diff_8k.jpg,/Volumes/Data/University/PPMGR/Blender_Mat_Generator_PPMGR/Projects/textures
base.jpg,/Volumes/Data/University/PPMGR/Blender_Mat_Generator_PPMGR/Projects/textures/base.jpg,/Volumes/Data/University/PPMGR/Blender_Mat_Generator_PPMGR/Projects/textures
base_color.jpg,/Volumes/Data/University/PPMGR/Blender_Mat_Generator_PPMGR/Projects/textures/base_color.jpg,/Volumes/Data/University/PPMGR/Blender_Mat_Generator_PPMGR/Projects/textures
basket-1_diffuse.jpg,/Volumes/Data/University/PPMGR/Blender_Mat_Generator_PPMGR/Projects/textures/basket-1_diffuse.jpg,/Volumes/Data/University/PPMGR/Blender_Mat_Generator_PPMGR/Projects/textures
basket-1_diffuse.jpg.png,/Volumes/Data/University/PPMGR/Blender_Mat_Generator_PPMGR/Projects/textures/basket-1_diffuse.jpg.png,/Volumes/Data/University/PPMGR/Blender_Mat_Generator_PPMGR/Projects/textures
basket-bamboo_diffuse.jpg,/Volumes/Data/University/PPMGR/Blender_Mat_Generator_PPMGR/Projects/textures/basket-bamboo_diffuse.jpg,/Volumes/Data/University/PPMGR/Blender_Mat_Generator_PPMGR/Projects/textures
basket-bamboo_diffuse.jpg.png,/Volumes/Data/University/PPMGR/Blender_Mat_Generator_PPMGR/Projects/textures/basket-bamboo_diffuse.jpg.png,/Volumes/Data/University/PPMGR/Blender_Mat_Generator_PPMGR/Projects/textures
basketball-normal.jpg,/Volumes/Data/University/PPMGR/Blender_Mat_Generator_PPMGR/Projects/textures/basketball-normal.jpg,/Volumes/Data/University/PPMGR/Blender_Mat_Generator_PPMGR/Projects/textures
bathroom_Tiles_diffuse.jpg,/Volumes/Data/University/PPMGR/Blender_Mat_Generator_PPMGR/Projects/textures/bathroom_Tiles_diffuse.jpg,/Volumes/Data/University/PPMGR/Blender_Mat_Generator_PPMGR/Projects/textures
bathroom_tile_texture.jpg,/Volumes/Data/University/PPMGR/Blender_Mat_Generator_PPMGR/Projects/textures/bathroom_tile_texture.jpg,/Volumes/Data/University/PPMGR/Blender_Mat_Generator_PPMGR/Projects/textures
batteredRobot_COLOR.jpg,/Volumes/Data/University/PPMGR/Blender_Mat_Generator_PPMGR/Projects/textures/batteredRobot_COLOR.jpg,/Volumes/Data/University/PPMGR/Blender_Mat_Generator_PPMGR/Projects/textures
batteredRobot_COLOR.jpg.png,/Volumes/Data/University/PPMGR/Blender_Mat_Generator_PPMGR/Projects/textures/batteredRobot_COLOR.jpg.png,/Volumes/Data/University/PPMGR/Blender_Mat_Generator_PPMGR/Projects/textures
bbbbbbbbbbbbb_diffuseOriginal.jpg,/Volumes/Data/University/PPMGR/Blender_Mat_Generator_PPMGR/Projects/textures/bbbbbbbbbbbbb_diffuseOriginal.jpg,/Volumes/Data/University/PPMGR/Blender_Mat_Generator_PPMGR/Projects/textures
beam_wall_01_diff_4k.png.png,/Volumes/Data/University/PPMGR/Blender_Mat_Generator_PPMGR/Projects/textures/beam_wall_01_diff_4k.png.png,/Volumes/Data/University/PPMGR/Blender_Mat_Generator_PPMGR/Projects/textures
beam_wall_01_diff_8k.jpg,/Volumes/Data/University/PPMGR/Blender_Mat_Generator_PPMGR/Projects/textures/beam_wall_01_diff_8k.jpg,/Volumes/Data/University/PPMGR/Blender_Mat_Generator_PPMGR/Projects/textures
bearFur_COLOR.jpg,/Volumes/Data/University/PPMGR/Blender_Mat_Generator_PPMGR/Projects/textures/bearFur_COLOR.jpg,/Volumes/Data/University/PPMGR/Blender_Mat_Generator_PPMGR/Projects/textures
beig marble mosaic_BaseColor.jpg,/Volumes/Data/University/PPMGR/Blender_Mat_Generator_PPMGR/Projects/textures/beig marble mosaic_BaseColor.jpg,/Volumes/Data/University/PPMGR/Blender_Mat_Generator_PPMGR/Projects/textures
beige_rug_Base_Color.jpg,/Volumes/Data/University/PPMGR/Blender_Mat_Generator_PPMGR/Projects/textures/beige_rug_Base_Color.jpg,/Volumes/Data/University/PPMGR/Blender_Mat_Generator_PPMGR/Projects/textures
beige_rug_checker_Base_Color.jpg,/Volumes/Data/University/PPMGR/Blender_Mat_Generator_PPMGR/Projects/textures/beige_rug_checker_Base_Color.jpg,/Volumes/Data/University/PPMGR/Blender_Mat_Generator_PPMGR/Projects/textures
beige_rug_checker_orange_Base_Color.jpg,/Volumes/Data/University/PPMGR/Blender_Mat_Generator_PPMGR/Projects/textures/beige_rug_checker_orange_Base_Color.jpg,/Volumes/Data/University/PPMGR/Blender_Mat_Generator_PPMGR/Projects/textures
beige_rug_diamond_Pattern_Base_Color.jpg,/Volumes/Data/University/PPMGR/Blender_Mat_Generator_PPMGR/Projects/textures/beige_rug_diamond_Pattern_Base_Color.jpg,/Volumes/Data/University/PPMGR/Blender_Mat_Generator_PPMGR/Projects/textures
beige_wall_001_diff_16k.jpg,/Volumes/Data/University/PPMGR/Blender_Mat_Generator_PPMGR/Projects/textures/beige_wall_001_diff_16k.jpg,/Volumes/Data/University/PPMGR/Blender_Mat_Generator_PPMGR/Projects/textures
beige_wall_002_diff_32k.jpg,/Volumes/Data/University/PPMGR/Blender_Mat_Generator_PPMGR/Projects/textures/beige_wall_002_diff_32k.jpg,/Volumes/Data/University/PPMGR/Blender_Mat_Generator_PPMGR/Projects/textures
beige_zigzag_brown_diamond_Base_Color.jpg,/Volumes/Data/University/PPMGR/Blender_Mat_Generator_PPMGR/Projects/textures/beige_zigzag_brown_diamond_Base_Color.jpg,/Volumes/Data/University/PPMGR/Blender_Mat_Generator_PPMGR/Projects/textures
beige_zigzag_diamond_Base_Color.jpg,/Volumes/Data/University/PPMGR/Blender_Mat_Generator_PPMGR/Projects/textures/beige_zigzag_diamond_Base_Color.jpg,/Volumes/Data/University/PPMGR/Blender_Mat_Generator_PPMGR/Projects/textures
beige_zigzag_red_diamond_Base_Color.jpg,/Volumes/Data/University/PPMGR/Blender_Mat_Generator_PPMGR/Projects/textures/beige_zigzag_red_diamond_Base_Color.jpg,/Volumes/Data/University/PPMGR/Blender_Mat_Generator_PPMGR/Projects/textures
birch--diffuse.jpg,/Volumes/Data/University/PPMGR/Blender_Mat_Generator_PPMGR/Projects/textures/birch--diffuse.jpg,/Volumes/Data/University/PPMGR/Blender_Mat_Generator_PPMGR/Projects/textures
birds.jpg,/Volumes/Data/University/PPMGR/Blender_Mat_Generator_PPMGR/Projects/textures/birds.jpg,/Volumes/Data/University/PPMGR/Blender_Mat_Generator_PPMGR/Projects/textures
black concrete_BaseColor.jpg,/Volumes/Data/University/PPMGR/Blender_Mat_Generator_PPMGR/Projects/textures/black concrete_BaseColor.jpg,/Volumes/Data/University/PPMGR/Blender_Mat_Generator_PPMGR/Projects/textures
black dotted flower fabric_BaseColor.jpg,/Volumes/Data/University/PPMGR/Blender_Mat_Generator_PPMGR/Projects/textures/black dotted flower fabric_BaseColor.jpg,/Volumes/Data/University/PPMGR/Blender_Mat_Generator_PPMGR/Projects/textures
black stone_BaseColor.jpg,/Volumes/Data/University/PPMGR/Blender_Mat_Generator_PPMGR/Projects/textures/black stone_BaseColor.jpg,/Volumes/Data/University/PPMGR/Blender_Mat_Generator_PPMGR/Projects/textures
black tiles_BaseColor.jpg,/Volumes/Data/University/PPMGR/Blender_Mat_Generator_PPMGR/Projects/textures/black tiles_BaseColor.jpg,/Volumes/Data/University/PPMGR/Blender_Mat_Generator_PPMGR/Projects/textures
black white tile_BaseColor.jpg,/Volumes/Data/University/PPMGR/Blender_Mat_Generator_PPMGR/Projects/textures/black white tile_BaseColor.jpg,/Volumes/Data/University/PPMGR/Blender_Mat_Generator_PPMGR/Projects/textures
black-knitted-cotton2-diffuse2.jpg,/Volumes/Data/University/PPMGR/Blender_Mat_Generator_PPMGR/Projects/textures/black-knitted-cotton2-diffuse2.jpg,/Volumes/Data/University/PPMGR/Blender_Mat_Generator_PPMGR/Projects/textures
blackRock2-basecolor.jpg,/Volumes/Data/University/PPMGR/Blender_Mat_Generator_PPMGR/Projects/textures/blackRock2-basecolor.jpg,/Volumes/Data/University/PPMGR/Blender_Mat_Generator_PPMGR/Projects/textures
black_Crocodile_leather_Base_Color.jpg,/Volumes/Data/University/PPMGR/Blender_Mat_Generator_PPMGR/Projects/textures/black_Crocodile_leather_Base_Color.jpg,/Volumes/Data/University/PPMGR/Blender_Mat_Generator_PPMGR/Projects/textures
black_birthday_texture_diff1.jpg,/Volumes/Data/University/PPMGR/Blender_Mat_Generator_PPMGR/Projects/textures/black_birthday_texture_diff1.jpg,/Volumes/Data/University/PPMGR/Blender_Mat_Generator_PPMGR/Projects/textures
black_blocks_wall_Base_Color.jpg,/Volumes/Data/University/PPMGR/Blender_Mat_Generator_PPMGR/Projects/textures/black_blocks_wall_Base_Color.jpg,/Volumes/Data/University/PPMGR/Blender_Mat_Generator_PPMGR/Projects/textures
black_blocks_wall_Base_Color.jpg.png,/Volumes/Data/University/PPMGR/Blender_Mat_Generator_PPMGR/Projects/textures/black_blocks_wall_Base_Color.jpg.png,/Volumes/Data/University/PPMGR/Blender_Mat_Generator_PPMGR/Projects/textures
black_dirty_french_tile_Base_Color.jpg,/Volumes/Data/University/PPMGR/Blender_Mat_Generator_PPMGR/Projects/textures/black_dirty_french_tile_Base_Color.jpg,/Volumes/Data/University/PPMGR/Blender_Mat_Generator_PPMGR/Projects/textures
black_fabric_cross_Base_Color.jpg,/Volumes/Data/University/PPMGR/Blender_Mat_Generator_PPMGR/Projects/textures/black_fabric_cross_Base_Color.jpg,/Volumes/Data/University/PPMGR/Blender_Mat_Generator_PPMGR/Projects/textures
black_realisitc_Stylized_tree_Base_Color.jpg,/Volumes/Data/University/PPMGR/Blender_Mat_Generator_PPMGR/Projects/textures/black_realisitc_Stylized_tree_Base_Color.jpg,/Volumes/Data/University/PPMGR/Blender_Mat_Generator_PPMGR/Projects/textures
black_resturant_style_tiles_Base_Color.jpg,/Volumes/Data/University/PPMGR/Blender_Mat_Generator_PPMGR/Projects/textures/black_resturant_style_tiles_Base_Color.jpg,/Volumes/Data/University/PPMGR/Blender_Mat_Generator_PPMGR/Projects/textures
black_rusty_plate_with_rivets_Base_Color.jpg,/Volumes/Data/University/PPMGR/Blender_Mat_Generator_PPMGR/Projects/textures/black_rusty_plate_with_rivets_Base_Color.jpg,/Volumes/Data/University/PPMGR/Blender_Mat_Generator_PPMGR/Projects/textures
blackish_resturant_style_tiles_Base_Color.jpg,/Volumes/Data/University/PPMGR/Blender_Mat_Generator_PPMGR/Projects/textures/blackish_resturant_style_tiles_Base_Color.jpg,/Volumes/Data/University/PPMGR/Blender_Mat_Generator_PPMGR/Projects/textures
blackpaintdirtymettal_BaseColor.jpg,/Volumes/Data/University/PPMGR/Blender_Mat_Generator_PPMGR/Projects/textures/blackpaintdirtymettal_BaseColor.jpg,/Volumes/Data/University/PPMGR/Blender_Mat_Generator_PPMGR/Projects/textures
blocks_wall_Base_Color.jpg,/Volumes/Data/University/PPMGR/Blender_Mat_Generator_PPMGR/Projects/textures/blocks_wall_Base_Color.jpg,/Volumes/Data/University/PPMGR/Blender_Mat_Generator_PPMGR/Projects/textures
blocks_wall_Base_Color.jpg.png,/Volumes/Data/University/PPMGR/Blender_Mat_Generator_PPMGR/Projects/textures/blocks_wall_Base_Color.jpg.png,/Volumes/Data/University/PPMGR/Blender_Mat_Generator_PPMGR/Projects/textures
bloodMarble_COLOR.jpg,/Volumes/Data/University/PPMGR/Blender_Mat_Generator_PPMGR/Projects/textures/bloodMarble_COLOR.jpg,/Volumes/Data/University/PPMGR/Blender_Mat_Generator_PPMGR/Projects/textures
bloodSplatteredWall_COLOR.jpg,/Volumes/Data/University/PPMGR/Blender_Mat_Generator_PPMGR/Projects/textures/bloodSplatteredWall_COLOR.jpg,/Volumes/Data/University/PPMGR/Blender_Mat_Generator_PPMGR/Projects/textures
blue box feather basket tiles_BaseColor.jpg,/Volumes/Data/University/PPMGR/Blender_Mat_Generator_PPMGR/Projects/textures/blue box feather basket tiles_BaseColor.jpg,/Volumes/Data/University/PPMGR/Blender_Mat_Generator_PPMGR/Projects/textures
blue box feather tiles_BaseColor.jpg,/Volumes/Data/University/PPMGR/Blender_Mat_Generator_PPMGR/Projects/textures/blue box feather tiles_BaseColor.jpg,/Volumes/Data/University/PPMGR/Blender_Mat_Generator_PPMGR/Projects/textures
blue box tiles_BaseColor.jpg,/Volumes/Data/University/PPMGR/Blender_Mat_Generator_PPMGR/Projects/textures/blue box tiles_BaseColor.jpg,/Volumes/Data/University/PPMGR/Blender_Mat_Generator_PPMGR/Projects/textures
blue check hatch fabric_BaseColor.jpg,/Volumes/Data/University/PPMGR/Blender_Mat_Generator_PPMGR/Projects/textures/blue check hatch fabric_BaseColor.jpg,/Volumes/Data/University/PPMGR/Blender_Mat_Generator_PPMGR/Projects/textures
blue diamond fabric_BaseColor.jpg,/Volumes/Data/University/PPMGR/Blender_Mat_Generator_PPMGR/Projects/textures/blue diamond fabric_BaseColor.jpg,/Volumes/Data/University/PPMGR/Blender_Mat_Generator_PPMGR/Projects/textures
blue fan fabric_BaseColor.jpg,/Volumes/Data/University/PPMGR/Blender_Mat_Generator_PPMGR/Projects/textures/blue fan fabric_BaseColor.jpg,/Volumes/Data/University/PPMGR/Blender_Mat_Generator_PPMGR/Projects/textures
blue flake fabric_BaseColor.jpg,/Volumes/Data/University/PPMGR/Blender_Mat_Generator_PPMGR/Projects/textures/blue flake fabric_BaseColor.jpg,/Volumes/Data/University/PPMGR/Blender_Mat_Generator_PPMGR/Projects/textures
blue flower fabric_BaseColor.jpg,/Volumes/Data/University/PPMGR/Blender_Mat_Generator_PPMGR/Projects/textures/blue flower fabric_BaseColor.jpg,/Volumes/Data/University/PPMGR/Blender_Mat_Generator_PPMGR/Projects/textures
blue marble square basket_BaseColor.jpg,/Volumes/Data/University/PPMGR/Blender_Mat_Generator_PPMGR/Projects/textures/blue marble square basket_BaseColor.jpg,/Volumes/Data/University/PPMGR/Blender_Mat_Generator_PPMGR/Projects/textures
blue marble_BaseColor.jpg,/Volumes/Data/University/PPMGR/Blender_Mat_Generator_PPMGR/Projects/textures/blue marble_BaseColor.jpg,/Volumes/Data/University/PPMGR/Blender_Mat_Generator_PPMGR/Projects/textures
blue path_Albedo.jpg,/Volumes/Data/University/PPMGR/Blender_Mat_Generator_PPMGR/Projects/textures/blue path_Albedo.jpg,/Volumes/Data/University/PPMGR/Blender_Mat_Generator_PPMGR/Projects/textures
blue plastic_BaseColor.jpg,/Volumes/Data/University/PPMGR/Blender_Mat_Generator_PPMGR/Projects/textures/blue plastic_BaseColor.jpg,/Volumes/Data/University/PPMGR/Blender_Mat_Generator_PPMGR/Projects/textures
blue red box tiles_BaseColor.jpg,/Volumes/Data/University/PPMGR/Blender_Mat_Generator_PPMGR/Projects/textures/blue red box tiles_BaseColor.jpg,/Volumes/Data/University/PPMGR/Blender_Mat_Generator_PPMGR/Projects/textures
blue rosette tiles_BaseColor.jpg,/Volumes/Data/University/PPMGR/Blender_Mat_Generator_PPMGR/Projects/textures/blue rosette tiles_BaseColor.jpg,/Volumes/Data/University/PPMGR/Blender_Mat_Generator_PPMGR/Projects/textures
blue small squre  fabric_BaseColor.jpg,/Volumes/Data/University/PPMGR/Blender_Mat_Generator_PPMGR/Projects/textures/blue small squre  fabric_BaseColor.jpg,/Volumes/Data/University/PPMGR/Blender_Mat_Generator_PPMGR/Projects/textures
blue strip tiles_BaseColor.jpg,/Volumes/Data/University/PPMGR/Blender_Mat_Generator_PPMGR/Projects/textures/blue strip tiles_BaseColor.jpg,/Volumes/Data/University/PPMGR/Blender_Mat_Generator_PPMGR/Projects/textures
blue white strip  tiles_BaseColor.jpg,/Volumes/Data/University/PPMGR/Blender_Mat_Generator_PPMGR/Projects/textures/blue white strip  tiles_BaseColor.jpg,/Volumes/Data/University/PPMGR/Blender_Mat_Generator_PPMGR/Projects/textures
blue zig zag tiles_BaseColor.jpg,/Volumes/Data/University/PPMGR/Blender_Mat_Generator_PPMGR/Projects/textures/blue zig zag tiles_BaseColor.jpg,/Volumes/Data/University/PPMGR/Blender_Mat_Generator_PPMGR/Projects/textures
blueBoxes_COLOR.jpg,/Volumes/Data/University/PPMGR/Blender_Mat_Generator_PPMGR/Projects/textures/blueBoxes_COLOR.jpg,/Volumes/Data/University/PPMGR/Blender_Mat_Generator_PPMGR/Projects/textures
blue_elogated_Diamond_Ceramic_Tiles_Base_Color.jpg,/Volumes/Data/University/PPMGR/Blender_Mat_Generator_PPMGR/Projects/textures/blue_elogated_Diamond_Ceramic_Tiles_Base_Color.jpg,/Volumes/Data/University/PPMGR/Blender_Mat_Generator_PPMGR/Projects/textures
blue_floor_tiles_01_diff_8k.jpg,/Volumes/Data/University/PPMGR/Blender_Mat_Generator_PPMGR/Projects/textures/blue_floor_tiles_01_diff_8k.jpg,/Volumes/Data/University/PPMGR/Blender_Mat_Generator_PPMGR/Projects/textures
blue_marble_tiles_Base_Color.jpg,/Volumes/Data/University/PPMGR/Blender_Mat_Generator_PPMGR/Projects/textures/blue_marble_tiles_Base_Color.jpg,/Volumes/Data/University/PPMGR/Blender_Mat_Generator_PPMGR/Projects/textures
blue_painted_planks_diff_4k.png.png,/Volumes/Data/University/PPMGR/Blender_Mat_Generator_PPMGR/Projects/textures/blue_painted_planks_diff_4k.png.png,/Volumes/Data/University/PPMGR/Blender_Mat_Generator_PPMGR/Projects/textures
blue_painted_planks_diff_8k.jpg,/Volumes/Data/University/PPMGR/Blender_Mat_Generator_PPMGR/Projects/textures/blue_painted_planks_diff_8k.jpg,/Volumes/Data/University/PPMGR/Blender_Mat_Generator_PPMGR/Projects/textures
blue_procelain_Base_Color.jpg,/Volumes/Data/University/PPMGR/Blender_Mat_Generator_PPMGR/Projects/textures/blue_procelain_Base_Color.jpg,/Volumes/Data/University/PPMGR/Blender_Mat_Generator_PPMGR/Projects/textures
blue_tile_pattern_basecolor.jpg,/Volumes/Data/University/PPMGR/Blender_Mat_Generator_PPMGR/Projects/textures/blue_tile_pattern_basecolor.jpg,/Volumes/Data/University/PPMGR/Blender_Mat_Generator_PPMGR/Projects/textures
bluestyrofoam_1_basecolor-2K.png,/Volumes/Data/University/PPMGR/Blender_Mat_Generator_PPMGR/Projects/textures/bluestyrofoam_1_basecolor-2K.png,/Volumes/Data/University/PPMGR/Blender_Mat_Generator_PPMGR/Projects/textures
book_pattern_col1_8k.jpg,/Volumes/Data/University/PPMGR/Blender_Mat_Generator_PPMGR/Projects/textures/book_pattern_col1_8k.jpg,/Volumes/Data/University/PPMGR/Blender_Mat_Generator_PPMGR/Projects/textures
bouclé-diffuse.jpg,/Volumes/Data/University/PPMGR/Blender_Mat_Generator_PPMGR/Projects/textures/bouclé-diffuse.jpg,/Volumes/Data/University/PPMGR/Blender_Mat_Generator_PPMGR/Projects/textures
box tiles_BaseColor.jpg,/Volumes/Data/University/PPMGR/Blender_Mat_Generator_PPMGR/Projects/textures/box tiles_BaseColor.jpg,/Volumes/Data/University/PPMGR/Blender_Mat_Generator_PPMGR/Projects/textures
brick damage wall_BaseColor.jpg,/Volumes/Data/University/PPMGR/Blender_Mat_Generator_PPMGR/Projects/textures/brick damage wall_BaseColor.jpg,/Volumes/Data/University/PPMGR/Blender_Mat_Generator_PPMGR/Projects/textures
brick wall a_BaseColor.jpg,/Volumes/Data/University/PPMGR/Blender_Mat_Generator_PPMGR/Projects/textures/brick wall a_BaseColor.jpg,/Volumes/Data/University/PPMGR/Blender_Mat_Generator_PPMGR/Projects/textures
brick wall dust_BaseColor.jpg,/Volumes/Data/University/PPMGR/Blender_Mat_Generator_PPMGR/Projects/textures/brick wall dust_BaseColor.jpg,/Volumes/Data/University/PPMGR/Blender_Mat_Generator_PPMGR/Projects/textures
brick-19_diffuse.jpg,/Volumes/Data/University/PPMGR/Blender_Mat_Generator_PPMGR/Projects/textures/brick-19_diffuse.jpg,/Volumes/Data/University/PPMGR/Blender_Mat_Generator_PPMGR/Projects/textures
brick-1_diffuse.jpg,/Volumes/Data/University/PPMGR/Blender_Mat_Generator_PPMGR/Projects/textures/brick-1_diffuse.jpg,/Volumes/Data/University/PPMGR/Blender_Mat_Generator_PPMGR/Projects/textures
brick_4_diff_8k.jpg,/Volumes/Data/University/PPMGR/Blender_Mat_Generator_PPMGR/Projects/textures/brick_4_diff_8k.jpg,/Volumes/Data/University/PPMGR/Blender_Mat_Generator_PPMGR/Projects/textures
brick_floor_003_diffuse_8k.jpg,/Volumes/Data/University/PPMGR/Blender_Mat_Generator_PPMGR/Projects/textures/brick_floor_003_diffuse_8k.jpg,/Volumes/Data/University/PPMGR/Blender_Mat_Generator_PPMGR/Projects/textures
brickwall_Base_Color_1001.jpg,/Volumes/Data/University/PPMGR/Blender_Mat_Generator_PPMGR/Projects/textures/brickwall_Base_Color_1001.jpg,/Volumes/Data/University/PPMGR/Blender_Mat_Generator_PPMGR/Projects/textures
brixton bnw-diffuse.jpg,/Volumes/Data/University/PPMGR/Blender_Mat_Generator_PPMGR/Projects/textures/brixton bnw-diffuse.jpg,/Volumes/Data/University/PPMGR/Blender_Mat_Generator_PPMGR/Projects/textures
broken_wall_diff_8k.jpg,/Volumes/Data/University/PPMGR/Blender_Mat_Generator_PPMGR/Projects/textures/broken_wall_diff_8k.jpg,/Volumes/Data/University/PPMGR/Blender_Mat_Generator_PPMGR/Projects/textures
brokentiles01_BaseColor.jpg,/Volumes/Data/University/PPMGR/Blender_Mat_Generator_PPMGR/Projects/textures/brokentiles01_BaseColor.jpg,/Volumes/Data/University/PPMGR/Blender_Mat_Generator_PPMGR/Projects/textures
brokentiles02_BaseColor.jpg,/Volumes/Data/University/PPMGR/Blender_Mat_Generator_PPMGR/Projects/textures/brokentiles02_BaseColor.jpg,/Volumes/Data/University/PPMGR/Blender_Mat_Generator_PPMGR/Projects/textures
bronzeTruchet_COLOR.jpg,/Volumes/Data/University/PPMGR/Blender_Mat_Generator_PPMGR/Projects/textures/bronzeTruchet_COLOR.jpg,/Volumes/Data/University/PPMGR/Blender_Mat_Generator_PPMGR/Projects/textures
bronzeTruchet_NRM.jpg,/Volumes/Data/University/PPMGR/Blender_Mat_Generator_PPMGR/Projects/textures/bronzeTruchet_NRM.jpg,/Volumes/Data/University/PPMGR/Blender_Mat_Generator_PPMGR/Projects/textures
bronze_basecolor.jpg,/Volumes/Data/University/PPMGR/Blender_Mat_Generator_PPMGR/Projects/textures/bronze_basecolor.jpg,/Volumes/Data/University/PPMGR/Blender_Mat_Generator_PPMGR/Projects/textures
bronze_linha_magma_guararapes.jpg,/Volumes/Data/University/PPMGR/Blender_Mat_Generator_PPMGR/Projects/textures/bronze_linha_magma_guararapes.jpg,/Volumes/Data/University/PPMGR/Blender_Mat_Generator_PPMGR/Projects/textures
brown denim_Albedo.jpg,/Volumes/Data/University/PPMGR/Blender_Mat_Generator_PPMGR/Projects/textures/brown denim_Albedo.jpg,/Volumes/Data/University/PPMGR/Blender_Mat_Generator_PPMGR/Projects/textures
brown fabric_BaseColor.jpg,/Volumes/Data/University/PPMGR/Blender_Mat_Generator_PPMGR/Projects/textures/brown fabric_BaseColor.jpg,/Volumes/Data/University/PPMGR/Blender_Mat_Generator_PPMGR/Projects/textures
brown rug 1 colour map.jpg,/Volumes/Data/University/PPMGR/Blender_Mat_Generator_PPMGR/Projects/textures/brown rug 1 colour map.jpg,/Volumes/Data/University/PPMGR/Blender_Mat_Generator_PPMGR/Projects/textures
brown_Herringbone_Emeraland_porcelain_Base_Color.jpg,/Volumes/Data/University/PPMGR/Blender_Mat_Generator_PPMGR/Projects/textures/brown_Herringbone_Emeraland_porcelain_Base_Color.jpg,/Volumes/Data/University/PPMGR/Blender_Mat_Generator_PPMGR/Projects/textures
brown_Houndstooth_weaving_checker_Base_Color.jpg,/Volumes/Data/University/PPMGR/Blender_Mat_Generator_PPMGR/Projects/textures/brown_Houndstooth_weaving_checker_Base_Color.jpg,/Volumes/Data/University/PPMGR/Blender_Mat_Generator_PPMGR/Projects/textures
brown_Tartan_cloth_Base_Color.jpg,/Volumes/Data/University/PPMGR/Blender_Mat_Generator_PPMGR/Projects/textures/brown_Tartan_cloth_Base_Color.jpg,/Volumes/Data/University/PPMGR/Blender_Mat_Generator_PPMGR/Projects/textures
brown_fabric_4k_color.jpg,/Volumes/Data/University/PPMGR/Blender_Mat_Generator_PPMGR/Projects/textures/brown_fabric_4k_color.jpg,/Volumes/Data/University/PPMGR/Blender_Mat_Generator_PPMGR/Projects/textures
brown_leather_albedo_8k.jpg,/Volumes/Data/University/PPMGR/Blender_Mat_Generator_PPMGR/Projects/textures/brown_leather_albedo_8k.jpg,/Volumes/Data/University/PPMGR/Blender_Mat_Generator_PPMGR/Projects/textures
brown_marble_02_color.jpg,/Volumes/Data/University/PPMGR/Blender_Mat_Generator_PPMGR/Projects/textures/brown_marble_02_color.jpg,/Volumes/Data/University/PPMGR/Blender_Mat_Generator_PPMGR/Projects/textures
brown_marble_03_color.jpg,/Volumes/Data/University/PPMGR/Blender_Mat_Generator_PPMGR/Projects/textures/brown_marble_03_color.jpg,/Volumes/Data/University/PPMGR/Blender_Mat_Generator_PPMGR/Projects/textures
brown_mud_02_diff_8k.jpg,/Volumes/Data/University/PPMGR/Blender_Mat_Generator_PPMGR/Projects/textures/brown_mud_02_diff_8k.jpg,/Volumes/Data/University/PPMGR/Blender_Mat_Generator_PPMGR/Projects/textures
brown_mud_dry_diff_8k.jpg,/Volumes/Data/University/PPMGR/Blender_Mat_Generator_PPMGR/Projects/textures/brown_mud_dry_diff_8k.jpg,/Volumes/Data/University/PPMGR/Blender_Mat_Generator_PPMGR/Projects/textures
brown_mud_leaves_01_diff_8k.jpg,/Volumes/Data/University/PPMGR/Blender_Mat_Generator_PPMGR/Projects/textures/brown_mud_leaves_01_diff_8k.jpg,/Volumes/Data/University/PPMGR/Blender_Mat_Generator_PPMGR/Projects/textures
brown_mud_rocks_01_diff_8k.jpg,/Volumes/Data/University/PPMGR/Blender_Mat_Generator_PPMGR/Projects/textures/brown_mud_rocks_01_diff_8k.jpg,/Volumes/Data/University/PPMGR/Blender_Mat_Generator_PPMGR/Projects/textures
brown_planks_03_diff_4k.jpg,/Volumes/Data/University/PPMGR/Blender_Mat_Generator_PPMGR/Projects/textures/brown_planks_03_diff_4k.jpg,/Volumes/Data/University/PPMGR/Blender_Mat_Generator_PPMGR/Projects/textures
brown_planks_03_diff_4k.png.png,/Volumes/Data/University/PPMGR/Blender_Mat_Generator_PPMGR/Projects/textures/brown_planks_03_diff_4k.png.png,/Volumes/Data/University/PPMGR/Blender_Mat_Generator_PPMGR/Projects/textures
brown_planks_03_diff_8k.jpg,/Volumes/Data/University/PPMGR/Blender_Mat_Generator_PPMGR/Projects/textures/brown_planks_03_diff_8k.jpg,/Volumes/Data/University/PPMGR/Blender_Mat_Generator_PPMGR/Projects/textures
brown_planks_04_diff_4k.png.png,/Volumes/Data/University/PPMGR/Blender_Mat_Generator_PPMGR/Projects/textures/brown_planks_04_diff_4k.png.png,/Volumes/Data/University/PPMGR/Blender_Mat_Generator_PPMGR/Projects/textures
brown_planks_04_diff_8k.jpg,/Volumes/Data/University/PPMGR/Blender_Mat_Generator_PPMGR/Projects/textures/brown_planks_04_diff_8k.jpg,/Volumes/Data/University/PPMGR/Blender_Mat_Generator_PPMGR/Projects/textures
brown_planks_04_nor_4k.png.png,/Volumes/Data/University/PPMGR/Blender_Mat_Generator_PPMGR/Projects/textures/brown_planks_04_nor_4k.png.png,/Volumes/Data/University/PPMGR/Blender_Mat_Generator_PPMGR/Projects/textures
brown_planks_05_diff_4k.png.png,/Volumes/Data/University/PPMGR/Blender_Mat_Generator_PPMGR/Projects/textures/brown_planks_05_diff_4k.png.png,/Volumes/Data/University/PPMGR/Blender_Mat_Generator_PPMGR/Projects/textures
brown_planks_05_diff_8k.jpg,/Volumes/Data/University/PPMGR/Blender_Mat_Generator_PPMGR/Projects/textures/brown_planks_05_diff_8k.jpg,/Volumes/Data/University/PPMGR/Blender_Mat_Generator_PPMGR/Projects/textures
brown_planks_07_diff_4k.png.png,/Volumes/Data/University/PPMGR/Blender_Mat_Generator_PPMGR/Projects/textures/brown_planks_07_diff_4k.png.png,/Volumes/Data/University/PPMGR/Blender_Mat_Generator_PPMGR/Projects/textures
brown_planks_07_diff_8k.jpg,/Volumes/Data/University/PPMGR/Blender_Mat_Generator_PPMGR/Projects/textures/brown_planks_07_diff_8k.jpg,/Volumes/Data/University/PPMGR/Blender_Mat_Generator_PPMGR/Projects/textures
brown_planks_08_diff_4k.png.png,/Volumes/Data/University/PPMGR/Blender_Mat_Generator_PPMGR/Projects/textures/brown_planks_08_diff_4k.png.png,/Volumes/Data/University/PPMGR/Blender_Mat_Generator_PPMGR/Projects/textures
brown_planks_08_diff_8k.jpg,/Volumes/Data/University/PPMGR/Blender_Mat_Generator_PPMGR/Projects/textures/brown_planks_08_diff_8k.jpg,/Volumes/Data/University/PPMGR/Blender_Mat_Generator_PPMGR/Projects/textures
brown_planks_09_diff_4k.png.png,/Volumes/Data/University/PPMGR/Blender_Mat_Generator_PPMGR/Projects/textures/brown_planks_09_diff_4k.png.png,/Volumes/Data/University/PPMGR/Blender_Mat_Generator_PPMGR/Projects/textures
brown_planks_09_diff_8k.jpg,/Volumes/Data/University/PPMGR/Blender_Mat_Generator_PPMGR/Projects/textures/brown_planks_09_diff_8k.jpg,/Volumes/Data/University/PPMGR/Blender_Mat_Generator_PPMGR/Projects/textures
brown_woven_jumper_fabric_Base_Color.jpg,/Volumes/Data/University/PPMGR/Blender_Mat_Generator_PPMGR/Projects/textures/brown_woven_jumper_fabric_Base_Color.jpg,/Volumes/Data/University/PPMGR/Blender_Mat_Generator_PPMGR/Projects/textures
brushed_concrete_03_diff_8k.jpg,/Volumes/Data/University/PPMGR/Blender_Mat_Generator_PPMGR/Projects/textures/brushed_concrete_03_diff_8k.jpg,/Volumes/Data/University/PPMGR/Blender_Mat_Generator_PPMGR/Projects/textures
brushed_concrete_2_diff_8k.jpg,/Volumes/Data/University/PPMGR/Blender_Mat_Generator_PPMGR/Projects/textures/brushed_concrete_2_diff_8k.jpg,/Volumes/Data/University/PPMGR/Blender_Mat_Generator_PPMGR/Projects/textures
brushed_concrete_diff_8k.jpg,/Volumes/Data/University/PPMGR/Blender_Mat_Generator_PPMGR/Projects/textures/brushed_concrete_diff_8k.jpg,/Volumes/Data/University/PPMGR/Blender_Mat_Generator_PPMGR/Projects/textures
bubble_wrap_basecolor.jpg,/Volumes/Data/University/PPMGR/Blender_Mat_Generator_PPMGR/Projects/textures/bubble_wrap_basecolor.jpg,/Volumes/Data/University/PPMGR/Blender_Mat_Generator_PPMGR/Projects/textures
building 3 bass color.jpg,/Volumes/Data/University/PPMGR/Blender_Mat_Generator_PPMGR/Projects/textures/building 3 bass color.jpg,/Volumes/Data/University/PPMGR/Blender_Mat_Generator_PPMGR/Projects/textures
building 4 bass color.jpg,/Volumes/Data/University/PPMGR/Blender_Mat_Generator_PPMGR/Projects/textures/building 4 bass color.jpg,/Volumes/Data/University/PPMGR/Blender_Mat_Generator_PPMGR/Projects/textures
building 4 bass color000.jpg,/Volumes/Data/University/PPMGR/Blender_Mat_Generator_PPMGR/Projects/textures/building 4 bass color000.jpg,/Volumes/Data/University/PPMGR/Blender_Mat_Generator_PPMGR/Projects/textures
building in night bass color.jpg,/Volumes/Data/University/PPMGR/Blender_Mat_Generator_PPMGR/Projects/textures/building in night bass color.jpg,/Volumes/Data/University/PPMGR/Blender_Mat_Generator_PPMGR/Projects/textures
building in night emission.jpg,/Volumes/Data/University/PPMGR/Blender_Mat_Generator_PPMGR/Projects/textures/building in night emission.jpg,/Volumes/Data/University/PPMGR/Blender_Mat_Generator_PPMGR/Projects/textures
burlap_BaseColor.jpg,/Volumes/Data/University/PPMGR/Blender_Mat_Generator_PPMGR/Projects/textures/burlap_BaseColor.jpg,/Volumes/Data/University/PPMGR/Blender_Mat_Generator_PPMGR/Projects/textures
burned_ground_01_diff_8k.jpg,/Volumes/Data/University/PPMGR/Blender_Mat_Generator_PPMGR/Projects/textures/burned_ground_01_diff_8k.jpg,/Volumes/Data/University/PPMGR/Blender_Mat_Generator_PPMGR/Projects/textures
byJupiter_COLOR.jpg,/Volumes/Data/University/PPMGR/Blender_Mat_Generator_PPMGR/Projects/textures/byJupiter_COLOR.jpg,/Volumes/Data/University/PPMGR/Blender_Mat_Generator_PPMGR/Projects/textures
cables_v3_Base_Color.jpg,/Volumes/Data/University/PPMGR/Blender_Mat_Generator_PPMGR/Projects/textures/cables_v3_Base_Color.jpg,/Volumes/Data/University/PPMGR/Blender_Mat_Generator_PPMGR/Projects/textures
cables_v3_Base_Color.jpg.png,/Volumes/Data/University/PPMGR/Blender_Mat_Generator_PPMGR/Projects/textures/cables_v3_Base_Color.jpg.png,/Volumes/Data/University/PPMGR/Blender_Mat_Generator_PPMGR/Projects/textures
camouflageNetting_COLOR.jpg,/Volumes/Data/University/PPMGR/Blender_Mat_Generator_PPMGR/Projects/textures/camouflageNetting_COLOR.jpg,/Volumes/Data/University/PPMGR/Blender_Mat_Generator_PPMGR/Projects/textures
camouflageNetting_COLOR.jpg.png,/Volumes/Data/University/PPMGR/Blender_Mat_Generator_PPMGR/Projects/textures/camouflageNetting_COLOR.jpg.png,/Volumes/Data/University/PPMGR/Blender_Mat_Generator_PPMGR/Projects/textures
camouflage_11_basecolor-2K.png,/Volumes/Data/University/PPMGR/Blender_Mat_Generator_PPMGR/Projects/textures/camouflage_11_basecolor-2K.png,/Volumes/Data/University/PPMGR/Blender_Mat_Generator_PPMGR/Projects/textures
camouflage_14_basecolor-2K.png,/Volumes/Data/University/PPMGR/Blender_Mat_Generator_PPMGR/Projects/textures/camouflage_14_basecolor-2K.png,/Volumes/Data/University/PPMGR/Blender_Mat_Generator_PPMGR/Projects/textures
camouflage_17_basecolor-2K.png,/Volumes/Data/University/PPMGR/Blender_Mat_Generator_PPMGR/Projects/textures/camouflage_17_basecolor-2K.png,/Volumes/Data/University/PPMGR/Blender_Mat_Generator_PPMGR/Projects/textures
camouflage_20_basecolor-2K.png,/Volumes/Data/University/PPMGR/Blender_Mat_Generator_PPMGR/Projects/textures/camouflage_20_basecolor-2K.png,/Volumes/Data/University/PPMGR/Blender_Mat_Generator_PPMGR/Projects/textures
camouflage_22_basecolor-2K.png,/Volumes/Data/University/PPMGR/Blender_Mat_Generator_PPMGR/Projects/textures/camouflage_22_basecolor-2K.png,/Volumes/Data/University/PPMGR/Blender_Mat_Generator_PPMGR/Projects/textures
camouflage_23_basecolor-2K.png,/Volumes/Data/University/PPMGR/Blender_Mat_Generator_PPMGR/Projects/textures/camouflage_23_basecolor-2K.png,/Volumes/Data/University/PPMGR/Blender_Mat_Generator_PPMGR/Projects/textures
camouflage_26_basecolor-2K.png,/Volumes/Data/University/PPMGR/Blender_Mat_Generator_PPMGR/Projects/textures/camouflage_26_basecolor-2K.png,/Volumes/Data/University/PPMGR/Blender_Mat_Generator_PPMGR/Projects/textures
camouflage_27_basecolor-2K.png,/Volumes/Data/University/PPMGR/Blender_Mat_Generator_PPMGR/Projects/textures/camouflage_27_basecolor-2K.png,/Volumes/Data/University/PPMGR/Blender_Mat_Generator_PPMGR/Projects/textures
camouflage_29_basecolor-2K.png,/Volumes/Data/University/PPMGR/Blender_Mat_Generator_PPMGR/Projects/textures/camouflage_29_basecolor-2K.png,/Volumes/Data/University/PPMGR/Blender_Mat_Generator_PPMGR/Projects/textures
camouflage_8_basecolor-2K.png,/Volumes/Data/University/PPMGR/Blender_Mat_Generator_PPMGR/Projects/textures/camouflage_8_basecolor-2K.png,/Volumes/Data/University/PPMGR/Blender_Mat_Generator_PPMGR/Projects/textures
camouflage_black_white_fabric_Base_Color.jpg,/Volumes/Data/University/PPMGR/Blender_Mat_Generator_PPMGR/Projects/textures/camouflage_black_white_fabric_Base_Color.jpg,/Volumes/Data/University/PPMGR/Blender_Mat_Generator_PPMGR/Projects/textures
candy_Diffuse.jpg,/Volumes/Data/University/PPMGR/Blender_Mat_Generator_PPMGR/Projects/textures/candy_Diffuse.jpg,/Volumes/Data/University/PPMGR/Blender_Mat_Generator_PPMGR/Projects/textures
car tag.jpg,/Volumes/Data/University/PPMGR/Blender_Mat_Generator_PPMGR/Projects/textures/car tag.jpg,/Volumes/Data/University/PPMGR/Blender_Mat_Generator_PPMGR/Projects/textures
car tag000.jpg,/Volumes/Data/University/PPMGR/Blender_Mat_Generator_PPMGR/Projects/textures/car tag000.jpg,/Volumes/Data/University/PPMGR/Blender_Mat_Generator_PPMGR/Projects/textures
carbon fiber_Base_Color_1001.jpg,/Volumes/Data/University/PPMGR/Blender_Mat_Generator_PPMGR/Projects/textures/carbon fiber_Base_Color_1001.jpg,/Volumes/Data/University/PPMGR/Blender_Mat_Generator_PPMGR/Projects/textures
carbon fiber_Diffuse.jpg,/Volumes/Data/University/PPMGR/Blender_Mat_Generator_PPMGR/Projects/textures/carbon fiber_Diffuse.jpg,/Volumes/Data/University/PPMGR/Blender_Mat_Generator_PPMGR/Projects/textures
carburetorResin_COLOR.jpg,/Volumes/Data/University/PPMGR/Blender_Mat_Generator_PPMGR/Projects/textures/carburetorResin_COLOR.jpg,/Volumes/Data/University/PPMGR/Blender_Mat_Generator_PPMGR/Projects/textures
carpet diamond_BaseColor.jpg,/Volumes/Data/University/PPMGR/Blender_Mat_Generator_PPMGR/Projects/textures/carpet diamond_BaseColor.jpg,/Volumes/Data/University/PPMGR/Blender_Mat_Generator_PPMGR/Projects/textures
carpet dotted large_BaseColor.jpg,/Volumes/Data/University/PPMGR/Blender_Mat_Generator_PPMGR/Projects/textures/carpet dotted large_BaseColor.jpg,/Volumes/Data/University/PPMGR/Blender_Mat_Generator_PPMGR/Projects/textures
carpet dotted_BaseColor.jpg,/Volumes/Data/University/PPMGR/Blender_Mat_Generator_PPMGR/Projects/textures/carpet dotted_BaseColor.jpg,/Volumes/Data/University/PPMGR/Blender_Mat_Generator_PPMGR/Projects/textures
carpet flower_BaseColor.jpg,/Volumes/Data/University/PPMGR/Blender_Mat_Generator_PPMGR/Projects/textures/carpet flower_BaseColor.jpg,/Volumes/Data/University/PPMGR/Blender_Mat_Generator_PPMGR/Projects/textures
carpet round flower_BaseColor.jpg,/Volumes/Data/University/PPMGR/Blender_Mat_Generator_PPMGR/Projects/textures/carpet round flower_BaseColor.jpg,/Volumes/Data/University/PPMGR/Blender_Mat_Generator_PPMGR/Projects/textures
carpet square_BaseColor.jpg,/Volumes/Data/University/PPMGR/Blender_Mat_Generator_PPMGR/Projects/textures/carpet square_BaseColor.jpg,/Volumes/Data/University/PPMGR/Blender_Mat_Generator_PPMGR/Projects/textures
carpet sun flower pattern_BaseColor.jpg,/Volumes/Data/University/PPMGR/Blender_Mat_Generator_PPMGR/Projects/textures/carpet sun flower pattern_BaseColor.jpg,/Volumes/Data/University/PPMGR/Blender_Mat_Generator_PPMGR/Projects/textures
carpet zigzag_BaseColor.jpg,/Volumes/Data/University/PPMGR/Blender_Mat_Generator_PPMGR/Projects/textures/carpet zigzag_BaseColor.jpg,/Volumes/Data/University/PPMGR/Blender_Mat_Generator_PPMGR/Projects/textures
carpet_03_color.jpg,/Volumes/Data/University/PPMGR/Blender_Mat_Generator_PPMGR/Projects/textures/carpet_03_color.jpg,/Volumes/Data/University/PPMGR/Blender_Mat_Generator_PPMGR/Projects/textures
carpet_04_color.jpg,/Volumes/Data/University/PPMGR/Blender_Mat_Generator_PPMGR/Projects/textures/carpet_04_color.jpg,/Volumes/Data/University/PPMGR/Blender_Mat_Generator_PPMGR/Projects/textures
carpet_05_color.jpg,/Volumes/Data/University/PPMGR/Blender_Mat_Generator_PPMGR/Projects/textures/carpet_05_color.jpg,/Volumes/Data/University/PPMGR/Blender_Mat_Generator_PPMGR/Projects/textures
carpet_07_color.jpg,/Volumes/Data/University/PPMGR/Blender_Mat_Generator_PPMGR/Projects/textures/carpet_07_color.jpg,/Volumes/Data/University/PPMGR/Blender_Mat_Generator_PPMGR/Projects/textures
carpet_08_color.jpg,/Volumes/Data/University/PPMGR/Blender_Mat_Generator_PPMGR/Projects/textures/carpet_08_color.jpg,/Volumes/Data/University/PPMGR/Blender_Mat_Generator_PPMGR/Projects/textures
carpet_09_color.jpg,/Volumes/Data/University/PPMGR/Blender_Mat_Generator_PPMGR/Projects/textures/carpet_09_color.jpg,/Volumes/Data/University/PPMGR/Blender_Mat_Generator_PPMGR/Projects/textures
carpet_4K_color.jpg,/Volumes/Data/University/PPMGR/Blender_Mat_Generator_PPMGR/Projects/textures/carpet_4K_color.jpg,/Volumes/Data/University/PPMGR/Blender_Mat_Generator_PPMGR/Projects/textures
carpet_Base Color.jpg,/Volumes/Data/University/PPMGR/Blender_Mat_Generator_PPMGR/Projects/textures/carpet_Base Color.jpg,/Volumes/Data/University/PPMGR/Blender_Mat_Generator_PPMGR/Projects/textures
carpet_color.jpg,/Volumes/Data/University/PPMGR/Blender_Mat_Generator_PPMGR/Projects/textures/carpet_color.jpg,/Volumes/Data/University/PPMGR/Blender_Mat_Generator_PPMGR/Projects/textures
carpet_diffuseOriginal.jpg,/Volumes/Data/University/PPMGR/Blender_Mat_Generator_PPMGR/Projects/textures/carpet_diffuseOriginal.jpg,/Volumes/Data/University/PPMGR/Blender_Mat_Generator_PPMGR/Projects/textures
carpet_fabric_Base_Color.jpg,/Volumes/Data/University/PPMGR/Blender_Mat_Generator_PPMGR/Projects/textures/carpet_fabric_Base_Color.jpg,/Volumes/Data/University/PPMGR/Blender_Mat_Generator_PPMGR/Projects/textures
carpet_fabric_Flower_Base_Color.jpg,/Volumes/Data/University/PPMGR/Blender_Mat_Generator_PPMGR/Projects/textures/carpet_fabric_Flower_Base_Color.jpg,/Volumes/Data/University/PPMGR/Blender_Mat_Generator_PPMGR/Projects/textures
carpet_fabric_white_Base_Color.jpg,/Volumes/Data/University/PPMGR/Blender_Mat_Generator_PPMGR/Projects/textures/carpet_fabric_white_Base_Color.jpg,/Volumes/Data/University/PPMGR/Blender_Mat_Generator_PPMGR/Projects/textures
carpethammer stroke pattern_BaseColor.jpg,/Volumes/Data/University/PPMGR/Blender_Mat_Generator_PPMGR/Projects/textures/carpethammer stroke pattern_BaseColor.jpg,/Volumes/Data/University/PPMGR/Blender_Mat_Generator_PPMGR/Projects/textures
carrara marble basket_BaseColor.jpg,/Volumes/Data/University/PPMGR/Blender_Mat_Generator_PPMGR/Projects/textures/carrara marble basket_BaseColor.jpg,/Volumes/Data/University/PPMGR/Blender_Mat_Generator_PPMGR/Projects/textures
carrara marble blue_BaseColor.jpg,/Volumes/Data/University/PPMGR/Blender_Mat_Generator_PPMGR/Projects/textures/carrara marble blue_BaseColor.jpg,/Volumes/Data/University/PPMGR/Blender_Mat_Generator_PPMGR/Projects/textures
carrara marble checker_BaseColor.jpg,/Volumes/Data/University/PPMGR/Blender_Mat_Generator_PPMGR/Projects/textures/carrara marble checker_BaseColor.jpg,/Volumes/Data/University/PPMGR/Blender_Mat_Generator_PPMGR/Projects/textures
carrara marble herringbone_BaseColor.jpg,/Volumes/Data/University/PPMGR/Blender_Mat_Generator_PPMGR/Projects/textures/carrara marble herringbone_BaseColor.jpg,/Volumes/Data/University/PPMGR/Blender_Mat_Generator_PPMGR/Projects/textures
carrara marble hopscotch_BaseColor.jpg,/Volumes/Data/University/PPMGR/Blender_Mat_Generator_PPMGR/Projects/textures/carrara marble hopscotch_BaseColor.jpg,/Volumes/Data/University/PPMGR/Blender_Mat_Generator_PPMGR/Projects/textures
carrara wall marble mossified_BaseColor.jpg,/Volumes/Data/University/PPMGR/Blender_Mat_Generator_PPMGR/Projects/textures/carrara wall marble mossified_BaseColor.jpg,/Volumes/Data/University/PPMGR/Blender_Mat_Generator_PPMGR/Projects/textures
carrara wall marble_BaseColor.jpg,/Volumes/Data/University/PPMGR/Blender_Mat_Generator_PPMGR/Projects/textures/carrara wall marble_BaseColor.jpg,/Volumes/Data/University/PPMGR/Blender_Mat_Generator_PPMGR/Projects/textures
carraramarble_1_basecolor-2K.png,/Volumes/Data/University/PPMGR/Blender_Mat_Generator_PPMGR/Projects/textures/carraramarble_1_basecolor-2K.png,/Volumes/Data/University/PPMGR/Blender_Mat_Generator_PPMGR/Projects/textures
castle_wall_Base_Color.jpg,/Volumes/Data/University/PPMGR/Blender_Mat_Generator_PPMGR/Projects/textures/castle_wall_Base_Color.jpg,/Volumes/Data/University/PPMGR/Blender_Mat_Generator_PPMGR/Projects/textures
castle_wall_slates_diff_8k.jpg,/Volumes/Data/University/PPMGR/Blender_Mat_Generator_PPMGR/Projects/textures/castle_wall_slates_diff_8k.jpg,/Volumes/Data/University/PPMGR/Blender_Mat_Generator_PPMGR/Projects/textures
castle_wall_varriation_diff_8k.jpg,/Volumes/Data/University/PPMGR/Blender_Mat_Generator_PPMGR/Projects/textures/castle_wall_varriation_diff_8k.jpg,/Volumes/Data/University/PPMGR/Blender_Mat_Generator_PPMGR/Projects/textures
ceiling_interior_diff_8k.jpg,/Volumes/Data/University/PPMGR/Blender_Mat_Generator_PPMGR/Projects/textures/ceiling_interior_diff_8k.jpg,/Volumes/Data/University/PPMGR/Blender_Mat_Generator_PPMGR/Projects/textures
ceiling_panel_Base_Color.jpg,/Volumes/Data/University/PPMGR/Blender_Mat_Generator_PPMGR/Projects/textures/ceiling_panel_Base_Color.jpg,/Volumes/Data/University/PPMGR/Blender_Mat_Generator_PPMGR/Projects/textures
cement cover snows_BaseColor.jpg,/Volumes/Data/University/PPMGR/Blender_Mat_Generator_PPMGR/Projects/textures/cement cover snows_BaseColor.jpg,/Volumes/Data/University/PPMGR/Blender_Mat_Generator_PPMGR/Projects/textures
ceramic_10_basecolor-2K.png,/Volumes/Data/University/PPMGR/Blender_Mat_Generator_PPMGR/Projects/textures/ceramic_10_basecolor-2K.png,/Volumes/Data/University/PPMGR/Blender_Mat_Generator_PPMGR/Projects/textures
ceramic_12_basecolor-2K.png,/Volumes/Data/University/PPMGR/Blender_Mat_Generator_PPMGR/Projects/textures/ceramic_12_basecolor-2K.png,/Volumes/Data/University/PPMGR/Blender_Mat_Generator_PPMGR/Projects/textures
ceramic_13_basecolor-2K.png,/Volumes/Data/University/PPMGR/Blender_Mat_Generator_PPMGR/Projects/textures/ceramic_13_basecolor-2K.png,/Volumes/Data/University/PPMGR/Blender_Mat_Generator_PPMGR/Projects/textures
ceramic_14_basecolor-2K.png,/Volumes/Data/University/PPMGR/Blender_Mat_Generator_PPMGR/Projects/textures/ceramic_14_basecolor-2K.png,/Volumes/Data/University/PPMGR/Blender_Mat_Generator_PPMGR/Projects/textures
ceramic_15_basecolor-2K.png,/Volumes/Data/University/PPMGR/Blender_Mat_Generator_PPMGR/Projects/textures/ceramic_15_basecolor-2K.png,/Volumes/Data/University/PPMGR/Blender_Mat_Generator_PPMGR/Projects/textures
ceramic_16_basecolor-2K.png,/Volumes/Data/University/PPMGR/Blender_Mat_Generator_PPMGR/Projects/textures/ceramic_16_basecolor-2K.png,/Volumes/Data/University/PPMGR/Blender_Mat_Generator_PPMGR/Projects/textures
ceramic_18_basecolor-2K.png,/Volumes/Data/University/PPMGR/Blender_Mat_Generator_PPMGR/Projects/textures/ceramic_18_basecolor-2K.png,/Volumes/Data/University/PPMGR/Blender_Mat_Generator_PPMGR/Projects/textures
ceramic_1_basecolor-2K.png,/Volumes/Data/University/PPMGR/Blender_Mat_Generator_PPMGR/Projects/textures/ceramic_1_basecolor-2K.png,/Volumes/Data/University/PPMGR/Blender_Mat_Generator_PPMGR/Projects/textures
ceramic_22_basecolor-2K.png,/Volumes/Data/University/PPMGR/Blender_Mat_Generator_PPMGR/Projects/textures/ceramic_22_basecolor-2K.png,/Volumes/Data/University/PPMGR/Blender_Mat_Generator_PPMGR/Projects/textures
ceramic_23_basecolor-2K.png,/Volumes/Data/University/PPMGR/Blender_Mat_Generator_PPMGR/Projects/textures/ceramic_23_basecolor-2K.png,/Volumes/Data/University/PPMGR/Blender_Mat_Generator_PPMGR/Projects/textures
ceramic_24_basecolor-2K.png,/Volumes/Data/University/PPMGR/Blender_Mat_Generator_PPMGR/Projects/textures/ceramic_24_basecolor-2K.png,/Volumes/Data/University/PPMGR/Blender_Mat_Generator_PPMGR/Projects/textures
ceramic_25_basecolor-2K.png,/Volumes/Data/University/PPMGR/Blender_Mat_Generator_PPMGR/Projects/textures/ceramic_25_basecolor-2K.png,/Volumes/Data/University/PPMGR/Blender_Mat_Generator_PPMGR/Projects/textures
ceramic_26_basecolor-2K.png,/Volumes/Data/University/PPMGR/Blender_Mat_Generator_PPMGR/Projects/textures/ceramic_26_basecolor-2K.png,/Volumes/Data/University/PPMGR/Blender_Mat_Generator_PPMGR/Projects/textures
ceramic_27_basecolor-2K.png,/Volumes/Data/University/PPMGR/Blender_Mat_Generator_PPMGR/Projects/textures/ceramic_27_basecolor-2K.png,/Volumes/Data/University/PPMGR/Blender_Mat_Generator_PPMGR/Projects/textures
ceramic_28_basecolor-2K.png,/Volumes/Data/University/PPMGR/Blender_Mat_Generator_PPMGR/Projects/textures/ceramic_28_basecolor-2K.png,/Volumes/Data/University/PPMGR/Blender_Mat_Generator_PPMGR/Projects/textures
ceramic_29_basecolor-2K.png,/Volumes/Data/University/PPMGR/Blender_Mat_Generator_PPMGR/Projects/textures/ceramic_29_basecolor-2K.png,/Volumes/Data/University/PPMGR/Blender_Mat_Generator_PPMGR/Projects/textures
ceramic_2_basecolor-2K.png,/Volumes/Data/University/PPMGR/Blender_Mat_Generator_PPMGR/Projects/textures/ceramic_2_basecolor-2K.png,/Volumes/Data/University/PPMGR/Blender_Mat_Generator_PPMGR/Projects/textures
ceramic_30_basecolor-2K.png,/Volumes/Data/University/PPMGR/Blender_Mat_Generator_PPMGR/Projects/textures/ceramic_30_basecolor-2K.png,/Volumes/Data/University/PPMGR/Blender_Mat_Generator_PPMGR/Projects/textures
ceramic_31_basecolor-2K.png,/Volumes/Data/University/PPMGR/Blender_Mat_Generator_PPMGR/Projects/textures/ceramic_31_basecolor-2K.png,/Volumes/Data/University/PPMGR/Blender_Mat_Generator_PPMGR/Projects/textures
ceramic_32_basecolor-2K.png,/Volumes/Data/University/PPMGR/Blender_Mat_Generator_PPMGR/Projects/textures/ceramic_32_basecolor-2K.png,/Volumes/Data/University/PPMGR/Blender_Mat_Generator_PPMGR/Projects/textures
ceramic_33_basecolor-2K.png,/Volumes/Data/University/PPMGR/Blender_Mat_Generator_PPMGR/Projects/textures/ceramic_33_basecolor-2K.png,/Volumes/Data/University/PPMGR/Blender_Mat_Generator_PPMGR/Projects/textures
ceramic_34_basecolor-2K.png,/Volumes/Data/University/PPMGR/Blender_Mat_Generator_PPMGR/Projects/textures/ceramic_34_basecolor-2K.png,/Volumes/Data/University/PPMGR/Blender_Mat_Generator_PPMGR/Projects/textures
ceramic_35_basecolor-2K.png,/Volumes/Data/University/PPMGR/Blender_Mat_Generator_PPMGR/Projects/textures/ceramic_35_basecolor-2K.png,/Volumes/Data/University/PPMGR/Blender_Mat_Generator_PPMGR/Projects/textures
ceramic_36_basecolor-2K.png,/Volumes/Data/University/PPMGR/Blender_Mat_Generator_PPMGR/Projects/textures/ceramic_36_basecolor-2K.png,/Volumes/Data/University/PPMGR/Blender_Mat_Generator_PPMGR/Projects/textures
ceramic_37_basecolor-2K.png,/Volumes/Data/University/PPMGR/Blender_Mat_Generator_PPMGR/Projects/textures/ceramic_37_basecolor-2K.png,/Volumes/Data/University/PPMGR/Blender_Mat_Generator_PPMGR/Projects/textures
ceramic_38_basecolor-2K.png,/Volumes/Data/University/PPMGR/Blender_Mat_Generator_PPMGR/Projects/textures/ceramic_38_basecolor-2K.png,/Volumes/Data/University/PPMGR/Blender_Mat_Generator_PPMGR/Projects/textures
ceramic_39_basecolor-2K.png,/Volumes/Data/University/PPMGR/Blender_Mat_Generator_PPMGR/Projects/textures/ceramic_39_basecolor-2K.png,/Volumes/Data/University/PPMGR/Blender_Mat_Generator_PPMGR/Projects/textures
ceramic_3_basecolor-2K.png,/Volumes/Data/University/PPMGR/Blender_Mat_Generator_PPMGR/Projects/textures/ceramic_3_basecolor-2K.png,/Volumes/Data/University/PPMGR/Blender_Mat_Generator_PPMGR/Projects/textures
ceramic_40_basecolor-2K.png,/Volumes/Data/University/PPMGR/Blender_Mat_Generator_PPMGR/Projects/textures/ceramic_40_basecolor-2K.png,/Volumes/Data/University/PPMGR/Blender_Mat_Generator_PPMGR/Projects/textures
ceramic_46_basecolor-2K.png,/Volumes/Data/University/PPMGR/Blender_Mat_Generator_PPMGR/Projects/textures/ceramic_46_basecolor-2K.png,/Volumes/Data/University/PPMGR/Blender_Mat_Generator_PPMGR/Projects/textures
ceramic_49_basecolor-2K.png,/Volumes/Data/University/PPMGR/Blender_Mat_Generator_PPMGR/Projects/textures/ceramic_49_basecolor-2K.png,/Volumes/Data/University/PPMGR/Blender_Mat_Generator_PPMGR/Projects/textures
ceramic_4_basecolor-2K.png,/Volumes/Data/University/PPMGR/Blender_Mat_Generator_PPMGR/Projects/textures/ceramic_4_basecolor-2K.png,/Volumes/Data/University/PPMGR/Blender_Mat_Generator_PPMGR/Projects/textures
ceramic_53_basecolor-2K.png,/Volumes/Data/University/PPMGR/Blender_Mat_Generator_PPMGR/Projects/textures/ceramic_53_basecolor-2K.png,/Volumes/Data/University/PPMGR/Blender_Mat_Generator_PPMGR/Projects/textures
ceramic_54_basecolor-2K.png,/Volumes/Data/University/PPMGR/Blender_Mat_Generator_PPMGR/Projects/textures/ceramic_54_basecolor-2K.png,/Volumes/Data/University/PPMGR/Blender_Mat_Generator_PPMGR/Projects/textures
ceramic_56_basecolor-2K.png,/Volumes/Data/University/PPMGR/Blender_Mat_Generator_PPMGR/Projects/textures/ceramic_56_basecolor-2K.png,/Volumes/Data/University/PPMGR/Blender_Mat_Generator_PPMGR/Projects/textures
ceramic_5_basecolor-2K.png,/Volumes/Data/University/PPMGR/Blender_Mat_Generator_PPMGR/Projects/textures/ceramic_5_basecolor-2K.png,/Volumes/Data/University/PPMGR/Blender_Mat_Generator_PPMGR/Projects/textures
ceramic_6_basecolor-2K.png,/Volumes/Data/University/PPMGR/Blender_Mat_Generator_PPMGR/Projects/textures/ceramic_6_basecolor-2K.png,/Volumes/Data/University/PPMGR/Blender_Mat_Generator_PPMGR/Projects/textures
ceramic_7_basecolor-2K.png,/Volumes/Data/University/PPMGR/Blender_Mat_Generator_PPMGR/Projects/textures/ceramic_7_basecolor-2K.png,/Volumes/Data/University/PPMGR/Blender_Mat_Generator_PPMGR/Projects/textures
ceramic_8_basecolor-2K.png,/Volumes/Data/University/PPMGR/Blender_Mat_Generator_PPMGR/Projects/textures/ceramic_8_basecolor-2K.png,/Volumes/Data/University/PPMGR/Blender_Mat_Generator_PPMGR/Projects/textures
ceramic_9_basecolor-2K.png,/Volumes/Data/University/PPMGR/Blender_Mat_Generator_PPMGR/Projects/textures/ceramic_9_basecolor-2K.png,/Volumes/Data/University/PPMGR/Blender_Mat_Generator_PPMGR/Projects/textures
cerejeira_basecolor.jpg,/Volumes/Data/University/PPMGR/Blender_Mat_Generator_PPMGR/Projects/textures/cerejeira_basecolor.jpg,/Volumes/Data/University/PPMGR/Blender_Mat_Generator_PPMGR/Projects/textures
cerejeira_basecolor.jpg.png,/Volumes/Data/University/PPMGR/Blender_Mat_Generator_PPMGR/Projects/textures/cerejeira_basecolor.jpg.png,/Volumes/Data/University/PPMGR/Blender_Mat_Generator_PPMGR/Projects/textures
chain bridge-diffuse.jpg,/Volumes/Data/University/PPMGR/Blender_Mat_Generator_PPMGR/Projects/textures/chain bridge-diffuse.jpg,/Volumes/Data/University/PPMGR/Blender_Mat_Generator_PPMGR/Projects/textures
chalkboard_COLOR.jpg,/Volumes/Data/University/PPMGR/Blender_Mat_Generator_PPMGR/Projects/textures/chalkboard_COLOR.jpg,/Volumes/Data/University/PPMGR/Blender_Mat_Generator_PPMGR/Projects/textures
checker flower fabric_diffuseOriginal.jpg,/Volumes/Data/University/PPMGR/Blender_Mat_Generator_PPMGR/Projects/textures/checker flower fabric_diffuseOriginal.jpg,/Volumes/Data/University/PPMGR/Blender_Mat_Generator_PPMGR/Projects/textures
checker_marble_golden_grout_Base_Color.jpg,/Volumes/Data/University/PPMGR/Blender_Mat_Generator_PPMGR/Projects/textures/checker_marble_golden_grout_Base_Color.jpg,/Volumes/Data/University/PPMGR/Blender_Mat_Generator_PPMGR/Projects/textures
checker_old_resturant_style_tiles_Base_Color.jpg,/Volumes/Data/University/PPMGR/Blender_Mat_Generator_PPMGR/Projects/textures/checker_old_resturant_style_tiles_Base_Color.jpg,/Volumes/Data/University/PPMGR/Blender_Mat_Generator_PPMGR/Projects/textures
cheese_Base_Color.jpg,/Volumes/Data/University/PPMGR/Blender_Mat_Generator_PPMGR/Projects/textures/cheese_Base_Color.jpg,/Volumes/Data/University/PPMGR/Blender_Mat_Generator_PPMGR/Projects/textures
cherryOrchards_COLOR.jpg,/Volumes/Data/University/PPMGR/Blender_Mat_Generator_PPMGR/Projects/textures/cherryOrchards_COLOR.jpg,/Volumes/Data/University/PPMGR/Blender_Mat_Generator_PPMGR/Projects/textures
chesker tiles_BaseColor.jpg,/Volumes/Data/University/PPMGR/Blender_Mat_Generator_PPMGR/Projects/textures/chesker tiles_BaseColor.jpg,/Volumes/Data/University/PPMGR/Blender_Mat_Generator_PPMGR/Projects/textures
chevron_BaseColor.jpg,/Volumes/Data/University/PPMGR/Blender_Mat_Generator_PPMGR/Projects/textures/chevron_BaseColor.jpg,/Volumes/Data/University/PPMGR/Blender_Mat_Generator_PPMGR/Projects/textures
chineseMahogany_COLOR.jpg,/Volumes/Data/University/PPMGR/Blender_Mat_Generator_PPMGR/Projects/textures/chineseMahogany_COLOR.jpg,/Volumes/Data/University/PPMGR/Blender_Mat_Generator_PPMGR/Projects/textures
chineseMahogany_COLOR.jpg.png,/Volumes/Data/University/PPMGR/Blender_Mat_Generator_PPMGR/Projects/textures/chineseMahogany_COLOR.jpg.png,/Volumes/Data/University/PPMGR/Blender_Mat_Generator_PPMGR/Projects/textures
chipboard-edge-diffuse.jpg,/Volumes/Data/University/PPMGR/Blender_Mat_Generator_PPMGR/Projects/textures/chipboard-edge-diffuse.jpg,/Volumes/Data/University/PPMGR/Blender_Mat_Generator_PPMGR/Projects/textures
chipboard-edge-diffuse.jpg.png,/Volumes/Data/University/PPMGR/Blender_Mat_Generator_PPMGR/Projects/textures/chipboard-edge-diffuse.jpg.png,/Volumes/Data/University/PPMGR/Blender_Mat_Generator_PPMGR/Projects/textures
chipped_paint_Base_Color.jpg,/Volumes/Data/University/PPMGR/Blender_Mat_Generator_PPMGR/Projects/textures/chipped_paint_Base_Color.jpg,/Volumes/Data/University/PPMGR/Blender_Mat_Generator_PPMGR/Projects/textures
chiseledWood_COLOR.jpg,/Volumes/Data/University/PPMGR/Blender_Mat_Generator_PPMGR/Projects/textures/chiseledWood_COLOR.jpg,/Volumes/Data/University/PPMGR/Blender_Mat_Generator_PPMGR/Projects/textures
chiseledWood_COLOR.jpg.png,/Volumes/Data/University/PPMGR/Blender_Mat_Generator_PPMGR/Projects/textures/chiseledWood_COLOR.jpg.png,/Volumes/Data/University/PPMGR/Blender_Mat_Generator_PPMGR/Projects/textures
chocolateSpread_COLOR.jpg,/Volumes/Data/University/PPMGR/Blender_Mat_Generator_PPMGR/Projects/textures/chocolateSpread_COLOR.jpg,/Volumes/Data/University/PPMGR/Blender_Mat_Generator_PPMGR/Projects/textures
chokolate_basecolor.jpg,/Volumes/Data/University/PPMGR/Blender_Mat_Generator_PPMGR/Projects/textures/chokolate_basecolor.jpg,/Volumes/Data/University/PPMGR/Blender_Mat_Generator_PPMGR/Projects/textures
circle mat_Diffuse.jpg,/Volumes/Data/University/PPMGR/Blender_Mat_Generator_PPMGR/Projects/textures/circle mat_Diffuse.jpg,/Volumes/Data/University/PPMGR/Blender_Mat_Generator_PPMGR/Projects/textures
circle_cobbelstone_paving_Base_Color.jpg,/Volumes/Data/University/PPMGR/Blender_Mat_Generator_PPMGR/Projects/textures/circle_cobbelstone_paving_Base_Color.jpg,/Volumes/Data/University/PPMGR/Blender_Mat_Generator_PPMGR/Projects/textures
circuitBoard_COLOR.jpg,/Volumes/Data/University/PPMGR/Blender_Mat_Generator_PPMGR/Projects/textures/circuitBoard_COLOR.jpg,/Volumes/Data/University/PPMGR/Blender_Mat_Generator_PPMGR/Projects/textures
cladding_rocks_Base_Color.jpg,/Volumes/Data/University/PPMGR/Blender_Mat_Generator_PPMGR/Projects/textures/cladding_rocks_Base_Color.jpg,/Volumes/Data/University/PPMGR/Blender_Mat_Generator_PPMGR/Projects/textures
cladding_stone_brown_Base_Color.jpg,/Volumes/Data/University/PPMGR/Blender_Mat_Generator_PPMGR/Projects/textures/cladding_stone_brown_Base_Color.jpg,/Volumes/Data/University/PPMGR/Blender_Mat_Generator_PPMGR/Projects/textures
classic_range__tune_tiles_Base_Color.jpg,/Volumes/Data/University/PPMGR/Blender_Mat_Generator_PPMGR/Projects/textures/classic_range__tune_tiles_Base_Color.jpg,/Volumes/Data/University/PPMGR/Blender_Mat_Generator_PPMGR/Projects/textures
clay_floor_001_diff_16k.jpg,/Volumes/Data/University/PPMGR/Blender_Mat_Generator_PPMGR/Projects/textures/clay_floor_001_diff_16k.jpg,/Volumes/Data/University/PPMGR/Blender_Mat_Generator_PPMGR/Projects/textures
clean_brown_paving_tiles_Base_Color.jpg,/Volumes/Data/University/PPMGR/Blender_Mat_Generator_PPMGR/Projects/textures/clean_brown_paving_tiles_Base_Color.jpg,/Volumes/Data/University/PPMGR/Blender_Mat_Generator_PPMGR/Projects/textures
clean_pebbles_diff_8k.jpg,/Volumes/Data/University/PPMGR/Blender_Mat_Generator_PPMGR/Projects/textures/clean_pebbles_diff_8k.jpg,/Volumes/Data/University/PPMGR/Blender_Mat_Generator_PPMGR/Projects/textures
cliff01_BaseColor.jpg,/Volumes/Data/University/PPMGR/Blender_Mat_Generator_PPMGR/Projects/textures/cliff01_BaseColor.jpg,/Volumes/Data/University/PPMGR/Blender_Mat_Generator_PPMGR/Projects/textures
cliff02_BaseColor.jpg,/Volumes/Data/University/PPMGR/Blender_Mat_Generator_PPMGR/Projects/textures/cliff02_BaseColor.jpg,/Volumes/Data/University/PPMGR/Blender_Mat_Generator_PPMGR/Projects/textures
clipart-design-fire-15.png,/Volumes/Data/University/PPMGR/Blender_Mat_Generator_PPMGR/Projects/textures/clipart-design-fire-15.png,/Volumes/Data/University/PPMGR/Blender_Mat_Generator_PPMGR/Projects/textures
clipart-flames-fire-wallpaper-2.jpg,/Volumes/Data/University/PPMGR/Blender_Mat_Generator_PPMGR/Projects/textures/clipart-flames-fire-wallpaper-2.jpg,/Volumes/Data/University/PPMGR/Blender_Mat_Generator_PPMGR/Projects/textures
clipart-flames-fire-wallpaper-2000.jpg,/Volumes/Data/University/PPMGR/Blender_Mat_Generator_PPMGR/Projects/textures/clipart-flames-fire-wallpaper-2000.jpg,/Volumes/Data/University/PPMGR/Blender_Mat_Generator_PPMGR/Projects/textures
cloth_COLOR.jpg,/Volumes/Data/University/PPMGR/Blender_Mat_Generator_PPMGR/Projects/textures/cloth_COLOR.jpg,/Volumes/Data/University/PPMGR/Blender_Mat_Generator_PPMGR/Projects/textures
cloth_NRM.jpg,/Volumes/Data/University/PPMGR/Blender_Mat_Generator_PPMGR/Projects/textures/cloth_NRM.jpg,/Volumes/Data/University/PPMGR/Blender_Mat_Generator_PPMGR/Projects/textures
coal_color.jpg,/Volumes/Data/University/PPMGR/Blender_Mat_Generator_PPMGR/Projects/textures/coal_color.jpg,/Volumes/Data/University/PPMGR/Blender_Mat_Generator_PPMGR/Projects/textures
coast_land_rocks_01_diff_8k.jpg,/Volumes/Data/University/PPMGR/Blender_Mat_Generator_PPMGR/Projects/textures/coast_land_rocks_01_diff_8k.jpg,/Volumes/Data/University/PPMGR/Blender_Mat_Generator_PPMGR/Projects/textures
coast_sand_rocks_02_diff_8k.jpg,/Volumes/Data/University/PPMGR/Blender_Mat_Generator_PPMGR/Projects/textures/coast_sand_rocks_02_diff_8k.jpg,/Volumes/Data/University/PPMGR/Blender_Mat_Generator_PPMGR/Projects/textures
cobbelstone_stylized_Base_Color.jpg,/Volumes/Data/University/PPMGR/Blender_Mat_Generator_PPMGR/Projects/textures/cobbelstone_stylized_Base_Color.jpg,/Volumes/Data/University/PPMGR/Blender_Mat_Generator_PPMGR/Projects/textures
cobble-5-diffuse.jpg,/Volumes/Data/University/PPMGR/Blender_Mat_Generator_PPMGR/Projects/textures/cobble-5-diffuse.jpg,/Volumes/Data/University/PPMGR/Blender_Mat_Generator_PPMGR/Projects/textures
cobbles-1-diffuse.jpg,/Volumes/Data/University/PPMGR/Blender_Mat_Generator_PPMGR/Projects/textures/cobbles-1-diffuse.jpg,/Volumes/Data/University/PPMGR/Blender_Mat_Generator_PPMGR/Projects/textures
cobbles-10_diffuse.jpg,/Volumes/Data/University/PPMGR/Blender_Mat_Generator_PPMGR/Projects/textures/cobbles-10_diffuse.jpg,/Volumes/Data/University/PPMGR/Blender_Mat_Generator_PPMGR/Projects/textures
cobbles-11_diffuse.jpg,/Volumes/Data/University/PPMGR/Blender_Mat_Generator_PPMGR/Projects/textures/cobbles-11_diffuse.jpg,/Volumes/Data/University/PPMGR/Blender_Mat_Generator_PPMGR/Projects/textures
cobbles-12_diffuse.jpg,/Volumes/Data/University/PPMGR/Blender_Mat_Generator_PPMGR/Projects/textures/cobbles-12_diffuse.jpg,/Volumes/Data/University/PPMGR/Blender_Mat_Generator_PPMGR/Projects/textures
cobbles-13_diffuse.jpg,/Volumes/Data/University/PPMGR/Blender_Mat_Generator_PPMGR/Projects/textures/cobbles-13_diffuse.jpg,/Volumes/Data/University/PPMGR/Blender_Mat_Generator_PPMGR/Projects/textures
cobbles-14_diffuse.jpg,/Volumes/Data/University/PPMGR/Blender_Mat_Generator_PPMGR/Projects/textures/cobbles-14_diffuse.jpg,/Volumes/Data/University/PPMGR/Blender_Mat_Generator_PPMGR/Projects/textures
cobbles-15_diffuse.jpg,/Volumes/Data/University/PPMGR/Blender_Mat_Generator_PPMGR/Projects/textures/cobbles-15_diffuse.jpg,/Volumes/Data/University/PPMGR/Blender_Mat_Generator_PPMGR/Projects/textures
cobbles-16_diffuse.jpg,/Volumes/Data/University/PPMGR/Blender_Mat_Generator_PPMGR/Projects/textures/cobbles-16_diffuse.jpg,/Volumes/Data/University/PPMGR/Blender_Mat_Generator_PPMGR/Projects/textures
cobbles-17_diffuse.jpg,/Volumes/Data/University/PPMGR/Blender_Mat_Generator_PPMGR/Projects/textures/cobbles-17_diffuse.jpg,/Volumes/Data/University/PPMGR/Blender_Mat_Generator_PPMGR/Projects/textures
cobbles-1_diffuse.jpg,/Volumes/Data/University/PPMGR/Blender_Mat_Generator_PPMGR/Projects/textures/cobbles-1_diffuse.jpg,/Volumes/Data/University/PPMGR/Blender_Mat_Generator_PPMGR/Projects/textures
cobbles-3-diffuse.jpg,/Volumes/Data/University/PPMGR/Blender_Mat_Generator_PPMGR/Projects/textures/cobbles-3-diffuse.jpg,/Volumes/Data/University/PPMGR/Blender_Mat_Generator_PPMGR/Projects/textures
cobbles-4-diffuse.jpg,/Volumes/Data/University/PPMGR/Blender_Mat_Generator_PPMGR/Projects/textures/cobbles-4-diffuse.jpg,/Volumes/Data/University/PPMGR/Blender_Mat_Generator_PPMGR/Projects/textures
cobbles-5_diffuse.jpg,/Volumes/Data/University/PPMGR/Blender_Mat_Generator_PPMGR/Projects/textures/cobbles-5_diffuse.jpg,/Volumes/Data/University/PPMGR/Blender_Mat_Generator_PPMGR/Projects/textures
cobbles-6-diffuse.jpg,/Volumes/Data/University/PPMGR/Blender_Mat_Generator_PPMGR/Projects/textures/cobbles-6-diffuse.jpg,/Volumes/Data/University/PPMGR/Blender_Mat_Generator_PPMGR/Projects/textures
cobbles-6_diffuse.jpg,/Volumes/Data/University/PPMGR/Blender_Mat_Generator_PPMGR/Projects/textures/cobbles-6_diffuse.jpg,/Volumes/Data/University/PPMGR/Blender_Mat_Generator_PPMGR/Projects/textures
cobbles-7_diffuse.jpg,/Volumes/Data/University/PPMGR/Blender_Mat_Generator_PPMGR/Projects/textures/cobbles-7_diffuse.jpg,/Volumes/Data/University/PPMGR/Blender_Mat_Generator_PPMGR/Projects/textures
cobbles-8_diffuse.jpg,/Volumes/Data/University/PPMGR/Blender_Mat_Generator_PPMGR/Projects/textures/cobbles-8_diffuse.jpg,/Volumes/Data/University/PPMGR/Blender_Mat_Generator_PPMGR/Projects/textures
cobbles-9_diffuse.jpg,/Volumes/Data/University/PPMGR/Blender_Mat_Generator_PPMGR/Projects/textures/cobbles-9_diffuse.jpg,/Volumes/Data/University/PPMGR/Blender_Mat_Generator_PPMGR/Projects/textures
cobblestone_01_diff_8k.jpg,/Volumes/Data/University/PPMGR/Blender_Mat_Generator_PPMGR/Projects/textures/cobblestone_01_diff_8k.jpg,/Volumes/Data/University/PPMGR/Blender_Mat_Generator_PPMGR/Projects/textures
cobblestone_02_diff_16k.jpg,/Volumes/Data/University/PPMGR/Blender_Mat_Generator_PPMGR/Projects/textures/cobblestone_02_diff_16k.jpg,/Volumes/Data/University/PPMGR/Blender_Mat_Generator_PPMGR/Projects/textures
cobblestone_05_diff_8k.jpg,/Volumes/Data/University/PPMGR/Blender_Mat_Generator_PPMGR/Projects/textures/cobblestone_05_diff_8k.jpg,/Volumes/Data/University/PPMGR/Blender_Mat_Generator_PPMGR/Projects/textures
cobblestone_color_diff_8k.jpg,/Volumes/Data/University/PPMGR/Blender_Mat_Generator_PPMGR/Projects/textures/cobblestone_color_diff_8k.jpg,/Volumes/Data/University/PPMGR/Blender_Mat_Generator_PPMGR/Projects/textures
cobblestone_floor_001_diff_8k.jpg,/Volumes/Data/University/PPMGR/Blender_Mat_Generator_PPMGR/Projects/textures/cobblestone_floor_001_diff_8k.jpg,/Volumes/Data/University/PPMGR/Blender_Mat_Generator_PPMGR/Projects/textures
cobblestone_floor_02_diff_8k.jpg,/Volumes/Data/University/PPMGR/Blender_Mat_Generator_PPMGR/Projects/textures/cobblestone_floor_02_diff_8k.jpg,/Volumes/Data/University/PPMGR/Blender_Mat_Generator_PPMGR/Projects/textures
cobblestone_floor_03_diff_8k.jpg,/Volumes/Data/University/PPMGR/Blender_Mat_Generator_PPMGR/Projects/textures/cobblestone_floor_03_diff_8k.jpg,/Volumes/Data/University/PPMGR/Blender_Mat_Generator_PPMGR/Projects/textures
cobblestone_floor_04_diff_8k.jpg,/Volumes/Data/University/PPMGR/Blender_Mat_Generator_PPMGR/Projects/textures/cobblestone_floor_04_diff_8k.jpg,/Volumes/Data/University/PPMGR/Blender_Mat_Generator_PPMGR/Projects/textures
cobblestone_floor_05_diff_8k.jpg,/Volumes/Data/University/PPMGR/Blender_Mat_Generator_PPMGR/Projects/textures/cobblestone_floor_05_diff_8k.jpg,/Volumes/Data/University/PPMGR/Blender_Mat_Generator_PPMGR/Projects/textures
cobblestone_floor_07_diff_8k.jpg,/Volumes/Data/University/PPMGR/Blender_Mat_Generator_PPMGR/Projects/textures/cobblestone_floor_07_diff_8k.jpg,/Volumes/Data/University/PPMGR/Blender_Mat_Generator_PPMGR/Projects/textures
cobblestone_floor_08_diff_8k.jpg,/Volumes/Data/University/PPMGR/Blender_Mat_Generator_PPMGR/Projects/textures/cobblestone_floor_08_diff_8k.jpg,/Volumes/Data/University/PPMGR/Blender_Mat_Generator_PPMGR/Projects/textures
cobblestone_floor_13_diff_8k.jpg,/Volumes/Data/University/PPMGR/Blender_Mat_Generator_PPMGR/Projects/textures/cobblestone_floor_13_diff_8k.jpg,/Volumes/Data/University/PPMGR/Blender_Mat_Generator_PPMGR/Projects/textures
cobblestone_large_01_diff_8k.jpg,/Volumes/Data/University/PPMGR/Blender_Mat_Generator_PPMGR/Projects/textures/cobblestone_large_01_diff_8k.jpg,/Volumes/Data/University/PPMGR/Blender_Mat_Generator_PPMGR/Projects/textures
cobblestone_square_diff_8k.jpg,/Volumes/Data/University/PPMGR/Blender_Mat_Generator_PPMGR/Projects/textures/cobblestone_square_diff_8k.jpg,/Volumes/Data/University/PPMGR/Blender_Mat_Generator_PPMGR/Projects/textures
color map.jpg,/Volumes/Data/University/PPMGR/Blender_Mat_Generator_PPMGR/Projects/textures/color map.jpg,/Volumes/Data/University/PPMGR/Blender_Mat_Generator_PPMGR/Projects/textures
color10.jpg,/Volumes/Data/University/PPMGR/Blender_Mat_Generator_PPMGR/Projects/textures/color10.jpg,/Volumes/Data/University/PPMGR/Blender_Mat_Generator_PPMGR/Projects/textures
color2.jpg,/Volumes/Data/University/PPMGR/Blender_Mat_Generator_PPMGR/Projects/textures/color2.jpg,/Volumes/Data/University/PPMGR/Blender_Mat_Generator_PPMGR/Projects/textures
color4.jpg,/Volumes/Data/University/PPMGR/Blender_Mat_Generator_PPMGR/Projects/textures/color4.jpg,/Volumes/Data/University/PPMGR/Blender_Mat_Generator_PPMGR/Projects/textures
color5.jpg,/Volumes/Data/University/PPMGR/Blender_Mat_Generator_PPMGR/Projects/textures/color5.jpg,/Volumes/Data/University/PPMGR/Blender_Mat_Generator_PPMGR/Projects/textures
color6.jpg,/Volumes/Data/University/PPMGR/Blender_Mat_Generator_PPMGR/Projects/textures/color6.jpg,/Volumes/Data/University/PPMGR/Blender_Mat_Generator_PPMGR/Projects/textures
color7.jpg,/Volumes/Data/University/PPMGR/Blender_Mat_Generator_PPMGR/Projects/textures/color7.jpg,/Volumes/Data/University/PPMGR/Blender_Mat_Generator_PPMGR/Projects/textures
color9.jpg,/Volumes/Data/University/PPMGR/Blender_Mat_Generator_PPMGR/Projects/textures/color9.jpg,/Volumes/Data/University/PPMGR/Blender_Mat_Generator_PPMGR/Projects/textures
color_map.jpg,/Volumes/Data/University/PPMGR/Blender_Mat_Generator_PPMGR/Projects/textures/color_map.jpg,/Volumes/Data/University/PPMGR/Blender_Mat_Generator_PPMGR/Projects/textures
colorful__Retro_Tiles_Base_Color.jpg,/Volumes/Data/University/PPMGR/Blender_Mat_Generator_PPMGR/Projects/textures/colorful__Retro_Tiles_Base_Color.jpg,/Volumes/Data/University/PPMGR/Blender_Mat_Generator_PPMGR/Projects/textures
colork.jpg,/Volumes/Data/University/PPMGR/Blender_Mat_Generator_PPMGR/Projects/textures/colork.jpg,/Volumes/Data/University/PPMGR/Blender_Mat_Generator_PPMGR/Projects/textures
colour full tiles hexa 2_BaseColor.jpg,/Volumes/Data/University/PPMGR/Blender_Mat_Generator_PPMGR/Projects/textures/colour full tiles hexa 2_BaseColor.jpg,/Volumes/Data/University/PPMGR/Blender_Mat_Generator_PPMGR/Projects/textures
colour full tiles hexa_BaseColor.jpg,/Volumes/Data/University/PPMGR/Blender_Mat_Generator_PPMGR/Projects/textures/colour full tiles hexa_BaseColor.jpg,/Volumes/Data/University/PPMGR/Blender_Mat_Generator_PPMGR/Projects/textures
colour full tiles pink_BaseColor.jpg,/Volumes/Data/University/PPMGR/Blender_Mat_Generator_PPMGR/Projects/textures/colour full tiles pink_BaseColor.jpg,/Volumes/Data/University/PPMGR/Blender_Mat_Generator_PPMGR/Projects/textures
colour full tiles_BaseColor.jpg,/Volumes/Data/University/PPMGR/Blender_Mat_Generator_PPMGR/Projects/textures/colour full tiles_BaseColor.jpg,/Volumes/Data/University/PPMGR/Blender_Mat_Generator_PPMGR/Projects/textures
commonGround_COLOR.jpg,/Volumes/Data/University/PPMGR/Blender_Mat_Generator_PPMGR/Projects/textures/commonGround_COLOR.jpg,/Volumes/Data/University/PPMGR/Blender_Mat_Generator_PPMGR/Projects/textures
concerete_blocks_with_excessive_mortar_Base_Color.jpg,/Volumes/Data/University/PPMGR/Blender_Mat_Generator_PPMGR/Projects/textures/concerete_blocks_with_excessive_mortar_Base_Color.jpg,/Volumes/Data/University/PPMGR/Blender_Mat_Generator_PPMGR/Projects/textures
concerete_industrial_floor_tiles_Base_Color.jpg,/Volumes/Data/University/PPMGR/Blender_Mat_Generator_PPMGR/Projects/textures/concerete_industrial_floor_tiles_Base_Color.jpg,/Volumes/Data/University/PPMGR/Blender_Mat_Generator_PPMGR/Projects/textures
concerete_scratched_tiles_Base_Color.jpg,/Volumes/Data/University/PPMGR/Blender_Mat_Generator_PPMGR/Projects/textures/concerete_scratched_tiles_Base_Color.jpg,/Volumes/Data/University/PPMGR/Blender_Mat_Generator_PPMGR/Projects/textures
concerete_tile_block_with_hole_Base_Color.jpg,/Volumes/Data/University/PPMGR/Blender_Mat_Generator_PPMGR/Projects/textures/concerete_tile_block_with_hole_Base_Color.jpg,/Volumes/Data/University/PPMGR/Blender_Mat_Generator_PPMGR/Projects/textures
concreete_2_basecolor.jpg,/Volumes/Data/University/PPMGR/Blender_Mat_Generator_PPMGR/Projects/textures/concreete_2_basecolor.jpg,/Volumes/Data/University/PPMGR/Blender_Mat_Generator_PPMGR/Projects/textures
concrete-4_diffuse.jpg,/Volumes/Data/University/PPMGR/Blender_Mat_Generator_PPMGR/Projects/textures/concrete-4_diffuse.jpg,/Volumes/Data/University/PPMGR/Blender_Mat_Generator_PPMGR/Projects/textures
concrete-5_diffuse.jpg,/Volumes/Data/University/PPMGR/Blender_Mat_Generator_PPMGR/Projects/textures/concrete-5_diffuse.jpg,/Volumes/Data/University/PPMGR/Blender_Mat_Generator_PPMGR/Projects/textures
concrete-6_diffuse.jpg,/Volumes/Data/University/PPMGR/Blender_Mat_Generator_PPMGR/Projects/textures/concrete-6_diffuse.jpg,/Volumes/Data/University/PPMGR/Blender_Mat_Generator_PPMGR/Projects/textures
concrete-7_diffuse.jpg,/Volumes/Data/University/PPMGR/Blender_Mat_Generator_PPMGR/Projects/textures/concrete-7_diffuse.jpg,/Volumes/Data/University/PPMGR/Blender_Mat_Generator_PPMGR/Projects/textures
concrete_52_basecolor-2K.png,/Volumes/Data/University/PPMGR/Blender_Mat_Generator_PPMGR/Projects/textures/concrete_52_basecolor-2K.png,/Volumes/Data/University/PPMGR/Blender_Mat_Generator_PPMGR/Projects/textures
concrete_53_basecolor-2K.png,/Volumes/Data/University/PPMGR/Blender_Mat_Generator_PPMGR/Projects/textures/concrete_53_basecolor-2K.png,/Volumes/Data/University/PPMGR/Blender_Mat_Generator_PPMGR/Projects/textures
concrete_54_basecolor-2K.png,/Volumes/Data/University/PPMGR/Blender_Mat_Generator_PPMGR/Projects/textures/concrete_54_basecolor-2K.png,/Volumes/Data/University/PPMGR/Blender_Mat_Generator_PPMGR/Projects/textures
concrete_55_basecolor-2K.png,/Volumes/Data/University/PPMGR/Blender_Mat_Generator_PPMGR/Projects/textures/concrete_55_basecolor-2K.png,/Volumes/Data/University/PPMGR/Blender_Mat_Generator_PPMGR/Projects/textures
concrete_56_basecolor-2K.png,/Volumes/Data/University/PPMGR/Blender_Mat_Generator_PPMGR/Projects/textures/concrete_56_basecolor-2K.png,/Volumes/Data/University/PPMGR/Blender_Mat_Generator_PPMGR/Projects/textures
concrete_57_basecolor-2K.png,/Volumes/Data/University/PPMGR/Blender_Mat_Generator_PPMGR/Projects/textures/concrete_57_basecolor-2K.png,/Volumes/Data/University/PPMGR/Blender_Mat_Generator_PPMGR/Projects/textures
concrete_Diffuse.jpg,/Volumes/Data/University/PPMGR/Blender_Mat_Generator_PPMGR/Projects/textures/concrete_Diffuse.jpg,/Volumes/Data/University/PPMGR/Blender_Mat_Generator_PPMGR/Projects/textures
concrete_debris_diff_8k.jpg,/Volumes/Data/University/PPMGR/Blender_Mat_Generator_PPMGR/Projects/textures/concrete_debris_diff_8k.jpg,/Volumes/Data/University/PPMGR/Blender_Mat_Generator_PPMGR/Projects/textures
concrete_diff_8k.jpg,/Volumes/Data/University/PPMGR/Blender_Mat_Generator_PPMGR/Projects/textures/concrete_diff_8k.jpg,/Volumes/Data/University/PPMGR/Blender_Mat_Generator_PPMGR/Projects/textures
concrete_floor_01_diff_8k.jpg,/Volumes/Data/University/PPMGR/Blender_Mat_Generator_PPMGR/Projects/textures/concrete_floor_01_diff_8k.jpg,/Volumes/Data/University/PPMGR/Blender_Mat_Generator_PPMGR/Projects/textures
concrete_floor_02_diff_8k.jpg,/Volumes/Data/University/PPMGR/Blender_Mat_Generator_PPMGR/Projects/textures/concrete_floor_02_diff_8k.jpg,/Volumes/Data/University/PPMGR/Blender_Mat_Generator_PPMGR/Projects/textures
concrete_floor_03_diff_16k.jpg,/Volumes/Data/University/PPMGR/Blender_Mat_Generator_PPMGR/Projects/textures/concrete_floor_03_diff_16k.jpg,/Volumes/Data/University/PPMGR/Blender_Mat_Generator_PPMGR/Projects/textures
concrete_floor_painted_diff_8k.jpg,/Volumes/Data/University/PPMGR/Blender_Mat_Generator_PPMGR/Projects/textures/concrete_floor_painted_diff_8k.jpg,/Volumes/Data/University/PPMGR/Blender_Mat_Generator_PPMGR/Projects/textures
concrete_old_road_Base_Color_1.jpg,/Volumes/Data/University/PPMGR/Blender_Mat_Generator_PPMGR/Projects/textures/concrete_old_road_Base_Color_1.jpg,/Volumes/Data/University/PPMGR/Blender_Mat_Generator_PPMGR/Projects/textures
concrete_old_v2_2k_Base_Color.jpg,/Volumes/Data/University/PPMGR/Blender_Mat_Generator_PPMGR/Projects/textures/concrete_old_v2_2k_Base_Color.jpg,/Volumes/Data/University/PPMGR/Blender_Mat_Generator_PPMGR/Projects/textures
concrete_rock_path_diff_8k.jpg,/Volumes/Data/University/PPMGR/Blender_Mat_Generator_PPMGR/Projects/textures/concrete_rock_path_diff_8k.jpg,/Volumes/Data/University/PPMGR/Blender_Mat_Generator_PPMGR/Projects/textures
concrete_wall_003_diff_16k.jpg,/Volumes/Data/University/PPMGR/Blender_Mat_Generator_PPMGR/Projects/textures/concrete_wall_003_diff_16k.jpg,/Volumes/Data/University/PPMGR/Blender_Mat_Generator_PPMGR/Projects/textures
concrete_wall_004_diff_8k.jpg,/Volumes/Data/University/PPMGR/Blender_Mat_Generator_PPMGR/Projects/textures/concrete_wall_004_diff_8k.jpg,/Volumes/Data/University/PPMGR/Blender_Mat_Generator_PPMGR/Projects/textures
concrete_wall_005_diff_8k.jpg,/Volumes/Data/University/PPMGR/Blender_Mat_Generator_PPMGR/Projects/textures/concrete_wall_005_diff_8k.jpg,/Volumes/Data/University/PPMGR/Blender_Mat_Generator_PPMGR/Projects/textures
concrete_wall_006_diff_8k.jpg,/Volumes/Data/University/PPMGR/Blender_Mat_Generator_PPMGR/Projects/textures/concrete_wall_006_diff_8k.jpg,/Volumes/Data/University/PPMGR/Blender_Mat_Generator_PPMGR/Projects/textures
concrete_wall_007_diff_8k.jpg,/Volumes/Data/University/PPMGR/Blender_Mat_Generator_PPMGR/Projects/textures/concrete_wall_007_diff_8k.jpg,/Volumes/Data/University/PPMGR/Blender_Mat_Generator_PPMGR/Projects/textures
concrete_wall_008_diff_8k.jpg,/Volumes/Data/University/PPMGR/Blender_Mat_Generator_PPMGR/Projects/textures/concrete_wall_008_diff_8k.jpg,/Volumes/Data/University/PPMGR/Blender_Mat_Generator_PPMGR/Projects/textures
concrete_wall_Albedo.jpg,/Volumes/Data/University/PPMGR/Blender_Mat_Generator_PPMGR/Projects/textures/concrete_wall_Albedo.jpg,/Volumes/Data/University/PPMGR/Blender_Mat_Generator_PPMGR/Projects/textures
connections_basecolor.jpg,/Volumes/Data/University/PPMGR/Blender_Mat_Generator_PPMGR/Projects/textures/connections_basecolor.jpg,/Volumes/Data/University/PPMGR/Blender_Mat_Generator_PPMGR/Projects/textures
container_side_diff_8k.jpg,/Volumes/Data/University/PPMGR/Blender_Mat_Generator_PPMGR/Projects/textures/container_side_diff_8k.jpg,/Volumes/Data/University/PPMGR/Blender_Mat_Generator_PPMGR/Projects/textures
copper_Rusty_Treadplate_Base_Color.jpg,/Volumes/Data/University/PPMGR/Blender_Mat_Generator_PPMGR/Projects/textures/copper_Rusty_Treadplate_Base_Color.jpg,/Volumes/Data/University/PPMGR/Blender_Mat_Generator_PPMGR/Projects/textures
coral_fort_wall_02_diff_8k.jpg,/Volumes/Data/University/PPMGR/Blender_Mat_Generator_PPMGR/Projects/textures/coral_fort_wall_02_diff_8k.jpg,/Volumes/Data/University/PPMGR/Blender_Mat_Generator_PPMGR/Projects/textures
coral_gravel_diff_8k.jpg,/Volumes/Data/University/PPMGR/Blender_Mat_Generator_PPMGR/Projects/textures/coral_gravel_diff_8k.jpg,/Volumes/Data/University/PPMGR/Blender_Mat_Generator_PPMGR/Projects/textures
coral_ground_02_diff_8k.jpg,/Volumes/Data/University/PPMGR/Blender_Mat_Generator_PPMGR/Projects/textures/coral_ground_02_diff_8k.jpg,/Volumes/Data/University/PPMGR/Blender_Mat_Generator_PPMGR/Projects/textures
coral_mud_01_diff_8k.jpg,/Volumes/Data/University/PPMGR/Blender_Mat_Generator_PPMGR/Projects/textures/coral_mud_01_diff_8k.jpg,/Volumes/Data/University/PPMGR/Blender_Mat_Generator_PPMGR/Projects/textures
core_lava_Base_Color.jpg,/Volumes/Data/University/PPMGR/Blender_Mat_Generator_PPMGR/Projects/textures/core_lava_Base_Color.jpg,/Volumes/Data/University/PPMGR/Blender_Mat_Generator_PPMGR/Projects/textures
core_lava_var_Base_Color.jpg,/Volumes/Data/University/PPMGR/Blender_Mat_Generator_PPMGR/Projects/textures/core_lava_var_Base_Color.jpg,/Volumes/Data/University/PPMGR/Blender_Mat_Generator_PPMGR/Projects/textures
corinthiam_columns_Base_Color.jpg,/Volumes/Data/University/PPMGR/Blender_Mat_Generator_PPMGR/Projects/textures/corinthiam_columns_Base_Color.jpg,/Volumes/Data/University/PPMGR/Blender_Mat_Generator_PPMGR/Projects/textures
corinthiam_columns_smooth_Base_Color.jpg,/Volumes/Data/University/PPMGR/Blender_Mat_Generator_PPMGR/Projects/textures/corinthiam_columns_smooth_Base_Color.jpg,/Volumes/Data/University/PPMGR/Blender_Mat_Generator_PPMGR/Projects/textures
cotton_BaseColor.jpg,/Volumes/Data/University/PPMGR/Blender_Mat_Generator_PPMGR/Projects/textures/cotton_BaseColor.jpg,/Volumes/Data/University/PPMGR/Blender_Mat_Generator_PPMGR/Projects/textures
cracked-earth-2_diffuse.jpg,/Volumes/Data/University/PPMGR/Blender_Mat_Generator_PPMGR/Projects/textures/cracked-earth-2_diffuse.jpg,/Volumes/Data/University/PPMGR/Blender_Mat_Generator_PPMGR/Projects/textures
cracked-earth_diffuse.jpg,/Volumes/Data/University/PPMGR/Blender_Mat_Generator_PPMGR/Projects/textures/cracked-earth_diffuse.jpg,/Volumes/Data/University/PPMGR/Blender_Mat_Generator_PPMGR/Projects/textures
cracked_concrete_wall_diff_8k.jpg,/Volumes/Data/University/PPMGR/Blender_Mat_Generator_PPMGR/Projects/textures/cracked_concrete_wall_diff_8k.jpg,/Volumes/Data/University/PPMGR/Blender_Mat_Generator_PPMGR/Projects/textures
cracked_red_ground_diff_8k.jpg,/Volumes/Data/University/PPMGR/Blender_Mat_Generator_PPMGR/Projects/textures/cracked_red_ground_diff_8k.jpg,/Volumes/Data/University/PPMGR/Blender_Mat_Generator_PPMGR/Projects/textures
crate-albedo.jpg,/Volumes/Data/University/PPMGR/Blender_Mat_Generator_PPMGR/Projects/textures/crate-albedo.jpg,/Volumes/Data/University/PPMGR/Blender_Mat_Generator_PPMGR/Projects/textures
creamyTiles_COLOR.jpg,/Volumes/Data/University/PPMGR/Blender_Mat_Generator_PPMGR/Projects/textures/creamyTiles_COLOR.jpg,/Volumes/Data/University/PPMGR/Blender_Mat_Generator_PPMGR/Projects/textures
crem_marble_01_color.jpg,/Volumes/Data/University/PPMGR/Blender_Mat_Generator_PPMGR/Projects/textures/crem_marble_01_color.jpg,/Volumes/Data/University/PPMGR/Blender_Mat_Generator_PPMGR/Projects/textures
crisscross-foam_albedo.jpg,/Volumes/Data/University/PPMGR/Blender_Mat_Generator_PPMGR/Projects/textures/crisscross-foam_albedo.jpg,/Volumes/Data/University/PPMGR/Blender_Mat_Generator_PPMGR/Projects/textures
crochetblanket-basecolor.jpg,/Volumes/Data/University/PPMGR/Blender_Mat_Generator_PPMGR/Projects/textures/crochetblanket-basecolor.jpg,/Volumes/Data/University/PPMGR/Blender_Mat_Generator_PPMGR/Projects/textures
crocodilemarble_1_basecolor-2K.png,/Volumes/Data/University/PPMGR/Blender_Mat_Generator_PPMGR/Projects/textures/crocodilemarble_1_basecolor-2K.png,/Volumes/Data/University/PPMGR/Blender_Mat_Generator_PPMGR/Projects/textures
crocodilemarble_2_basecolor-2K.png,/Volumes/Data/University/PPMGR/Blender_Mat_Generator_PPMGR/Projects/textures/crocodilemarble_2_basecolor-2K.png,/Volumes/Data/University/PPMGR/Blender_Mat_Generator_PPMGR/Projects/textures
cross_tiles_v2_sun_basecolor.jpg,/Volumes/Data/University/PPMGR/Blender_Mat_Generator_PPMGR/Projects/textures/cross_tiles_v2_sun_basecolor.jpg,/Volumes/Data/University/PPMGR/Blender_Mat_Generator_PPMGR/Projects/textures
crumble paper_BaseColor.jpg,/Volumes/Data/University/PPMGR/Blender_Mat_Generator_PPMGR/Projects/textures/crumble paper_BaseColor.jpg,/Volumes/Data/University/PPMGR/Blender_Mat_Generator_PPMGR/Projects/textures
crumble paper_BaseColor.png,/Volumes/Data/University/PPMGR/Blender_Mat_Generator_PPMGR/Projects/textures/crumble paper_BaseColor.png,/Volumes/Data/University/PPMGR/Blender_Mat_Generator_PPMGR/Projects/textures
crystalSpores_COLOR.jpg,/Volumes/Data/University/PPMGR/Blender_Mat_Generator_PPMGR/Projects/textures/crystalSpores_COLOR.jpg,/Volumes/Data/University/PPMGR/Blender_Mat_Generator_PPMGR/Projects/textures
crystalTiles_COLOR.jpg,/Volumes/Data/University/PPMGR/Blender_Mat_Generator_PPMGR/Projects/textures/crystalTiles_COLOR.jpg,/Volumes/Data/University/PPMGR/Blender_Mat_Generator_PPMGR/Projects/textures
crystals-01.jpg,/Volumes/Data/University/PPMGR/Blender_Mat_Generator_PPMGR/Projects/textures/crystals-01.jpg,/Volumes/Data/University/PPMGR/Blender_Mat_Generator_PPMGR/Projects/textures
cute-cartoon-christmas-mint-candy-doodles-seamless-border-pattern-snow-winter-sweets-vector-repeatable-background-texture-tile-cozy-template-stock-image-wrapping-design-wallpaper_44769-2945.jpg,/Volumes/Data/University/PPMGR/Blender_Mat_Generator_PPMGR/Projects/textures/cute-cartoon-christmas-mint-candy-doodles-seamless-border-pattern-snow-winter-sweets-vector-repeatable-background-texture-tile-cozy-template-stock-image-wrapping-design-wallpaper_44769-2945.jpg,/Volumes/Data/University/PPMGR/Blender_Mat_Generator_PPMGR/Projects/textures
cyan-ceramictile-wall-basecolor.jpg,/Volumes/Data/University/PPMGR/Blender_Mat_Generator_PPMGR/Projects/textures/cyan-ceramictile-wall-basecolor.jpg,/Volumes/Data/University/PPMGR/Blender_Mat_Generator_PPMGR/Projects/textures
cyan-ceramictile-wall2-basecolor.jpg,/Volumes/Data/University/PPMGR/Blender_Mat_Generator_PPMGR/Projects/textures/cyan-ceramictile-wall2-basecolor.jpg,/Volumes/Data/University/PPMGR/Blender_Mat_Generator_PPMGR/Projects/textures
d_Diffuse - Copy.jpg,/Volumes/Data/University/PPMGR/Blender_Mat_Generator_PPMGR/Projects/textures/d_Diffuse - Copy.jpg,/Volumes/Data/University/PPMGR/Blender_Mat_Generator_PPMGR/Projects/textures
d_Diffuse.jpg,/Volumes/Data/University/PPMGR/Blender_Mat_Generator_PPMGR/Projects/textures/d_Diffuse.jpg,/Volumes/Data/University/PPMGR/Blender_Mat_Generator_PPMGR/Projects/textures
damaged Metal_BaseColor.jpg,/Volumes/Data/University/PPMGR/Blender_Mat_Generator_PPMGR/Projects/textures/damaged Metal_BaseColor.jpg,/Volumes/Data/University/PPMGR/Blender_Mat_Generator_PPMGR/Projects/textures
damaged rusted metal welded 2_BaseColor.jpg,/Volumes/Data/University/PPMGR/Blender_Mat_Generator_PPMGR/Projects/textures/damaged rusted metal welded 2_BaseColor.jpg,/Volumes/Data/University/PPMGR/Blender_Mat_Generator_PPMGR/Projects/textures
damaged_Concrete_with_rusty_Base_Color.jpg,/Volumes/Data/University/PPMGR/Blender_Mat_Generator_PPMGR/Projects/textures/damaged_Concrete_with_rusty_Base_Color.jpg,/Volumes/Data/University/PPMGR/Blender_Mat_Generator_PPMGR/Projects/textures
damaged_brown_style_tiles_Base_Color.jpg,/Volumes/Data/University/PPMGR/Blender_Mat_Generator_PPMGR/Projects/textures/damaged_brown_style_tiles_Base_Color.jpg,/Volumes/Data/University/PPMGR/Blender_Mat_Generator_PPMGR/Projects/textures
damaged_resturant_style_tiles_Base_Color.jpg,/Volumes/Data/University/PPMGR/Blender_Mat_Generator_PPMGR/Projects/textures/damaged_resturant_style_tiles_Base_Color.jpg,/Volumes/Data/University/PPMGR/Blender_Mat_Generator_PPMGR/Projects/textures
damaged_white_style_tiles_Base_Color.jpg,/Volumes/Data/University/PPMGR/Blender_Mat_Generator_PPMGR/Projects/textures/damaged_white_style_tiles_Base_Color.jpg,/Volumes/Data/University/PPMGR/Blender_Mat_Generator_PPMGR/Projects/textures
damask1.jpg,/Volumes/Data/University/PPMGR/Blender_Mat_Generator_PPMGR/Projects/textures/damask1.jpg,/Volumes/Data/University/PPMGR/Blender_Mat_Generator_PPMGR/Projects/textures
dark brown rock c_BaseColor.jpg,/Volumes/Data/University/PPMGR/Blender_Mat_Generator_PPMGR/Projects/textures/dark brown rock c_BaseColor.jpg,/Volumes/Data/University/PPMGR/Blender_Mat_Generator_PPMGR/Projects/textures
dark brown rock_BaseColor.jpg,/Volumes/Data/University/PPMGR/Blender_Mat_Generator_PPMGR/Projects/textures/dark brown rock_BaseColor.jpg,/Volumes/Data/University/PPMGR/Blender_Mat_Generator_PPMGR/Projects/textures
dark brown rock_Normal.jpg,/Volumes/Data/University/PPMGR/Blender_Mat_Generator_PPMGR/Projects/textures/dark brown rock_Normal.jpg,/Volumes/Data/University/PPMGR/Blender_Mat_Generator_PPMGR/Projects/textures
dark squre wood parquet_BaseColor.jpg,/Volumes/Data/University/PPMGR/Blender_Mat_Generator_PPMGR/Projects/textures/dark squre wood parquet_BaseColor.jpg,/Volumes/Data/University/PPMGR/Blender_Mat_Generator_PPMGR/Projects/textures
dark squre wood parquet_BaseColor.jpg.png,/Volumes/Data/University/PPMGR/Blender_Mat_Generator_PPMGR/Projects/textures/dark squre wood parquet_BaseColor.jpg.png,/Volumes/Data/University/PPMGR/Blender_Mat_Generator_PPMGR/Projects/textures
dark wood parquet_BaseColor.jpg,/Volumes/Data/University/PPMGR/Blender_Mat_Generator_PPMGR/Projects/textures/dark wood parquet_BaseColor.jpg,/Volumes/Data/University/PPMGR/Blender_Mat_Generator_PPMGR/Projects/textures
dark wood parquet_BaseColor.jpg.png,/Volumes/Data/University/PPMGR/Blender_Mat_Generator_PPMGR/Projects/textures/dark wood parquet_BaseColor.jpg.png,/Volumes/Data/University/PPMGR/Blender_Mat_Generator_PPMGR/Projects/textures
dark wood plank_BaseColor.jpg,/Volumes/Data/University/PPMGR/Blender_Mat_Generator_PPMGR/Projects/textures/dark wood plank_BaseColor.jpg,/Volumes/Data/University/PPMGR/Blender_Mat_Generator_PPMGR/Projects/textures
dark wood rough_BaseColor.jpg,/Volumes/Data/University/PPMGR/Blender_Mat_Generator_PPMGR/Projects/textures/dark wood rough_BaseColor.jpg,/Volumes/Data/University/PPMGR/Blender_Mat_Generator_PPMGR/Projects/textures
dark wood rough_BaseColor.jpg.png,/Volumes/Data/University/PPMGR/Blender_Mat_Generator_PPMGR/Projects/textures/dark wood rough_BaseColor.jpg.png,/Volumes/Data/University/PPMGR/Blender_Mat_Generator_PPMGR/Projects/textures
dark-cherrywood-diffuse.jpg,/Volumes/Data/University/PPMGR/Blender_Mat_Generator_PPMGR/Projects/textures/dark-cherrywood-diffuse.jpg,/Volumes/Data/University/PPMGR/Blender_Mat_Generator_PPMGR/Projects/textures
dark-cherrywood-diffuse.jpg.png,/Volumes/Data/University/PPMGR/Blender_Mat_Generator_PPMGR/Projects/textures/dark-cherrywood-diffuse.jpg.png,/Volumes/Data/University/PPMGR/Blender_Mat_Generator_PPMGR/Projects/textures
darkBlueMarble_COLOR.jpg,/Volumes/Data/University/PPMGR/Blender_Mat_Generator_PPMGR/Projects/textures/darkBlueMarble_COLOR.jpg,/Volumes/Data/University/PPMGR/Blender_Mat_Generator_PPMGR/Projects/textures
dark_planks_diff_4k.png.png,/Volumes/Data/University/PPMGR/Blender_Mat_Generator_PPMGR/Projects/textures/dark_planks_diff_4k.png.png,/Volumes/Data/University/PPMGR/Blender_Mat_Generator_PPMGR/Projects/textures
dark_planks_diff_8k.jpg,/Volumes/Data/University/PPMGR/Blender_Mat_Generator_PPMGR/Projects/textures/dark_planks_diff_8k.jpg,/Volumes/Data/University/PPMGR/Blender_Mat_Generator_PPMGR/Projects/textures
dark_sisal_rope_Base_Color.jpg,/Volumes/Data/University/PPMGR/Blender_Mat_Generator_PPMGR/Projects/textures/dark_sisal_rope_Base_Color.jpg,/Volumes/Data/University/PPMGR/Blender_Mat_Generator_PPMGR/Projects/textures
dark_wall_with_rebar_Base_Color.jpg,/Volumes/Data/University/PPMGR/Blender_Mat_Generator_PPMGR/Projects/textures/dark_wall_with_rebar_Base_Color.jpg,/Volumes/Data/University/PPMGR/Blender_Mat_Generator_PPMGR/Projects/textures
dark_wooden_planks_diff.png.png,/Volumes/Data/University/PPMGR/Blender_Mat_Generator_PPMGR/Projects/textures/dark_wooden_planks_diff.png.png,/Volumes/Data/University/PPMGR/Blender_Mat_Generator_PPMGR/Projects/textures
dark_wooden_planks_diff_8k.jpg,/Volumes/Data/University/PPMGR/Blender_Mat_Generator_PPMGR/Projects/textures/dark_wooden_planks_diff_8k.jpg,/Volumes/Data/University/PPMGR/Blender_Mat_Generator_PPMGR/Projects/textures
darkl_BaseColor.jpg,/Volumes/Data/University/PPMGR/Blender_Mat_Generator_PPMGR/Projects/textures/darkl_BaseColor.jpg,/Volumes/Data/University/PPMGR/Blender_Mat_Generator_PPMGR/Projects/textures
ddm_Albedo.jpg,/Volumes/Data/University/PPMGR/Blender_Mat_Generator_PPMGR/Projects/textures/ddm_Albedo.jpg,/Volumes/Data/University/PPMGR/Blender_Mat_Generator_PPMGR/Projects/textures
decoration-1_diffuse.jpg,/Volumes/Data/University/PPMGR/Blender_Mat_Generator_PPMGR/Projects/textures/decoration-1_diffuse.jpg,/Volumes/Data/University/PPMGR/Blender_Mat_Generator_PPMGR/Projects/textures
defense_wall_02_diff_8k.jpg,/Volumes/Data/University/PPMGR/Blender_Mat_Generator_PPMGR/Projects/textures/defense_wall_02_diff_8k.jpg,/Volumes/Data/University/PPMGR/Blender_Mat_Generator_PPMGR/Projects/textures
denim brut_BaseColor.jpg,/Volumes/Data/University/PPMGR/Blender_Mat_Generator_PPMGR/Projects/textures/denim brut_BaseColor.jpg,/Volumes/Data/University/PPMGR/Blender_Mat_Generator_PPMGR/Projects/textures
denim rosette_BaseColor.jpg,/Volumes/Data/University/PPMGR/Blender_Mat_Generator_PPMGR/Projects/textures/denim rosette_BaseColor.jpg,/Volumes/Data/University/PPMGR/Blender_Mat_Generator_PPMGR/Projects/textures
denim-diffuse.jpg,/Volumes/Data/University/PPMGR/Blender_Mat_Generator_PPMGR/Projects/textures/denim-diffuse.jpg,/Volumes/Data/University/PPMGR/Blender_Mat_Generator_PPMGR/Projects/textures
denim_basecolor.jpg,/Volumes/Data/University/PPMGR/Blender_Mat_Generator_PPMGR/Projects/textures/denim_basecolor.jpg,/Volumes/Data/University/PPMGR/Blender_Mat_Generator_PPMGR/Projects/textures
derere.jpg,/Volumes/Data/University/PPMGR/Blender_Mat_Generator_PPMGR/Projects/textures/derere.jpg,/Volumes/Data/University/PPMGR/Blender_Mat_Generator_PPMGR/Projects/textures
design tiles_BaseColor.jpg,/Volumes/Data/University/PPMGR/Blender_Mat_Generator_PPMGR/Projects/textures/design tiles_BaseColor.jpg,/Volumes/Data/University/PPMGR/Blender_Mat_Generator_PPMGR/Projects/textures
desk-wood-diffuse.jpg,/Volumes/Data/University/PPMGR/Blender_Mat_Generator_PPMGR/Projects/textures/desk-wood-diffuse.jpg,/Volumes/Data/University/PPMGR/Blender_Mat_Generator_PPMGR/Projects/textures
deteriorated wall-basecolor.jpg,/Volumes/Data/University/PPMGR/Blender_Mat_Generator_PPMGR/Projects/textures/deteriorated wall-basecolor.jpg,/Volumes/Data/University/PPMGR/Blender_Mat_Generator_PPMGR/Projects/textures
diamond tile browen_BaseColor.jpg,/Volumes/Data/University/PPMGR/Blender_Mat_Generator_PPMGR/Projects/textures/diamond tile browen_BaseColor.jpg,/Volumes/Data/University/PPMGR/Blender_Mat_Generator_PPMGR/Projects/textures
diamondbrown_1_basecolor-2K.png,/Volumes/Data/University/PPMGR/Blender_Mat_Generator_PPMGR/Projects/textures/diamondbrown_1_basecolor-2K.png,/Volumes/Data/University/PPMGR/Blender_Mat_Generator_PPMGR/Projects/textures
diffuse.jpg.png,/Volumes/Data/University/PPMGR/Blender_Mat_Generator_PPMGR/Projects/textures/diffuse.jpg.png,/Volumes/Data/University/PPMGR/Blender_Mat_Generator_PPMGR/Projects/textures
diffuseOriginal.png,/Volumes/Data/University/PPMGR/Blender_Mat_Generator_PPMGR/Projects/textures/diffuseOriginal.png,/Volumes/Data/University/PPMGR/Blender_Mat_Generator_PPMGR/Projects/textures
dirt_aerial_02_diff_8k.jpg,/Volumes/Data/University/PPMGR/Blender_Mat_Generator_PPMGR/Projects/textures/dirt_aerial_02_diff_8k.jpg,/Volumes/Data/University/PPMGR/Blender_Mat_Generator_PPMGR/Projects/textures
dirt_aerial_03_diff_8k.jpg,/Volumes/Data/University/PPMGR/Blender_Mat_Generator_PPMGR/Projects/textures/dirt_aerial_03_diff_8k.jpg,/Volumes/Data/University/PPMGR/Blender_Mat_Generator_PPMGR/Projects/textures
dirt_floor_diff_8k.jpg,/Volumes/Data/University/PPMGR/Blender_Mat_Generator_PPMGR/Projects/textures/dirt_floor_diff_8k.jpg,/Volumes/Data/University/PPMGR/Blender_Mat_Generator_PPMGR/Projects/textures
dirt_ground_albedo.jpg,/Volumes/Data/University/PPMGR/Blender_Mat_Generator_PPMGR/Projects/textures/dirt_ground_albedo.jpg,/Volumes/Data/University/PPMGR/Blender_Mat_Generator_PPMGR/Projects/textures
dirt_tarp_Albedo.jpg,/Volumes/Data/University/PPMGR/Blender_Mat_Generator_PPMGR/Projects/textures/dirt_tarp_Albedo.jpg,/Volumes/Data/University/PPMGR/Blender_Mat_Generator_PPMGR/Projects/textures
dirtyRag_COLOR.jpg,/Volumes/Data/University/PPMGR/Blender_Mat_Generator_PPMGR/Projects/textures/dirtyRag_COLOR.jpg,/Volumes/Data/University/PPMGR/Blender_Mat_Generator_PPMGR/Projects/textures
dirtyRag_NRM.jpg,/Volumes/Data/University/PPMGR/Blender_Mat_Generator_PPMGR/Projects/textures/dirtyRag_NRM.jpg,/Volumes/Data/University/PPMGR/Blender_Mat_Generator_PPMGR/Projects/textures
dirty_Herringbone_Emeraland_porcelain_Base_Color.jpg,/Volumes/Data/University/PPMGR/Blender_Mat_Generator_PPMGR/Projects/textures/dirty_Herringbone_Emeraland_porcelain_Base_Color.jpg,/Volumes/Data/University/PPMGR/Blender_Mat_Generator_PPMGR/Projects/textures
dirty_Vein_Brass_Metallic_decor_Base_Color.jpg,/Volumes/Data/University/PPMGR/Blender_Mat_Generator_PPMGR/Projects/textures/dirty_Vein_Brass_Metallic_decor_Base_Color.jpg,/Volumes/Data/University/PPMGR/Blender_Mat_Generator_PPMGR/Projects/textures
dirty_Water_lily_leaves_Base_Color.jpg,/Volumes/Data/University/PPMGR/Blender_Mat_Generator_PPMGR/Projects/textures/dirty_Water_lily_leaves_Base_Color.jpg,/Volumes/Data/University/PPMGR/Blender_Mat_Generator_PPMGR/Projects/textures
dirty_concrete_diff_8k.jpg,/Volumes/Data/University/PPMGR/Blender_Mat_Generator_PPMGR/Projects/textures/dirty_concrete_diff_8k.jpg,/Volumes/Data/University/PPMGR/Blender_Mat_Generator_PPMGR/Projects/textures
dirty_wood_planks__Diffuse_.jpg,/Volumes/Data/University/PPMGR/Blender_Mat_Generator_PPMGR/Projects/textures/dirty_wood_planks__Diffuse_.jpg,/Volumes/Data/University/PPMGR/Blender_Mat_Generator_PPMGR/Projects/textures
dirty_wood_planks__Diffuse_.jpg.png,/Volumes/Data/University/PPMGR/Blender_Mat_Generator_PPMGR/Projects/textures/dirty_wood_planks__Diffuse_.jpg.png,/Volumes/Data/University/PPMGR/Blender_Mat_Generator_PPMGR/Projects/textures
dotted fabric denim_BaseColor.jpg,/Volumes/Data/University/PPMGR/Blender_Mat_Generator_PPMGR/Projects/textures/dotted fabric denim_BaseColor.jpg,/Volumes/Data/University/PPMGR/Blender_Mat_Generator_PPMGR/Projects/textures
dough-basecolor.jpg,/Volumes/Data/University/PPMGR/Blender_Mat_Generator_PPMGR/Projects/textures/dough-basecolor.jpg,/Volumes/Data/University/PPMGR/Blender_Mat_Generator_PPMGR/Projects/textures
doussie_basecolor.jpg,/Volumes/Data/University/PPMGR/Blender_Mat_Generator_PPMGR/Projects/textures/doussie_basecolor.jpg,/Volumes/Data/University/PPMGR/Blender_Mat_Generator_PPMGR/Projects/textures
drag_diffuseOriginal.jpg,/Volumes/Data/University/PPMGR/Blender_Mat_Generator_PPMGR/Projects/textures/drag_diffuseOriginal.jpg,/Volumes/Data/University/PPMGR/Blender_Mat_Generator_PPMGR/Projects/textures
dragon_ornament_2k_Base_Color.jpg,/Volumes/Data/University/PPMGR/Blender_Mat_Generator_PPMGR/Projects/textures/dragon_ornament_2k_Base_Color.jpg,/Volumes/Data/University/PPMGR/Blender_Mat_Generator_PPMGR/Projects/textures
dragon_skin_ornament_2k_Base_Color.jpg,/Volumes/Data/University/PPMGR/Blender_Mat_Generator_PPMGR/Projects/textures/dragon_skin_ornament_2k_Base_Color.jpg,/Volumes/Data/University/PPMGR/Blender_Mat_Generator_PPMGR/Projects/textures
drark_traditional_bricks__Base_Color.jpg,/Volumes/Data/University/PPMGR/Blender_Mat_Generator_PPMGR/Projects/textures/drark_traditional_bricks__Base_Color.jpg,/Volumes/Data/University/PPMGR/Blender_Mat_Generator_PPMGR/Projects/textures
dry soil_diffuseOriginal.jpg,/Volumes/Data/University/PPMGR/Blender_Mat_Generator_PPMGR/Projects/textures/dry soil_diffuseOriginal.jpg,/Volumes/Data/University/PPMGR/Blender_Mat_Generator_PPMGR/Projects/textures
dry_ground_01_diff_8k.jpg,/Volumes/Data/University/PPMGR/Blender_Mat_Generator_PPMGR/Projects/textures/dry_ground_01_diff_8k.jpg,/Volumes/Data/University/PPMGR/Blender_Mat_Generator_PPMGR/Projects/textures
dry_ground_rocks_diff_8k.jpg,/Volumes/Data/University/PPMGR/Blender_Mat_Generator_PPMGR/Projects/textures/dry_ground_rocks_diff_8k.jpg,/Volumes/Data/University/PPMGR/Blender_Mat_Generator_PPMGR/Projects/textures
dry_mud_field_001_diff_16k.jpg,/Volumes/Data/University/PPMGR/Blender_Mat_Generator_PPMGR/Projects/textures/dry_mud_field_001_diff_16k.jpg,/Volumes/Data/University/PPMGR/Blender_Mat_Generator_PPMGR/Projects/textures
dry_muddy_brown_Base_Color.jpg,/Volumes/Data/University/PPMGR/Blender_Mat_Generator_PPMGR/Projects/textures/dry_muddy_brown_Base_Color.jpg,/Volumes/Data/University/PPMGR/Blender_Mat_Generator_PPMGR/Projects/textures
dsark wood floor_BaseColor.jpg,/Volumes/Data/University/PPMGR/Blender_Mat_Generator_PPMGR/Projects/textures/dsark wood floor_BaseColor.jpg,/Volumes/Data/University/PPMGR/Blender_Mat_Generator_PPMGR/Projects/textures
dsark wood floor_BaseColor.jpg.png,/Volumes/Data/University/PPMGR/Blender_Mat_Generator_PPMGR/Projects/textures/dsark wood floor_BaseColor.jpg.png,/Volumes/Data/University/PPMGR/Blender_Mat_Generator_PPMGR/Projects/textures
dust eroded wall_BaseColor.jpg,/Volumes/Data/University/PPMGR/Blender_Mat_Generator_PPMGR/Projects/textures/dust eroded wall_BaseColor.jpg,/Volumes/Data/University/PPMGR/Blender_Mat_Generator_PPMGR/Projects/textures
dusty twill  stiched fiber 3_BaseColor.jpg,/Volumes/Data/University/PPMGR/Blender_Mat_Generator_PPMGR/Projects/textures/dusty twill  stiched fiber 3_BaseColor.jpg,/Volumes/Data/University/PPMGR/Blender_Mat_Generator_PPMGR/Projects/textures
dusty-cobble_albedo.jpg,/Volumes/Data/University/PPMGR/Blender_Mat_Generator_PPMGR/Projects/textures/dusty-cobble_albedo.jpg,/Volumes/Data/University/PPMGR/Blender_Mat_Generator_PPMGR/Projects/textures
dusty_balck_cladding_rocks_Base_Color.jpg,/Volumes/Data/University/PPMGR/Blender_Mat_Generator_PPMGR/Projects/textures/dusty_balck_cladding_rocks_Base_Color.jpg,/Volumes/Data/University/PPMGR/Blender_Mat_Generator_PPMGR/Projects/textures
ebony_basecolor.jpg,/Volumes/Data/University/PPMGR/Blender_Mat_Generator_PPMGR/Projects/textures/ebony_basecolor.jpg,/Volumes/Data/University/PPMGR/Blender_Mat_Generator_PPMGR/Projects/textures
edgsdehsh.jpg,/Volumes/Data/University/PPMGR/Blender_Mat_Generator_PPMGR/Projects/textures/edgsdehsh.jpg,/Volumes/Data/University/PPMGR/Blender_Mat_Generator_PPMGR/Projects/textures
edgsdehsh.jpg.png,/Volumes/Data/University/PPMGR/Blender_Mat_Generator_PPMGR/Projects/textures/edgsdehsh.jpg.png,/Volumes/Data/University/PPMGR/Blender_Mat_Generator_PPMGR/Projects/textures
elogated_Diamond_Ceramic_Tiles_Base_Color.jpg,/Volumes/Data/University/PPMGR/Blender_Mat_Generator_PPMGR/Projects/textures/elogated_Diamond_Ceramic_Tiles_Base_Color.jpg,/Volumes/Data/University/PPMGR/Blender_Mat_Generator_PPMGR/Projects/textures
embedded_rock_floor_diff_8k.jpg,/Volumes/Data/University/PPMGR/Blender_Mat_Generator_PPMGR/Projects/textures/embedded_rock_floor_diff_8k.jpg,/Volumes/Data/University/PPMGR/Blender_Mat_Generator_PPMGR/Projects/textures
embroidery rect_BaseColor.jpg,/Volumes/Data/University/PPMGR/Blender_Mat_Generator_PPMGR/Projects/textures/embroidery rect_BaseColor.jpg,/Volumes/Data/University/PPMGR/Blender_Mat_Generator_PPMGR/Projects/textures
embroidery warped_BaseColor.png,/Volumes/Data/University/PPMGR/Blender_Mat_Generator_PPMGR/Projects/textures/embroidery warped_BaseColor.png,/Volumes/Data/University/PPMGR/Blender_Mat_Generator_PPMGR/Projects/textures
emission.jpg,/Volumes/Data/University/PPMGR/Blender_Mat_Generator_PPMGR/Projects/textures/emission.jpg,/Volumes/Data/University/PPMGR/Blender_Mat_Generator_PPMGR/Projects/textures
emission.jpg.png,/Volumes/Data/University/PPMGR/Blender_Mat_Generator_PPMGR/Projects/textures/emission.jpg.png,/Volumes/Data/University/PPMGR/Blender_Mat_Generator_PPMGR/Projects/textures
emperadormarble_1_basecolor-2K.png,/Volumes/Data/University/PPMGR/Blender_Mat_Generator_PPMGR/Projects/textures/emperadormarble_1_basecolor-2K.png,/Volumes/Data/University/PPMGR/Blender_Mat_Generator_PPMGR/Projects/textures
escherLizards_COLOR.jpg,/Volumes/Data/University/PPMGR/Blender_Mat_Generator_PPMGR/Projects/textures/escherLizards_COLOR.jpg,/Volumes/Data/University/PPMGR/Blender_Mat_Generator_PPMGR/Projects/textures
evilParchment_COLOR.jpg,/Volumes/Data/University/PPMGR/Blender_Mat_Generator_PPMGR/Projects/textures/evilParchment_COLOR.jpg,/Volumes/Data/University/PPMGR/Blender_Mat_Generator_PPMGR/Projects/textures
f_diffuseOriginal.jpg,/Volumes/Data/University/PPMGR/Blender_Mat_Generator_PPMGR/Projects/textures/f_diffuseOriginal.jpg,/Volumes/Data/University/PPMGR/Blender_Mat_Generator_PPMGR/Projects/textures
fabric 1_BaseColor.jpg,/Volumes/Data/University/PPMGR/Blender_Mat_Generator_PPMGR/Projects/textures/fabric 1_BaseColor.jpg,/Volumes/Data/University/PPMGR/Blender_Mat_Generator_PPMGR/Projects/textures
fabric lines_BaseColor.jpg,/Volumes/Data/University/PPMGR/Blender_Mat_Generator_PPMGR/Projects/textures/fabric lines_BaseColor.jpg,/Volumes/Data/University/PPMGR/Blender_Mat_Generator_PPMGR/Projects/textures
fabric zigzag_BaseColor.jpg,/Volumes/Data/University/PPMGR/Blender_Mat_Generator_PPMGR/Projects/textures/fabric zigzag_BaseColor.jpg,/Volumes/Data/University/PPMGR/Blender_Mat_Generator_PPMGR/Projects/textures
fabric-1_diffuse.jpg,/Volumes/Data/University/PPMGR/Blender_Mat_Generator_PPMGR/Projects/textures/fabric-1_diffuse.jpg,/Volumes/Data/University/PPMGR/Blender_Mat_Generator_PPMGR/Projects/textures
fabric-2_diffuse.jpg,/Volumes/Data/University/PPMGR/Blender_Mat_Generator_PPMGR/Projects/textures/fabric-2_diffuse.jpg,/Volumes/Data/University/PPMGR/Blender_Mat_Generator_PPMGR/Projects/textures
fabric-diffuse.jpg,/Volumes/Data/University/PPMGR/Blender_Mat_Generator_PPMGR/Projects/textures/fabric-diffuse.jpg,/Volumes/Data/University/PPMGR/Blender_Mat_Generator_PPMGR/Projects/textures
fabric_02_color.jpg,/Volumes/Data/University/PPMGR/Blender_Mat_Generator_PPMGR/Projects/textures/fabric_02_color.jpg,/Volumes/Data/University/PPMGR/Blender_Mat_Generator_PPMGR/Projects/textures
fabric_03_color.jpg,/Volumes/Data/University/PPMGR/Blender_Mat_Generator_PPMGR/Projects/textures/fabric_03_color.jpg,/Volumes/Data/University/PPMGR/Blender_Mat_Generator_PPMGR/Projects/textures
fabric_04_color.jpg,/Volumes/Data/University/PPMGR/Blender_Mat_Generator_PPMGR/Projects/textures/fabric_04_color.jpg,/Volumes/Data/University/PPMGR/Blender_Mat_Generator_PPMGR/Projects/textures
fabric_05_color.jpg,/Volumes/Data/University/PPMGR/Blender_Mat_Generator_PPMGR/Projects/textures/fabric_05_color.jpg,/Volumes/Data/University/PPMGR/Blender_Mat_Generator_PPMGR/Projects/textures
fabric_06_color.jpg,/Volumes/Data/University/PPMGR/Blender_Mat_Generator_PPMGR/Projects/textures/fabric_06_color.jpg,/Volumes/Data/University/PPMGR/Blender_Mat_Generator_PPMGR/Projects/textures
fabric_07_color.jpg,/Volumes/Data/University/PPMGR/Blender_Mat_Generator_PPMGR/Projects/textures/fabric_07_color.jpg,/Volumes/Data/University/PPMGR/Blender_Mat_Generator_PPMGR/Projects/textures
fabric_08_color.jpg,/Volumes/Data/University/PPMGR/Blender_Mat_Generator_PPMGR/Projects/textures/fabric_08_color.jpg,/Volumes/Data/University/PPMGR/Blender_Mat_Generator_PPMGR/Projects/textures
fabric_09_color.jpg,/Volumes/Data/University/PPMGR/Blender_Mat_Generator_PPMGR/Projects/textures/fabric_09_color.jpg,/Volumes/Data/University/PPMGR/Blender_Mat_Generator_PPMGR/Projects/textures
fabric_101_basecolor-2K.png,/Volumes/Data/University/PPMGR/Blender_Mat_Generator_PPMGR/Projects/textures/fabric_101_basecolor-2K.png,/Volumes/Data/University/PPMGR/Blender_Mat_Generator_PPMGR/Projects/textures
fabric_102_basecolor-2K.png,/Volumes/Data/University/PPMGR/Blender_Mat_Generator_PPMGR/Projects/textures/fabric_102_basecolor-2K.png,/Volumes/Data/University/PPMGR/Blender_Mat_Generator_PPMGR/Projects/textures
fabric_107_basecolor-2K.jpg,/Volumes/Data/University/PPMGR/Blender_Mat_Generator_PPMGR/Projects/textures/fabric_107_basecolor-2K.jpg,/Volumes/Data/University/PPMGR/Blender_Mat_Generator_PPMGR/Projects/textures
fabric_108_basecolor-2K.jpg,/Volumes/Data/University/PPMGR/Blender_Mat_Generator_PPMGR/Projects/textures/fabric_108_basecolor-2K.jpg,/Volumes/Data/University/PPMGR/Blender_Mat_Generator_PPMGR/Projects/textures
fabric_10_color.jpg,/Volumes/Data/University/PPMGR/Blender_Mat_Generator_PPMGR/Projects/textures/fabric_10_color.jpg,/Volumes/Data/University/PPMGR/Blender_Mat_Generator_PPMGR/Projects/textures
fabric_110_albedo-2K.jpg,/Volumes/Data/University/PPMGR/Blender_Mat_Generator_PPMGR/Projects/textures/fabric_110_albedo-2K.jpg,/Volumes/Data/University/PPMGR/Blender_Mat_Generator_PPMGR/Projects/textures
fabric_111_albedo-2K.jpg,/Volumes/Data/University/PPMGR/Blender_Mat_Generator_PPMGR/Projects/textures/fabric_111_albedo-2K.jpg,/Volumes/Data/University/PPMGR/Blender_Mat_Generator_PPMGR/Projects/textures
fabric_112_albedo-2K.jpg,/Volumes/Data/University/PPMGR/Blender_Mat_Generator_PPMGR/Projects/textures/fabric_112_albedo-2K.jpg,/Volumes/Data/University/PPMGR/Blender_Mat_Generator_PPMGR/Projects/textures
fabric_113_albedo-2K.jpg,/Volumes/Data/University/PPMGR/Blender_Mat_Generator_PPMGR/Projects/textures/fabric_113_albedo-2K.jpg,/Volumes/Data/University/PPMGR/Blender_Mat_Generator_PPMGR/Projects/textures
fabric_114_albedo-1K.jpg,/Volumes/Data/University/PPMGR/Blender_Mat_Generator_PPMGR/Projects/textures/fabric_114_albedo-1K.jpg,/Volumes/Data/University/PPMGR/Blender_Mat_Generator_PPMGR/Projects/textures
fabric_115_albedo-1K.jpg,/Volumes/Data/University/PPMGR/Blender_Mat_Generator_PPMGR/Projects/textures/fabric_115_albedo-1K.jpg,/Volumes/Data/University/PPMGR/Blender_Mat_Generator_PPMGR/Projects/textures
fabric_116_albedo-1K.jpg,/Volumes/Data/University/PPMGR/Blender_Mat_Generator_PPMGR/Projects/textures/fabric_116_albedo-1K.jpg,/Volumes/Data/University/PPMGR/Blender_Mat_Generator_PPMGR/Projects/textures
fabric_117_albedo-1K.jpg,/Volumes/Data/University/PPMGR/Blender_Mat_Generator_PPMGR/Projects/textures/fabric_117_albedo-1K.jpg,/Volumes/Data/University/PPMGR/Blender_Mat_Generator_PPMGR/Projects/textures
fabric_118_albedo-1K.jpg,/Volumes/Data/University/PPMGR/Blender_Mat_Generator_PPMGR/Projects/textures/fabric_118_albedo-1K.jpg,/Volumes/Data/University/PPMGR/Blender_Mat_Generator_PPMGR/Projects/textures
fabric_119_albedo-1K.jpg,/Volumes/Data/University/PPMGR/Blender_Mat_Generator_PPMGR/Projects/textures/fabric_119_albedo-1K.jpg,/Volumes/Data/University/PPMGR/Blender_Mat_Generator_PPMGR/Projects/textures
fabric_120_albedo-1K.jpg,/Volumes/Data/University/PPMGR/Blender_Mat_Generator_PPMGR/Projects/textures/fabric_120_albedo-1K.jpg,/Volumes/Data/University/PPMGR/Blender_Mat_Generator_PPMGR/Projects/textures
fabric_121_albedo-1K.jpg,/Volumes/Data/University/PPMGR/Blender_Mat_Generator_PPMGR/Projects/textures/fabric_121_albedo-1K.jpg,/Volumes/Data/University/PPMGR/Blender_Mat_Generator_PPMGR/Projects/textures
fabric_122_albedo-1K.jpg,/Volumes/Data/University/PPMGR/Blender_Mat_Generator_PPMGR/Projects/textures/fabric_122_albedo-1K.jpg,/Volumes/Data/University/PPMGR/Blender_Mat_Generator_PPMGR/Projects/textures
fabric_123_albedo-1K.jpg,/Volumes/Data/University/PPMGR/Blender_Mat_Generator_PPMGR/Projects/textures/fabric_123_albedo-1K.jpg,/Volumes/Data/University/PPMGR/Blender_Mat_Generator_PPMGR/Projects/textures
fabric_124_albedo-2K.jpg,/Volumes/Data/University/PPMGR/Blender_Mat_Generator_PPMGR/Projects/textures/fabric_124_albedo-2K.jpg,/Volumes/Data/University/PPMGR/Blender_Mat_Generator_PPMGR/Projects/textures
fabric_125_albedo-2K.jpg,/Volumes/Data/University/PPMGR/Blender_Mat_Generator_PPMGR/Projects/textures/fabric_125_albedo-2K.jpg,/Volumes/Data/University/PPMGR/Blender_Mat_Generator_PPMGR/Projects/textures
fabric_126_albedo-2K.jpg,/Volumes/Data/University/PPMGR/Blender_Mat_Generator_PPMGR/Projects/textures/fabric_126_albedo-2K.jpg,/Volumes/Data/University/PPMGR/Blender_Mat_Generator_PPMGR/Projects/textures
fabric_127_albedo-2K.jpg,/Volumes/Data/University/PPMGR/Blender_Mat_Generator_PPMGR/Projects/textures/fabric_127_albedo-2K.jpg,/Volumes/Data/University/PPMGR/Blender_Mat_Generator_PPMGR/Projects/textures
fabric_128_albedo-2K.jpg,/Volumes/Data/University/PPMGR/Blender_Mat_Generator_PPMGR/Projects/textures/fabric_128_albedo-2K.jpg,/Volumes/Data/University/PPMGR/Blender_Mat_Generator_PPMGR/Projects/textures
fabric_129_albedo-2K.jpg,/Volumes/Data/University/PPMGR/Blender_Mat_Generator_PPMGR/Projects/textures/fabric_129_albedo-2K.jpg,/Volumes/Data/University/PPMGR/Blender_Mat_Generator_PPMGR/Projects/textures
fabric_12_color.jpg,/Volumes/Data/University/PPMGR/Blender_Mat_Generator_PPMGR/Projects/textures/fabric_12_color.jpg,/Volumes/Data/University/PPMGR/Blender_Mat_Generator_PPMGR/Projects/textures
fabric_130_albedo-2K.jpg,/Volumes/Data/University/PPMGR/Blender_Mat_Generator_PPMGR/Projects/textures/fabric_130_albedo-2K.jpg,/Volumes/Data/University/PPMGR/Blender_Mat_Generator_PPMGR/Projects/textures
fabric_131_albedo-2K.jpg,/Volumes/Data/University/PPMGR/Blender_Mat_Generator_PPMGR/Projects/textures/fabric_131_albedo-2K.jpg,/Volumes/Data/University/PPMGR/Blender_Mat_Generator_PPMGR/Projects/textures
fabric_132_albedo-2K.jpg,/Volumes/Data/University/PPMGR/Blender_Mat_Generator_PPMGR/Projects/textures/fabric_132_albedo-2K.jpg,/Volumes/Data/University/PPMGR/Blender_Mat_Generator_PPMGR/Projects/textures
fabric_133_albedo-2K.jpg,/Volumes/Data/University/PPMGR/Blender_Mat_Generator_PPMGR/Projects/textures/fabric_133_albedo-2K.jpg,/Volumes/Data/University/PPMGR/Blender_Mat_Generator_PPMGR/Projects/textures
fabric_134_albedo-2K.jpg,/Volumes/Data/University/PPMGR/Blender_Mat_Generator_PPMGR/Projects/textures/fabric_134_albedo-2K.jpg,/Volumes/Data/University/PPMGR/Blender_Mat_Generator_PPMGR/Projects/textures
fabric_135_albedo-2K.jpg,/Volumes/Data/University/PPMGR/Blender_Mat_Generator_PPMGR/Projects/textures/fabric_135_albedo-2K.jpg,/Volumes/Data/University/PPMGR/Blender_Mat_Generator_PPMGR/Projects/textures
fabric_136_basecolor-2K.jpg,/Volumes/Data/University/PPMGR/Blender_Mat_Generator_PPMGR/Projects/textures/fabric_136_basecolor-2K.jpg,/Volumes/Data/University/PPMGR/Blender_Mat_Generator_PPMGR/Projects/textures
fabric_137_basecolor-2K.jpg,/Volumes/Data/University/PPMGR/Blender_Mat_Generator_PPMGR/Projects/textures/fabric_137_basecolor-2K.jpg,/Volumes/Data/University/PPMGR/Blender_Mat_Generator_PPMGR/Projects/textures
fabric_138_basecolor-2K.jpg,/Volumes/Data/University/PPMGR/Blender_Mat_Generator_PPMGR/Projects/textures/fabric_138_basecolor-2K.jpg,/Volumes/Data/University/PPMGR/Blender_Mat_Generator_PPMGR/Projects/textures
fabric_139_basecolor-2K.jpg,/Volumes/Data/University/PPMGR/Blender_Mat_Generator_PPMGR/Projects/textures/fabric_139_basecolor-2K.jpg,/Volumes/Data/University/PPMGR/Blender_Mat_Generator_PPMGR/Projects/textures
fabric_13_color.jpg,/Volumes/Data/University/PPMGR/Blender_Mat_Generator_PPMGR/Projects/textures/fabric_13_color.jpg,/Volumes/Data/University/PPMGR/Blender_Mat_Generator_PPMGR/Projects/textures
fabric_140_basecolor-2K.jpg,/Volumes/Data/University/PPMGR/Blender_Mat_Generator_PPMGR/Projects/textures/fabric_140_basecolor-2K.jpg,/Volumes/Data/University/PPMGR/Blender_Mat_Generator_PPMGR/Projects/textures
fabric_141_basecolor-2K.jpg,/Volumes/Data/University/PPMGR/Blender_Mat_Generator_PPMGR/Projects/textures/fabric_141_basecolor-2K.jpg,/Volumes/Data/University/PPMGR/Blender_Mat_Generator_PPMGR/Projects/textures
fabric_142_basecolor-2K.jpg,/Volumes/Data/University/PPMGR/Blender_Mat_Generator_PPMGR/Projects/textures/fabric_142_basecolor-2K.jpg,/Volumes/Data/University/PPMGR/Blender_Mat_Generator_PPMGR/Projects/textures
fabric_143_basecolor-2K.jpg,/Volumes/Data/University/PPMGR/Blender_Mat_Generator_PPMGR/Projects/textures/fabric_143_basecolor-2K.jpg,/Volumes/Data/University/PPMGR/Blender_Mat_Generator_PPMGR/Projects/textures
fabric_143_normal-2K.png,/Volumes/Data/University/PPMGR/Blender_Mat_Generator_PPMGR/Projects/textures/fabric_143_normal-2K.png,/Volumes/Data/University/PPMGR/Blender_Mat_Generator_PPMGR/Projects/textures
fabric_144_basecolor-2K.jpg,/Volumes/Data/University/PPMGR/Blender_Mat_Generator_PPMGR/Projects/textures/fabric_144_basecolor-2K.jpg,/Volumes/Data/University/PPMGR/Blender_Mat_Generator_PPMGR/Projects/textures
fabric_145_basecolor-2K.jpg,/Volumes/Data/University/PPMGR/Blender_Mat_Generator_PPMGR/Projects/textures/fabric_145_basecolor-2K.jpg,/Volumes/Data/University/PPMGR/Blender_Mat_Generator_PPMGR/Projects/textures
fabric_146_basecolor-2K.jpg,/Volumes/Data/University/PPMGR/Blender_Mat_Generator_PPMGR/Projects/textures/fabric_146_basecolor-2K.jpg,/Volumes/Data/University/PPMGR/Blender_Mat_Generator_PPMGR/Projects/textures
fabric_147_basecolor-2K.jpg,/Volumes/Data/University/PPMGR/Blender_Mat_Generator_PPMGR/Projects/textures/fabric_147_basecolor-2K.jpg,/Volumes/Data/University/PPMGR/Blender_Mat_Generator_PPMGR/Projects/textures
fabric_148_basecolor-2K.jpg,/Volumes/Data/University/PPMGR/Blender_Mat_Generator_PPMGR/Projects/textures/fabric_148_basecolor-2K.jpg,/Volumes/Data/University/PPMGR/Blender_Mat_Generator_PPMGR/Projects/textures
fabric_149_basecolor-2K.jpg,/Volumes/Data/University/PPMGR/Blender_Mat_Generator_PPMGR/Projects/textures/fabric_149_basecolor-2K.jpg,/Volumes/Data/University/PPMGR/Blender_Mat_Generator_PPMGR/Projects/textures
fabric_14_color.jpg,/Volumes/Data/University/PPMGR/Blender_Mat_Generator_PPMGR/Projects/textures/fabric_14_color.jpg,/Volumes/Data/University/PPMGR/Blender_Mat_Generator_PPMGR/Projects/textures
fabric_150_basecolor-2K.jpg,/Volumes/Data/University/PPMGR/Blender_Mat_Generator_PPMGR/Projects/textures/fabric_150_basecolor-2K.jpg,/Volumes/Data/University/PPMGR/Blender_Mat_Generator_PPMGR/Projects/textures
fabric_151_basecolor-2K.jpg,/Volumes/Data/University/PPMGR/Blender_Mat_Generator_PPMGR/Projects/textures/fabric_151_basecolor-2K.jpg,/Volumes/Data/University/PPMGR/Blender_Mat_Generator_PPMGR/Projects/textures
fabric_152_basecolor-2K.jpg,/Volumes/Data/University/PPMGR/Blender_Mat_Generator_PPMGR/Projects/textures/fabric_152_basecolor-2K.jpg,/Volumes/Data/University/PPMGR/Blender_Mat_Generator_PPMGR/Projects/textures
fabric_153_basecolor-2K.jpg,/Volumes/Data/University/PPMGR/Blender_Mat_Generator_PPMGR/Projects/textures/fabric_153_basecolor-2K.jpg,/Volumes/Data/University/PPMGR/Blender_Mat_Generator_PPMGR/Projects/textures
fabric_154_basecolor-2K.jpg,/Volumes/Data/University/PPMGR/Blender_Mat_Generator_PPMGR/Projects/textures/fabric_154_basecolor-2K.jpg,/Volumes/Data/University/PPMGR/Blender_Mat_Generator_PPMGR/Projects/textures
fabric_155_basecolor-2K.jpg,/Volumes/Data/University/PPMGR/Blender_Mat_Generator_PPMGR/Projects/textures/fabric_155_basecolor-2K.jpg,/Volumes/Data/University/PPMGR/Blender_Mat_Generator_PPMGR/Projects/textures
fabric_15_color.jpg,/Volumes/Data/University/PPMGR/Blender_Mat_Generator_PPMGR/Projects/textures/fabric_15_color.jpg,/Volumes/Data/University/PPMGR/Blender_Mat_Generator_PPMGR/Projects/textures
fabric_18_color.jpg,/Volumes/Data/University/PPMGR/Blender_Mat_Generator_PPMGR/Projects/textures/fabric_18_color.jpg,/Volumes/Data/University/PPMGR/Blender_Mat_Generator_PPMGR/Projects/textures
fabric_19_color.jpg,/Volumes/Data/University/PPMGR/Blender_Mat_Generator_PPMGR/Projects/textures/fabric_19_color.jpg,/Volumes/Data/University/PPMGR/Blender_Mat_Generator_PPMGR/Projects/textures
fabric_20_color.jpg,/Volumes/Data/University/PPMGR/Blender_Mat_Generator_PPMGR/Projects/textures/fabric_20_color.jpg,/Volumes/Data/University/PPMGR/Blender_Mat_Generator_PPMGR/Projects/textures
fabric_22_color.jpg,/Volumes/Data/University/PPMGR/Blender_Mat_Generator_PPMGR/Projects/textures/fabric_22_color.jpg,/Volumes/Data/University/PPMGR/Blender_Mat_Generator_PPMGR/Projects/textures
fabric_24_color.jpg,/Volumes/Data/University/PPMGR/Blender_Mat_Generator_PPMGR/Projects/textures/fabric_24_color.jpg,/Volumes/Data/University/PPMGR/Blender_Mat_Generator_PPMGR/Projects/textures
fabric_85_basecolor-2K.png,/Volumes/Data/University/PPMGR/Blender_Mat_Generator_PPMGR/Projects/textures/fabric_85_basecolor-2K.png,/Volumes/Data/University/PPMGR/Blender_Mat_Generator_PPMGR/Projects/textures
fabric_86_basecolor-2K.png,/Volumes/Data/University/PPMGR/Blender_Mat_Generator_PPMGR/Projects/textures/fabric_86_basecolor-2K.png,/Volumes/Data/University/PPMGR/Blender_Mat_Generator_PPMGR/Projects/textures
fabric_87_basecolor-2K.png,/Volumes/Data/University/PPMGR/Blender_Mat_Generator_PPMGR/Projects/textures/fabric_87_basecolor-2K.png,/Volumes/Data/University/PPMGR/Blender_Mat_Generator_PPMGR/Projects/textures
fabric_88_basecolor-2K.png,/Volumes/Data/University/PPMGR/Blender_Mat_Generator_PPMGR/Projects/textures/fabric_88_basecolor-2K.png,/Volumes/Data/University/PPMGR/Blender_Mat_Generator_PPMGR/Projects/textures
fabric_89_basecolor-2K.png,/Volumes/Data/University/PPMGR/Blender_Mat_Generator_PPMGR/Projects/textures/fabric_89_basecolor-2K.png,/Volumes/Data/University/PPMGR/Blender_Mat_Generator_PPMGR/Projects/textures
fabric_90_basecolor-2K.png,/Volumes/Data/University/PPMGR/Blender_Mat_Generator_PPMGR/Projects/textures/fabric_90_basecolor-2K.png,/Volumes/Data/University/PPMGR/Blender_Mat_Generator_PPMGR/Projects/textures
fabric_91_basecolor-2K-2K.png,/Volumes/Data/University/PPMGR/Blender_Mat_Generator_PPMGR/Projects/textures/fabric_91_basecolor-2K-2K.png,/Volumes/Data/University/PPMGR/Blender_Mat_Generator_PPMGR/Projects/textures
fabric_92_basecolor-2K-2K.png,/Volumes/Data/University/PPMGR/Blender_Mat_Generator_PPMGR/Projects/textures/fabric_92_basecolor-2K-2K.png,/Volumes/Data/University/PPMGR/Blender_Mat_Generator_PPMGR/Projects/textures
fabric_93_basecolor-2K-2K.png,/Volumes/Data/University/PPMGR/Blender_Mat_Generator_PPMGR/Projects/textures/fabric_93_basecolor-2K-2K.png,/Volumes/Data/University/PPMGR/Blender_Mat_Generator_PPMGR/Projects/textures
fabric_94_basecolor-2K-2K.png,/Volumes/Data/University/PPMGR/Blender_Mat_Generator_PPMGR/Projects/textures/fabric_94_basecolor-2K-2K.png,/Volumes/Data/University/PPMGR/Blender_Mat_Generator_PPMGR/Projects/textures
fabric_95_basecolor-2K-2K.png,/Volumes/Data/University/PPMGR/Blender_Mat_Generator_PPMGR/Projects/textures/fabric_95_basecolor-2K-2K.png,/Volumes/Data/University/PPMGR/Blender_Mat_Generator_PPMGR/Projects/textures
fabric_96_basecolor-2K.png,/Volumes/Data/University/PPMGR/Blender_Mat_Generator_PPMGR/Projects/textures/fabric_96_basecolor-2K.png,/Volumes/Data/University/PPMGR/Blender_Mat_Generator_PPMGR/Projects/textures
fabric_97_basecolor-2K.png,/Volumes/Data/University/PPMGR/Blender_Mat_Generator_PPMGR/Projects/textures/fabric_97_basecolor-2K.png,/Volumes/Data/University/PPMGR/Blender_Mat_Generator_PPMGR/Projects/textures
fabric_beige_diffuse.jpg,/Volumes/Data/University/PPMGR/Blender_Mat_Generator_PPMGR/Projects/textures/fabric_beige_diffuse.jpg,/Volumes/Data/University/PPMGR/Blender_Mat_Generator_PPMGR/Projects/textures
fabric_cross_pattern_var_Base_Color.jpg,/Volumes/Data/University/PPMGR/Blender_Mat_Generator_PPMGR/Projects/textures/fabric_cross_pattern_var_Base_Color.jpg,/Volumes/Data/University/PPMGR/Blender_Mat_Generator_PPMGR/Projects/textures
fabric_leather_01_diff_8k.jpg,/Volumes/Data/University/PPMGR/Blender_Mat_Generator_PPMGR/Projects/textures/fabric_leather_01_diff_8k.jpg,/Volumes/Data/University/PPMGR/Blender_Mat_Generator_PPMGR/Projects/textures
fabric_leather_02_diff_8k.jpg,/Volumes/Data/University/PPMGR/Blender_Mat_Generator_PPMGR/Projects/textures/fabric_leather_02_diff_8k.jpg,/Volumes/Data/University/PPMGR/Blender_Mat_Generator_PPMGR/Projects/textures
fabric_pattern_05_col_01_8k.jpg,/Volumes/Data/University/PPMGR/Blender_Mat_Generator_PPMGR/Projects/textures/fabric_pattern_05_col_01_8k.jpg,/Volumes/Data/University/PPMGR/Blender_Mat_Generator_PPMGR/Projects/textures
fabric_pattern_07_col_1_8k.jpg,/Volumes/Data/University/PPMGR/Blender_Mat_Generator_PPMGR/Projects/textures/fabric_pattern_07_col_1_8k.jpg,/Volumes/Data/University/PPMGR/Blender_Mat_Generator_PPMGR/Projects/textures
facade_seamless_Albedo.jpg,/Volumes/Data/University/PPMGR/Blender_Mat_Generator_PPMGR/Projects/textures/facade_seamless_Albedo.jpg,/Volumes/Data/University/PPMGR/Blender_Mat_Generator_PPMGR/Projects/textures
factory_wall_diff_8k.jpg,/Volumes/Data/University/PPMGR/Blender_Mat_Generator_PPMGR/Projects/textures/factory_wall_diff_8k.jpg,/Volumes/Data/University/PPMGR/Blender_Mat_Generator_PPMGR/Projects/textures
fan_shaped_black_pavement_Base_Color.jpg,/Volumes/Data/University/PPMGR/Blender_Mat_Generator_PPMGR/Projects/textures/fan_shaped_black_pavement_Base_Color.jpg,/Volumes/Data/University/PPMGR/Blender_Mat_Generator_PPMGR/Projects/textures
fan_shaped_grey_pavement_Base_Color.jpg,/Volumes/Data/University/PPMGR/Blender_Mat_Generator_PPMGR/Projects/textures/fan_shaped_grey_pavement_Base_Color.jpg,/Volumes/Data/University/PPMGR/Blender_Mat_Generator_PPMGR/Projects/textures
fashioned_black_and_white_tiles_Base_Color.jpg,/Volumes/Data/University/PPMGR/Blender_Mat_Generator_PPMGR/Projects/textures/fashioned_black_and_white_tiles_Base_Color.jpg,/Volumes/Data/University/PPMGR/Blender_Mat_Generator_PPMGR/Projects/textures
fashioned_black_and_white_tiles_dirty__Base_Color.jpg,/Volumes/Data/University/PPMGR/Blender_Mat_Generator_PPMGR/Projects/textures/fashioned_black_and_white_tiles_dirty__Base_Color.jpg,/Volumes/Data/University/PPMGR/Blender_Mat_Generator_PPMGR/Projects/textures
field_color.jpg,/Volumes/Data/University/PPMGR/Blender_Mat_Generator_PPMGR/Projects/textures/field_color.jpg,/Volumes/Data/University/PPMGR/Blender_Mat_Generator_PPMGR/Projects/textures
field_v3_4k_Base_Color.jpg,/Volumes/Data/University/PPMGR/Blender_Mat_Generator_PPMGR/Projects/textures/field_v3_4k_Base_Color.jpg,/Volumes/Data/University/PPMGR/Blender_Mat_Generator_PPMGR/Projects/textures
fineWood_diffuse.jpg,/Volumes/Data/University/PPMGR/Blender_Mat_Generator_PPMGR/Projects/textures/fineWood_diffuse.jpg,/Volumes/Data/University/PPMGR/Blender_Mat_Generator_PPMGR/Projects/textures
fineWood_diffuse.jpg.png,/Volumes/Data/University/PPMGR/Blender_Mat_Generator_PPMGR/Projects/textures/fineWood_diffuse.jpg.png,/Volumes/Data/University/PPMGR/Blender_Mat_Generator_PPMGR/Projects/textures
fine_grained_wood_col_8k.jpg,/Volumes/Data/University/PPMGR/Blender_Mat_Generator_PPMGR/Projects/textures/fine_grained_wood_col_8k.jpg,/Volumes/Data/University/PPMGR/Blender_Mat_Generator_PPMGR/Projects/textures
fine_wood_diffuse.jpg,/Volumes/Data/University/PPMGR/Blender_Mat_Generator_PPMGR/Projects/textures/fine_wood_diffuse.jpg,/Volumes/Data/University/PPMGR/Blender_Mat_Generator_PPMGR/Projects/textures
fine_wood_diffuse.jpg.png,/Volumes/Data/University/PPMGR/Blender_Mat_Generator_PPMGR/Projects/textures/fine_wood_diffuse.jpg.png,/Volumes/Data/University/PPMGR/Blender_Mat_Generator_PPMGR/Projects/textures
fire-clipart-flame-3.png,/Volumes/Data/University/PPMGR/Blender_Mat_Generator_PPMGR/Projects/textures/fire-clipart-flame-3.png,/Volumes/Data/University/PPMGR/Blender_Mat_Generator_PPMGR/Projects/textures
fire-clipart-flame-3000.png,/Volumes/Data/University/PPMGR/Blender_Mat_Generator_PPMGR/Projects/textures/fire-clipart-flame-3000.png,/Volumes/Data/University/PPMGR/Blender_Mat_Generator_PPMGR/Projects/textures
floor mat_Diffuse.jpg,/Volumes/Data/University/PPMGR/Blender_Mat_Generator_PPMGR/Projects/textures/floor mat_Diffuse.jpg,/Volumes/Data/University/PPMGR/Blender_Mat_Generator_PPMGR/Projects/textures
floor wety mossy_Diffuse.jpg,/Volumes/Data/University/PPMGR/Blender_Mat_Generator_PPMGR/Projects/textures/floor wety mossy_Diffuse.jpg,/Volumes/Data/University/PPMGR/Blender_Mat_Generator_PPMGR/Projects/textures
floor wooden tile_BaseColor.jpg,/Volumes/Data/University/PPMGR/Blender_Mat_Generator_PPMGR/Projects/textures/floor wooden tile_BaseColor.jpg,/Volumes/Data/University/PPMGR/Blender_Mat_Generator_PPMGR/Projects/textures
floor wooden tileb_BaseColor.jpg,/Volumes/Data/University/PPMGR/Blender_Mat_Generator_PPMGR/Projects/textures/floor wooden tileb_BaseColor.jpg,/Volumes/Data/University/PPMGR/Blender_Mat_Generator_PPMGR/Projects/textures
floor-natural-oak-Parquet_BaseColor.jpg,/Volumes/Data/University/PPMGR/Blender_Mat_Generator_PPMGR/Projects/textures/floor-natural-oak-Parquet_BaseColor.jpg,/Volumes/Data/University/PPMGR/Blender_Mat_Generator_PPMGR/Projects/textures
floor-tiles-1_diffuse.jpg,/Volumes/Data/University/PPMGR/Blender_Mat_Generator_PPMGR/Projects/textures/floor-tiles-1_diffuse.jpg,/Volumes/Data/University/PPMGR/Blender_Mat_Generator_PPMGR/Projects/textures
floor_klinkers_04_diff_8k.jpg,/Volumes/Data/University/PPMGR/Blender_Mat_Generator_PPMGR/Projects/textures/floor_klinkers_04_diff_8k.jpg,/Volumes/Data/University/PPMGR/Blender_Mat_Generator_PPMGR/Projects/textures
floor_pattern_01_diff_8k.jpg,/Volumes/Data/University/PPMGR/Blender_Mat_Generator_PPMGR/Projects/textures/floor_pattern_01_diff_8k.jpg,/Volumes/Data/University/PPMGR/Blender_Mat_Generator_PPMGR/Projects/textures
floor_pattern_02_diff_8k.jpg,/Volumes/Data/University/PPMGR/Blender_Mat_Generator_PPMGR/Projects/textures/floor_pattern_02_diff_8k.jpg,/Volumes/Data/University/PPMGR/Blender_Mat_Generator_PPMGR/Projects/textures
floor_pavement_diff_8k.jpg,/Volumes/Data/University/PPMGR/Blender_Mat_Generator_PPMGR/Projects/textures/floor_pavement_diff_8k.jpg,/Volumes/Data/University/PPMGR/Blender_Mat_Generator_PPMGR/Projects/textures
floor_pebbles_01_diff_8k.jpg,/Volumes/Data/University/PPMGR/Blender_Mat_Generator_PPMGR/Projects/textures/floor_pebbles_01_diff_8k.jpg,/Volumes/Data/University/PPMGR/Blender_Mat_Generator_PPMGR/Projects/textures
floor_tiles_02_diff_4k.jpg,/Volumes/Data/University/PPMGR/Blender_Mat_Generator_PPMGR/Projects/textures/floor_tiles_02_diff_4k.jpg,/Volumes/Data/University/PPMGR/Blender_Mat_Generator_PPMGR/Projects/textures
floor_tiles_02_diff_8k.jpg,/Volumes/Data/University/PPMGR/Blender_Mat_Generator_PPMGR/Projects/textures/floor_tiles_02_diff_8k.jpg,/Volumes/Data/University/PPMGR/Blender_Mat_Generator_PPMGR/Projects/textures
floor_tiles_04_diff_8k.jpg,/Volumes/Data/University/PPMGR/Blender_Mat_Generator_PPMGR/Projects/textures/floor_tiles_04_diff_8k.jpg,/Volumes/Data/University/PPMGR/Blender_Mat_Generator_PPMGR/Projects/textures
floor_tiles_06_diff_8k.jpg,/Volumes/Data/University/PPMGR/Blender_Mat_Generator_PPMGR/Projects/textures/floor_tiles_06_diff_8k.jpg,/Volumes/Data/University/PPMGR/Blender_Mat_Generator_PPMGR/Projects/textures
floor_tiles_08_diff_8k.jpg,/Volumes/Data/University/PPMGR/Blender_Mat_Generator_PPMGR/Projects/textures/floor_tiles_08_diff_8k.jpg,/Volumes/Data/University/PPMGR/Blender_Mat_Generator_PPMGR/Projects/textures
floor_tiles_09_diff_8k.jpg,/Volumes/Data/University/PPMGR/Blender_Mat_Generator_PPMGR/Projects/textures/floor_tiles_09_diff_8k.jpg,/Volumes/Data/University/PPMGR/Blender_Mat_Generator_PPMGR/Projects/textures
floorboards-3_diffuse.jpg,/Volumes/Data/University/PPMGR/Blender_Mat_Generator_PPMGR/Projects/textures/floorboards-3_diffuse.jpg,/Volumes/Data/University/PPMGR/Blender_Mat_Generator_PPMGR/Projects/textures
floorboards-4_diffuse.jpg,/Volumes/Data/University/PPMGR/Blender_Mat_Generator_PPMGR/Projects/textures/floorboards-4_diffuse.jpg,/Volumes/Data/University/PPMGR/Blender_Mat_Generator_PPMGR/Projects/textures
floorboards-5_diffuse.jpg,/Volumes/Data/University/PPMGR/Blender_Mat_Generator_PPMGR/Projects/textures/floorboards-5_diffuse.jpg,/Volumes/Data/University/PPMGR/Blender_Mat_Generator_PPMGR/Projects/textures
floorboards-6_diffuse.jpg,/Volumes/Data/University/PPMGR/Blender_Mat_Generator_PPMGR/Projects/textures/floorboards-6_diffuse.jpg,/Volumes/Data/University/PPMGR/Blender_Mat_Generator_PPMGR/Projects/textures
flooring_diffuse.jpg,/Volumes/Data/University/PPMGR/Blender_Mat_Generator_PPMGR/Projects/textures/flooring_diffuse.jpg,/Volumes/Data/University/PPMGR/Blender_Mat_Generator_PPMGR/Projects/textures
floorinh_diffuse.jpg,/Volumes/Data/University/PPMGR/Blender_Mat_Generator_PPMGR/Projects/textures/floorinh_diffuse.jpg,/Volumes/Data/University/PPMGR/Blender_Mat_Generator_PPMGR/Projects/textures
floral 05_diffuseOriginal.jpg,/Volumes/Data/University/PPMGR/Blender_Mat_Generator_PPMGR/Projects/textures/floral 05_diffuseOriginal.jpg,/Volumes/Data/University/PPMGR/Blender_Mat_Generator_PPMGR/Projects/textures
floral wall paper-diffuse.jpg,/Volumes/Data/University/PPMGR/Blender_Mat_Generator_PPMGR/Projects/textures/floral wall paper-diffuse.jpg,/Volumes/Data/University/PPMGR/Blender_Mat_Generator_PPMGR/Projects/textures
floral_01_color.jpg,/Volumes/Data/University/PPMGR/Blender_Mat_Generator_PPMGR/Projects/textures/floral_01_color.jpg,/Volumes/Data/University/PPMGR/Blender_Mat_Generator_PPMGR/Projects/textures
floral_02_color.jpg,/Volumes/Data/University/PPMGR/Blender_Mat_Generator_PPMGR/Projects/textures/floral_02_color.jpg,/Volumes/Data/University/PPMGR/Blender_Mat_Generator_PPMGR/Projects/textures
floral_03_color.jpg,/Volumes/Data/University/PPMGR/Blender_Mat_Generator_PPMGR/Projects/textures/floral_03_color.jpg,/Volumes/Data/University/PPMGR/Blender_Mat_Generator_PPMGR/Projects/textures
floral_04_color.jpg,/Volumes/Data/University/PPMGR/Blender_Mat_Generator_PPMGR/Projects/textures/floral_04_color.jpg,/Volumes/Data/University/PPMGR/Blender_Mat_Generator_PPMGR/Projects/textures
floral_09_color.jpg,/Volumes/Data/University/PPMGR/Blender_Mat_Generator_PPMGR/Projects/textures/floral_09_color.jpg,/Volumes/Data/University/PPMGR/Blender_Mat_Generator_PPMGR/Projects/textures
floral_15_color.jpg,/Volumes/Data/University/PPMGR/Blender_Mat_Generator_PPMGR/Projects/textures/floral_15_color.jpg,/Volumes/Data/University/PPMGR/Blender_Mat_Generator_PPMGR/Projects/textures
floral_yellow_color.jpg,/Volumes/Data/University/PPMGR/Blender_Mat_Generator_PPMGR/Projects/textures/floral_yellow_color.jpg,/Volumes/Data/University/PPMGR/Blender_Mat_Generator_PPMGR/Projects/textures
flourish-1_diffuse.jpg,/Volumes/Data/University/PPMGR/Blender_Mat_Generator_PPMGR/Projects/textures/flourish-1_diffuse.jpg,/Volumes/Data/University/PPMGR/Blender_Mat_Generator_PPMGR/Projects/textures
flourish-3_diffuse.jpg,/Volumes/Data/University/PPMGR/Blender_Mat_Generator_PPMGR/Projects/textures/flourish-3_diffuse.jpg,/Volumes/Data/University/PPMGR/Blender_Mat_Generator_PPMGR/Projects/textures
flower cloth_Diffuse.jpg,/Volumes/Data/University/PPMGR/Blender_Mat_Generator_PPMGR/Projects/textures/flower cloth_Diffuse.jpg,/Volumes/Data/University/PPMGR/Blender_Mat_Generator_PPMGR/Projects/textures
flower wall paper.jpg,/Volumes/Data/University/PPMGR/Blender_Mat_Generator_PPMGR/Projects/textures/flower wall paper.jpg,/Volumes/Data/University/PPMGR/Blender_Mat_Generator_PPMGR/Projects/textures
flower_001_11222023_BaseColor.jpg,/Volumes/Data/University/PPMGR/Blender_Mat_Generator_PPMGR/Projects/textures/flower_001_11222023_BaseColor.jpg,/Volumes/Data/University/PPMGR/Blender_Mat_Generator_PPMGR/Projects/textures
flower_002_11222023_BaseColor.jpg,/Volumes/Data/University/PPMGR/Blender_Mat_Generator_PPMGR/Projects/textures/flower_002_11222023_BaseColor.jpg,/Volumes/Data/University/PPMGR/Blender_Mat_Generator_PPMGR/Projects/textures
flower_fabric_basecolor.jpg,/Volumes/Data/University/PPMGR/Blender_Mat_Generator_PPMGR/Projects/textures/flower_fabric_basecolor.jpg,/Volumes/Data/University/PPMGR/Blender_Mat_Generator_PPMGR/Projects/textures
flowers-6729061_960_720.jpg,/Volumes/Data/University/PPMGR/Blender_Mat_Generator_PPMGR/Projects/textures/flowers-6729061_960_720.jpg,/Volumes/Data/University/PPMGR/Blender_Mat_Generator_PPMGR/Projects/textures
flowers_pink_baseColor.png,/Volumes/Data/University/PPMGR/Blender_Mat_Generator_PPMGR/Projects/textures/flowers_pink_baseColor.png,/Volumes/Data/University/PPMGR/Blender_Mat_Generator_PPMGR/Projects/textures
flowers_pink_normal.jpg,/Volumes/Data/University/PPMGR/Blender_Mat_Generator_PPMGR/Projects/textures/flowers_pink_normal.jpg,/Volumes/Data/University/PPMGR/Blender_Mat_Generator_PPMGR/Projects/textures
foil panels_BaseColor.jpg,/Volumes/Data/University/PPMGR/Blender_Mat_Generator_PPMGR/Projects/textures/foil panels_BaseColor.jpg,/Volumes/Data/University/PPMGR/Blender_Mat_Generator_PPMGR/Projects/textures
foil panels_BaseColor.jpg.png,/Volumes/Data/University/PPMGR/Blender_Mat_Generator_PPMGR/Projects/textures/foil panels_BaseColor.jpg.png,/Volumes/Data/University/PPMGR/Blender_Mat_Generator_PPMGR/Projects/textures
footpath tiles_4K_Diffuse.jpg,/Volumes/Data/University/PPMGR/Blender_Mat_Generator_PPMGR/Projects/textures/footpath tiles_4K_Diffuse.jpg,/Volumes/Data/University/PPMGR/Blender_Mat_Generator_PPMGR/Projects/textures
forest_floor_diff_8k.jpg,/Volumes/Data/University/PPMGR/Blender_Mat_Generator_PPMGR/Projects/textures/forest_floor_diff_8k.jpg,/Volumes/Data/University/PPMGR/Blender_Mat_Generator_PPMGR/Projects/textures
forest_ground_04_diff_8k.jpg,/Volumes/Data/University/PPMGR/Blender_Mat_Generator_PPMGR/Projects/textures/forest_ground_04_diff_8k.jpg,/Volumes/Data/University/PPMGR/Blender_Mat_Generator_PPMGR/Projects/textures
forest_leaves_02_diffuse_8k.jpg,/Volumes/Data/University/PPMGR/Blender_Mat_Generator_PPMGR/Projects/textures/forest_leaves_02_diffuse_8k.jpg,/Volumes/Data/University/PPMGR/Blender_Mat_Generator_PPMGR/Projects/textures
forest_leaves_03_diff_8k.jpg,/Volumes/Data/University/PPMGR/Blender_Mat_Generator_PPMGR/Projects/textures/forest_leaves_03_diff_8k.jpg,/Volumes/Data/University/PPMGR/Blender_Mat_Generator_PPMGR/Projects/textures
forestbrown_1_basecolor-2K.png,/Volumes/Data/University/PPMGR/Blender_Mat_Generator_PPMGR/Projects/textures/forestbrown_1_basecolor-2K.png,/Volumes/Data/University/PPMGR/Blender_Mat_Generator_PPMGR/Projects/textures
forma-col.jpg,/Volumes/Data/University/PPMGR/Blender_Mat_Generator_PPMGR/Projects/textures/forma-col.jpg,/Volumes/Data/University/PPMGR/Blender_Mat_Generator_PPMGR/Projects/textures
forrest_ground_01_diff_8k.jpg,/Volumes/Data/University/PPMGR/Blender_Mat_Generator_PPMGR/Projects/textures/forrest_ground_01_diff_8k.jpg,/Volumes/Data/University/PPMGR/Blender_Mat_Generator_PPMGR/Projects/textures
fossilCoral_COLOR.jpg,/Volumes/Data/University/PPMGR/Blender_Mat_Generator_PPMGR/Projects/textures/fossilCoral_COLOR.jpg,/Volumes/Data/University/PPMGR/Blender_Mat_Generator_PPMGR/Projects/textures
fossilReef_COLOR.jpg,/Volumes/Data/University/PPMGR/Blender_Mat_Generator_PPMGR/Projects/textures/fossilReef_COLOR.jpg,/Volumes/Data/University/PPMGR/Blender_Mat_Generator_PPMGR/Projects/textures
fossilgrey_1_basecolor-2K.png,/Volumes/Data/University/PPMGR/Blender_Mat_Generator_PPMGR/Projects/textures/fossilgrey_1_basecolor-2K.png,/Volumes/Data/University/PPMGR/Blender_Mat_Generator_PPMGR/Projects/textures
freijo_linha_madeira_do_brasil_guararapes.jpg,/Volumes/Data/University/PPMGR/Blender_Mat_Generator_PPMGR/Projects/textures/freijo_linha_madeira_do_brasil_guararapes.jpg,/Volumes/Data/University/PPMGR/Blender_Mat_Generator_PPMGR/Projects/textures
fresh meet_BaseColor.jpg,/Volumes/Data/University/PPMGR/Blender_Mat_Generator_PPMGR/Projects/textures/fresh meet_BaseColor.jpg,/Volumes/Data/University/PPMGR/Blender_Mat_Generator_PPMGR/Projects/textures
fur texture-diffuse.jpg,/Volumes/Data/University/PPMGR/Blender_Mat_Generator_PPMGR/Projects/textures/fur texture-diffuse.jpg,/Volumes/Data/University/PPMGR/Blender_Mat_Generator_PPMGR/Projects/textures
fur-1_diffuse.jpg,/Volumes/Data/University/PPMGR/Blender_Mat_Generator_PPMGR/Projects/textures/fur-1_diffuse.jpg,/Volumes/Data/University/PPMGR/Blender_Mat_Generator_PPMGR/Projects/textures
fur_bc.jpg,/Volumes/Data/University/PPMGR/Blender_Mat_Generator_PPMGR/Projects/textures/fur_bc.jpg,/Volumes/Data/University/PPMGR/Blender_Mat_Generator_PPMGR/Projects/textures
fusion_1_basecolor-2K.png,/Volumes/Data/University/PPMGR/Blender_Mat_Generator_PPMGR/Projects/textures/fusion_1_basecolor-2K.png,/Volumes/Data/University/PPMGR/Blender_Mat_Generator_PPMGR/Projects/textures
galvanised-metal-diffuse.jpg,/Volumes/Data/University/PPMGR/Blender_Mat_Generator_PPMGR/Projects/textures/galvanised-metal-diffuse.jpg,/Volumes/Data/University/PPMGR/Blender_Mat_Generator_PPMGR/Projects/textures
ganges_river_pebbles_diff_16k.jpg,/Volumes/Data/University/PPMGR/Blender_Mat_Generator_PPMGR/Projects/textures/ganges_river_pebbles_diff_16k.jpg,/Volumes/Data/University/PPMGR/Blender_Mat_Generator_PPMGR/Projects/textures
garage_floor_diff_8k.jpg,/Volumes/Data/University/PPMGR/Blender_Mat_Generator_PPMGR/Projects/textures/garage_floor_diff_8k.jpg,/Volumes/Data/University/PPMGR/Blender_Mat_Generator_PPMGR/Projects/textures
geomatry wall_1K_Albedo.jpg,/Volumes/Data/University/PPMGR/Blender_Mat_Generator_PPMGR/Projects/textures/geomatry wall_1K_Albedo.jpg,/Volumes/Data/University/PPMGR/Blender_Mat_Generator_PPMGR/Projects/textures
geometry gray white dot  tiles_BaseColor.jpg,/Volumes/Data/University/PPMGR/Blender_Mat_Generator_PPMGR/Projects/textures/geometry gray white dot  tiles_BaseColor.jpg,/Volumes/Data/University/PPMGR/Blender_Mat_Generator_PPMGR/Projects/textures
gjgese_Diffuse.jpg,/Volumes/Data/University/PPMGR/Blender_Mat_Generator_PPMGR/Projects/textures/gjgese_Diffuse.jpg,/Volumes/Data/University/PPMGR/Blender_Mat_Generator_PPMGR/Projects/textures
glassblocks_basecolor-4K.jpg,/Volumes/Data/University/PPMGR/Blender_Mat_Generator_PPMGR/Projects/textures/glassblocks_basecolor-4K.jpg,/Volumes/Data/University/PPMGR/Blender_Mat_Generator_PPMGR/Projects/textures
glassblocks_basecolor-4K.jpg.png,/Volumes/Data/University/PPMGR/Blender_Mat_Generator_PPMGR/Projects/textures/glassblocks_basecolor-4K.jpg.png,/Volumes/Data/University/PPMGR/Blender_Mat_Generator_PPMGR/Projects/textures
glassbricks_basecolor-4k.jpg,/Volumes/Data/University/PPMGR/Blender_Mat_Generator_PPMGR/Projects/textures/glassbricks_basecolor-4k.jpg,/Volumes/Data/University/PPMGR/Blender_Mat_Generator_PPMGR/Projects/textures
glassbricks_basecolor-4k.jpg.png,/Volumes/Data/University/PPMGR/Blender_Mat_Generator_PPMGR/Projects/textures/glassbricks_basecolor-4k.jpg.png,/Volumes/Data/University/PPMGR/Blender_Mat_Generator_PPMGR/Projects/textures
glitter over perforated plstic b_BaseColor.jpg,/Volumes/Data/University/PPMGR/Blender_Mat_Generator_PPMGR/Projects/textures/glitter over perforated plstic b_BaseColor.jpg,/Volumes/Data/University/PPMGR/Blender_Mat_Generator_PPMGR/Projects/textures
glitter over perforated plstic_BaseColor.jpg,/Volumes/Data/University/PPMGR/Blender_Mat_Generator_PPMGR/Projects/textures/glitter over perforated plstic_BaseColor.jpg,/Volumes/Data/University/PPMGR/Blender_Mat_Generator_PPMGR/Projects/textures
gold check medium fabric_BaseColor.jpg,/Volumes/Data/University/PPMGR/Blender_Mat_Generator_PPMGR/Projects/textures/gold check medium fabric_BaseColor.jpg,/Volumes/Data/University/PPMGR/Blender_Mat_Generator_PPMGR/Projects/textures
gold pile_1K_Albedo.jpg,/Volumes/Data/University/PPMGR/Blender_Mat_Generator_PPMGR/Projects/textures/gold pile_1K_Albedo.jpg,/Volumes/Data/University/PPMGR/Blender_Mat_Generator_PPMGR/Projects/textures
gold pile_1K_Normal.jpg,/Volumes/Data/University/PPMGR/Blender_Mat_Generator_PPMGR/Projects/textures/gold pile_1K_Normal.jpg,/Volumes/Data/University/PPMGR/Blender_Mat_Generator_PPMGR/Projects/textures
gold pile_1K_Specular.jpg,/Volumes/Data/University/PPMGR/Blender_Mat_Generator_PPMGR/Projects/textures/gold pile_1K_Specular.jpg,/Volumes/Data/University/PPMGR/Blender_Mat_Generator_PPMGR/Projects/textures
gold wall_Albedo.jpg,/Volumes/Data/University/PPMGR/Blender_Mat_Generator_PPMGR/Projects/textures/gold wall_Albedo.jpg,/Volumes/Data/University/PPMGR/Blender_Mat_Generator_PPMGR/Projects/textures
gold wall_Specular.jpg,/Volumes/Data/University/PPMGR/Blender_Mat_Generator_PPMGR/Projects/textures/gold wall_Specular.jpg,/Volumes/Data/University/PPMGR/Blender_Mat_Generator_PPMGR/Projects/textures
gold_sandblasted_baseColor.jpg,/Volumes/Data/University/PPMGR/Blender_Mat_Generator_PPMGR/Projects/textures/gold_sandblasted_baseColor.jpg,/Volumes/Data/University/PPMGR/Blender_Mat_Generator_PPMGR/Projects/textures
gold_sandblasted_specular.jpeg,/Volumes/Data/University/PPMGR/Blender_Mat_Generator_PPMGR/Projects/textures/gold_sandblasted_specular.jpeg,/Volumes/Data/University/PPMGR/Blender_Mat_Generator_PPMGR/Projects/textures
golden floral wallpaper-diffuse.jpg,/Volumes/Data/University/PPMGR/Blender_Mat_Generator_PPMGR/Projects/textures/golden floral wallpaper-diffuse.jpg,/Volumes/Data/University/PPMGR/Blender_Mat_Generator_PPMGR/Projects/textures
golden hammer fabric_BaseColor.jpg,/Volumes/Data/University/PPMGR/Blender_Mat_Generator_PPMGR/Projects/textures/golden hammer fabric_BaseColor.jpg,/Volumes/Data/University/PPMGR/Blender_Mat_Generator_PPMGR/Projects/textures
golden pattern fabric_BaseColor.jpg,/Volumes/Data/University/PPMGR/Blender_Mat_Generator_PPMGR/Projects/textures/golden pattern fabric_BaseColor.jpg,/Volumes/Data/University/PPMGR/Blender_Mat_Generator_PPMGR/Projects/textures
golden plastic_BaseColor.jpg,/Volumes/Data/University/PPMGR/Blender_Mat_Generator_PPMGR/Projects/textures/golden plastic_BaseColor.jpg,/Volumes/Data/University/PPMGR/Blender_Mat_Generator_PPMGR/Projects/textures
golden raster fabric_BaseColor.jpg,/Volumes/Data/University/PPMGR/Blender_Mat_Generator_PPMGR/Projects/textures/golden raster fabric_BaseColor.jpg,/Volumes/Data/University/PPMGR/Blender_Mat_Generator_PPMGR/Projects/textures
golden rossete fabric_BaseColor.jpg,/Volumes/Data/University/PPMGR/Blender_Mat_Generator_PPMGR/Projects/textures/golden rossete fabric_BaseColor.jpg,/Volumes/Data/University/PPMGR/Blender_Mat_Generator_PPMGR/Projects/textures
golden strip_diffuseOriginal.jpg,/Volumes/Data/University/PPMGR/Blender_Mat_Generator_PPMGR/Projects/textures/golden strip_diffuseOriginal.jpg,/Volumes/Data/University/PPMGR/Blender_Mat_Generator_PPMGR/Projects/textures
golden-silk-diffuse.jpg,/Volumes/Data/University/PPMGR/Blender_Mat_Generator_PPMGR/Projects/textures/golden-silk-diffuse.jpg,/Volumes/Data/University/PPMGR/Blender_Mat_Generator_PPMGR/Projects/textures
golden_teak_basecolor.jpg,/Volumes/Data/University/PPMGR/Blender_Mat_Generator_PPMGR/Projects/textures/golden_teak_basecolor.jpg,/Volumes/Data/University/PPMGR/Blender_Mat_Generator_PPMGR/Projects/textures
goldenblack_1_basecolor-2K.png,/Volumes/Data/University/PPMGR/Blender_Mat_Generator_PPMGR/Projects/textures/goldenblack_1_basecolor-2K.png,/Volumes/Data/University/PPMGR/Blender_Mat_Generator_PPMGR/Projects/textures
goldenblack_2_basecolor-2K.png,/Volumes/Data/University/PPMGR/Blender_Mat_Generator_PPMGR/Projects/textures/goldenblack_2_basecolor-2K.png,/Volumes/Data/University/PPMGR/Blender_Mat_Generator_PPMGR/Projects/textures
goldenonyx_1_basecolor-2K.png,/Volumes/Data/University/PPMGR/Blender_Mat_Generator_PPMGR/Projects/textures/goldenonyx_1_basecolor-2K.png,/Volumes/Data/University/PPMGR/Blender_Mat_Generator_PPMGR/Projects/textures
gpine wood plank b_BaseColor.jpg,/Volumes/Data/University/PPMGR/Blender_Mat_Generator_PPMGR/Projects/textures/gpine wood plank b_BaseColor.jpg,/Volumes/Data/University/PPMGR/Blender_Mat_Generator_PPMGR/Projects/textures
granite-blocks_diffuse.jpg,/Volumes/Data/University/PPMGR/Blender_Mat_Generator_PPMGR/Projects/textures/granite-blocks_diffuse.jpg,/Volumes/Data/University/PPMGR/Blender_Mat_Generator_PPMGR/Projects/textures
granular_concrete_diff_8k.jpg,/Volumes/Data/University/PPMGR/Blender_Mat_Generator_PPMGR/Projects/textures/granular_concrete_diff_8k.jpg,/Volumes/Data/University/PPMGR/Blender_Mat_Generator_PPMGR/Projects/textures
grass-1_diffuse.jpg,/Volumes/Data/University/PPMGR/Blender_Mat_Generator_PPMGR/Projects/textures/grass-1_diffuse.jpg,/Volumes/Data/University/PPMGR/Blender_Mat_Generator_PPMGR/Projects/textures
grass-2_diffuse.jpg,/Volumes/Data/University/PPMGR/Blender_Mat_Generator_PPMGR/Projects/textures/grass-2_diffuse.jpg,/Volumes/Data/University/PPMGR/Blender_Mat_Generator_PPMGR/Projects/textures
grass-3_diffuse.jpg,/Volumes/Data/University/PPMGR/Blender_Mat_Generator_PPMGR/Projects/textures/grass-3_diffuse.jpg,/Volumes/Data/University/PPMGR/Blender_Mat_Generator_PPMGR/Projects/textures
grass-4_diffuse.jpg,/Volumes/Data/University/PPMGR/Blender_Mat_Generator_PPMGR/Projects/textures/grass-4_diffuse.jpg,/Volumes/Data/University/PPMGR/Blender_Mat_Generator_PPMGR/Projects/textures
grass-5_diffuse.jpg,/Volumes/Data/University/PPMGR/Blender_Mat_Generator_PPMGR/Projects/textures/grass-5_diffuse.jpg,/Volumes/Data/University/PPMGR/Blender_Mat_Generator_PPMGR/Projects/textures
grass-6_diffuse.jpg,/Volumes/Data/University/PPMGR/Blender_Mat_Generator_PPMGR/Projects/textures/grass-6_diffuse.jpg,/Volumes/Data/University/PPMGR/Blender_Mat_Generator_PPMGR/Projects/textures
grass-7_diffuse.jpg,/Volumes/Data/University/PPMGR/Blender_Mat_Generator_PPMGR/Projects/textures/grass-7_diffuse.jpg,/Volumes/Data/University/PPMGR/Blender_Mat_Generator_PPMGR/Projects/textures
grass-8_diffuse.jpg,/Volumes/Data/University/PPMGR/Blender_Mat_Generator_PPMGR/Projects/textures/grass-8_diffuse.jpg,/Volumes/Data/University/PPMGR/Blender_Mat_Generator_PPMGR/Projects/textures
grass_01_baseColor.jpg,/Volumes/Data/University/PPMGR/Blender_Mat_Generator_PPMGR/Projects/textures/grass_01_baseColor.jpg,/Volumes/Data/University/PPMGR/Blender_Mat_Generator_PPMGR/Projects/textures
grass_03_baseColor.jpg,/Volumes/Data/University/PPMGR/Blender_Mat_Generator_PPMGR/Projects/textures/grass_03_baseColor.jpg,/Volumes/Data/University/PPMGR/Blender_Mat_Generator_PPMGR/Projects/textures
grass_05_baseColor.jpg,/Volumes/Data/University/PPMGR/Blender_Mat_Generator_PPMGR/Projects/textures/grass_05_baseColor.jpg,/Volumes/Data/University/PPMGR/Blender_Mat_Generator_PPMGR/Projects/textures
grass_06_baseColor.jpg,/Volumes/Data/University/PPMGR/Blender_Mat_Generator_PPMGR/Projects/textures/grass_06_baseColor.jpg,/Volumes/Data/University/PPMGR/Blender_Mat_Generator_PPMGR/Projects/textures
grass_1_basecolor-2K.png,/Volumes/Data/University/PPMGR/Blender_Mat_Generator_PPMGR/Projects/textures/grass_1_basecolor-2K.png,/Volumes/Data/University/PPMGR/Blender_Mat_Generator_PPMGR/Projects/textures
grass_color.jpg,/Volumes/Data/University/PPMGR/Blender_Mat_Generator_PPMGR/Projects/textures/grass_color.jpg,/Volumes/Data/University/PPMGR/Blender_Mat_Generator_PPMGR/Projects/textures
grass_concrete_pavement_diff_8k.jpg,/Volumes/Data/University/PPMGR/Blender_Mat_Generator_PPMGR/Projects/textures/grass_concrete_pavement_diff_8k.jpg,/Volumes/Data/University/PPMGR/Blender_Mat_Generator_PPMGR/Projects/textures
grass_path_2_diff_8k.jpg,/Volumes/Data/University/PPMGR/Blender_Mat_Generator_PPMGR/Projects/textures/grass_path_2_diff_8k.jpg,/Volumes/Data/University/PPMGR/Blender_Mat_Generator_PPMGR/Projects/textures
grass_path_3_diff_8k.jpg,/Volumes/Data/University/PPMGR/Blender_Mat_Generator_PPMGR/Projects/textures/grass_path_3_diff_8k.jpg,/Volumes/Data/University/PPMGR/Blender_Mat_Generator_PPMGR/Projects/textures
grassland_material_Base_Color.jpg,/Volumes/Data/University/PPMGR/Blender_Mat_Generator_PPMGR/Projects/textures/grassland_material_Base_Color.jpg,/Volumes/Data/University/PPMGR/Blender_Mat_Generator_PPMGR/Projects/textures
grassleaves_baseColor.jpg,/Volumes/Data/University/PPMGR/Blender_Mat_Generator_PPMGR/Projects/textures/grassleaves_baseColor.jpg,/Volumes/Data/University/PPMGR/Blender_Mat_Generator_PPMGR/Projects/textures
grassleaves_normal.jpg,/Volumes/Data/University/PPMGR/Blender_Mat_Generator_PPMGR/Projects/textures/grassleaves_normal.jpg,/Volumes/Data/University/PPMGR/Blender_Mat_Generator_PPMGR/Projects/textures
grassy_cobblestone_diff_8k.jpg,/Volumes/Data/University/PPMGR/Blender_Mat_Generator_PPMGR/Projects/textures/grassy_cobblestone_diff_8k.jpg,/Volumes/Data/University/PPMGR/Blender_Mat_Generator_PPMGR/Projects/textures
gravel-10_diffuse.jpg,/Volumes/Data/University/PPMGR/Blender_Mat_Generator_PPMGR/Projects/textures/gravel-10_diffuse.jpg,/Volumes/Data/University/PPMGR/Blender_Mat_Generator_PPMGR/Projects/textures
gravel-11_diffuse.jpg,/Volumes/Data/University/PPMGR/Blender_Mat_Generator_PPMGR/Projects/textures/gravel-11_diffuse.jpg,/Volumes/Data/University/PPMGR/Blender_Mat_Generator_PPMGR/Projects/textures
gravel-12_diffuse.jpg,/Volumes/Data/University/PPMGR/Blender_Mat_Generator_PPMGR/Projects/textures/gravel-12_diffuse.jpg,/Volumes/Data/University/PPMGR/Blender_Mat_Generator_PPMGR/Projects/textures
gravel-13_diffuse.jpg,/Volumes/Data/University/PPMGR/Blender_Mat_Generator_PPMGR/Projects/textures/gravel-13_diffuse.jpg,/Volumes/Data/University/PPMGR/Blender_Mat_Generator_PPMGR/Projects/textures
gravel-14_diffuse.jpg,/Volumes/Data/University/PPMGR/Blender_Mat_Generator_PPMGR/Projects/textures/gravel-14_diffuse.jpg,/Volumes/Data/University/PPMGR/Blender_Mat_Generator_PPMGR/Projects/textures
gravel-15_diffuse.jpg,/Volumes/Data/University/PPMGR/Blender_Mat_Generator_PPMGR/Projects/textures/gravel-15_diffuse.jpg,/Volumes/Data/University/PPMGR/Blender_Mat_Generator_PPMGR/Projects/textures
gravel-16_diffuse.jpg,/Volumes/Data/University/PPMGR/Blender_Mat_Generator_PPMGR/Projects/textures/gravel-16_diffuse.jpg,/Volumes/Data/University/PPMGR/Blender_Mat_Generator_PPMGR/Projects/textures
gravel-17_diffuse.jpg,/Volumes/Data/University/PPMGR/Blender_Mat_Generator_PPMGR/Projects/textures/gravel-17_diffuse.jpg,/Volumes/Data/University/PPMGR/Blender_Mat_Generator_PPMGR/Projects/textures
gravel-18_diffuse.jpg,/Volumes/Data/University/PPMGR/Blender_Mat_Generator_PPMGR/Projects/textures/gravel-18_diffuse.jpg,/Volumes/Data/University/PPMGR/Blender_Mat_Generator_PPMGR/Projects/textures
gravel-19_diffuse.jpg,/Volumes/Data/University/PPMGR/Blender_Mat_Generator_PPMGR/Projects/textures/gravel-19_diffuse.jpg,/Volumes/Data/University/PPMGR/Blender_Mat_Generator_PPMGR/Projects/textures
gravel-1_diffuse.jpg,/Volumes/Data/University/PPMGR/Blender_Mat_Generator_PPMGR/Projects/textures/gravel-1_diffuse.jpg,/Volumes/Data/University/PPMGR/Blender_Mat_Generator_PPMGR/Projects/textures
gravel-20_diffuse.jpg,/Volumes/Data/University/PPMGR/Blender_Mat_Generator_PPMGR/Projects/textures/gravel-20_diffuse.jpg,/Volumes/Data/University/PPMGR/Blender_Mat_Generator_PPMGR/Projects/textures
gravel-2_diffuse.jpg,/Volumes/Data/University/PPMGR/Blender_Mat_Generator_PPMGR/Projects/textures/gravel-2_diffuse.jpg,/Volumes/Data/University/PPMGR/Blender_Mat_Generator_PPMGR/Projects/textures
gravel-3_diffuse.jpg,/Volumes/Data/University/PPMGR/Blender_Mat_Generator_PPMGR/Projects/textures/gravel-3_diffuse.jpg,/Volumes/Data/University/PPMGR/Blender_Mat_Generator_PPMGR/Projects/textures
gravel-4_diffuse.jpg,/Volumes/Data/University/PPMGR/Blender_Mat_Generator_PPMGR/Projects/textures/gravel-4_diffuse.jpg,/Volumes/Data/University/PPMGR/Blender_Mat_Generator_PPMGR/Projects/textures
gravel-5_diffuse.jpg,/Volumes/Data/University/PPMGR/Blender_Mat_Generator_PPMGR/Projects/textures/gravel-5_diffuse.jpg,/Volumes/Data/University/PPMGR/Blender_Mat_Generator_PPMGR/Projects/textures
gravel-6_diffuse.jpg,/Volumes/Data/University/PPMGR/Blender_Mat_Generator_PPMGR/Projects/textures/gravel-6_diffuse.jpg,/Volumes/Data/University/PPMGR/Blender_Mat_Generator_PPMGR/Projects/textures
gravel-7_diffuse.jpg,/Volumes/Data/University/PPMGR/Blender_Mat_Generator_PPMGR/Projects/textures/gravel-7_diffuse.jpg,/Volumes/Data/University/PPMGR/Blender_Mat_Generator_PPMGR/Projects/textures
gravel-8_diffuse.jpg,/Volumes/Data/University/PPMGR/Blender_Mat_Generator_PPMGR/Projects/textures/gravel-8_diffuse.jpg,/Volumes/Data/University/PPMGR/Blender_Mat_Generator_PPMGR/Projects/textures
gravel-9_diffuse.jpg,/Volumes/Data/University/PPMGR/Blender_Mat_Generator_PPMGR/Projects/textures/gravel-9_diffuse.jpg,/Volumes/Data/University/PPMGR/Blender_Mat_Generator_PPMGR/Projects/textures
gravel_embedded_concrete_diff_8k.jpg,/Volumes/Data/University/PPMGR/Blender_Mat_Generator_PPMGR/Projects/textures/gravel_embedded_concrete_diff_8k.jpg,/Volumes/Data/University/PPMGR/Blender_Mat_Generator_PPMGR/Projects/textures
gravel_floor_diff_8k.jpg,/Volumes/Data/University/PPMGR/Blender_Mat_Generator_PPMGR/Projects/textures/gravel_floor_diff_8k.jpg,/Volumes/Data/University/PPMGR/Blender_Mat_Generator_PPMGR/Projects/textures
gravel_small_Base_Color.jpg,/Volumes/Data/University/PPMGR/Blender_Mat_Generator_PPMGR/Projects/textures/gravel_small_Base_Color.jpg,/Volumes/Data/University/PPMGR/Blender_Mat_Generator_PPMGR/Projects/textures
gravelmoss_BaseColor.jpg,/Volumes/Data/University/PPMGR/Blender_Mat_Generator_PPMGR/Projects/textures/gravelmoss_BaseColor.jpg,/Volumes/Data/University/PPMGR/Blender_Mat_Generator_PPMGR/Projects/textures
gray  dot matric fabric_BaseColor.jpg,/Volumes/Data/University/PPMGR/Blender_Mat_Generator_PPMGR/Projects/textures/gray  dot matric fabric_BaseColor.jpg,/Volumes/Data/University/PPMGR/Blender_Mat_Generator_PPMGR/Projects/textures
gray black lining basket tiles_BaseColor.jpg,/Volumes/Data/University/PPMGR/Blender_Mat_Generator_PPMGR/Projects/textures/gray black lining basket tiles_BaseColor.jpg,/Volumes/Data/University/PPMGR/Blender_Mat_Generator_PPMGR/Projects/textures
gray black lining straw basket tiles_BaseColor.jpg,/Volumes/Data/University/PPMGR/Blender_Mat_Generator_PPMGR/Projects/textures/gray black lining straw basket tiles_BaseColor.jpg,/Volumes/Data/University/PPMGR/Blender_Mat_Generator_PPMGR/Projects/textures
gray check bold fabric_BaseColor.jpg,/Volumes/Data/University/PPMGR/Blender_Mat_Generator_PPMGR/Projects/textures/gray check bold fabric_BaseColor.jpg,/Volumes/Data/University/PPMGR/Blender_Mat_Generator_PPMGR/Projects/textures
gray check hatch fabric_BaseColor.jpg,/Volumes/Data/University/PPMGR/Blender_Mat_Generator_PPMGR/Projects/textures/gray check hatch fabric_BaseColor.jpg,/Volumes/Data/University/PPMGR/Blender_Mat_Generator_PPMGR/Projects/textures
gray checker fabric_BaseColor.jpg,/Volumes/Data/University/PPMGR/Blender_Mat_Generator_PPMGR/Projects/textures/gray checker fabric_BaseColor.jpg,/Volumes/Data/University/PPMGR/Blender_Mat_Generator_PPMGR/Projects/textures
gray fan fabric_BaseColor.jpg,/Volumes/Data/University/PPMGR/Blender_Mat_Generator_PPMGR/Projects/textures/gray fan fabric_BaseColor.jpg,/Volumes/Data/University/PPMGR/Blender_Mat_Generator_PPMGR/Projects/textures
gray feather tiles_BaseColor.jpg,/Volumes/Data/University/PPMGR/Blender_Mat_Generator_PPMGR/Projects/textures/gray feather tiles_BaseColor.jpg,/Volumes/Data/University/PPMGR/Blender_Mat_Generator_PPMGR/Projects/textures
gray flake fabric_BaseColor.jpg,/Volumes/Data/University/PPMGR/Blender_Mat_Generator_PPMGR/Projects/textures/gray flake fabric_BaseColor.jpg,/Volumes/Data/University/PPMGR/Blender_Mat_Generator_PPMGR/Projects/textures
gray flower fabric_BaseColor.jpg,/Volumes/Data/University/PPMGR/Blender_Mat_Generator_PPMGR/Projects/textures/gray flower fabric_BaseColor.jpg,/Volumes/Data/University/PPMGR/Blender_Mat_Generator_PPMGR/Projects/textures
gray hammer fabric_BaseColor.jpg,/Volumes/Data/University/PPMGR/Blender_Mat_Generator_PPMGR/Projects/textures/gray hammer fabric_BaseColor.jpg,/Volumes/Data/University/PPMGR/Blender_Mat_Generator_PPMGR/Projects/textures
gray honey comb   tiles_BaseColor.jpg,/Volumes/Data/University/PPMGR/Blender_Mat_Generator_PPMGR/Projects/textures/gray honey comb   tiles_BaseColor.jpg,/Volumes/Data/University/PPMGR/Blender_Mat_Generator_PPMGR/Projects/textures
gray raster fabric_BaseColor.jpg,/Volumes/Data/University/PPMGR/Blender_Mat_Generator_PPMGR/Projects/textures/gray raster fabric_BaseColor.jpg,/Volumes/Data/University/PPMGR/Blender_Mat_Generator_PPMGR/Projects/textures
gray rossete fabric_BaseColor.jpg,/Volumes/Data/University/PPMGR/Blender_Mat_Generator_PPMGR/Projects/textures/gray rossete fabric_BaseColor.jpg,/Volumes/Data/University/PPMGR/Blender_Mat_Generator_PPMGR/Projects/textures
gray sharp graphic fabric_BaseColor.jpg,/Volumes/Data/University/PPMGR/Blender_Mat_Generator_PPMGR/Projects/textures/gray sharp graphic fabric_BaseColor.jpg,/Volumes/Data/University/PPMGR/Blender_Mat_Generator_PPMGR/Projects/textures
gray small squre  fabric_BaseColor.jpg,/Volumes/Data/University/PPMGR/Blender_Mat_Generator_PPMGR/Projects/textures/gray small squre  fabric_BaseColor.jpg,/Volumes/Data/University/PPMGR/Blender_Mat_Generator_PPMGR/Projects/textures
gray strip thick fabric_BaseColor.jpg,/Volumes/Data/University/PPMGR/Blender_Mat_Generator_PPMGR/Projects/textures/gray strip thick fabric_BaseColor.jpg,/Volumes/Data/University/PPMGR/Blender_Mat_Generator_PPMGR/Projects/textures
gray triangle flake fabric_BaseColor.jpg,/Volumes/Data/University/PPMGR/Blender_Mat_Generator_PPMGR/Projects/textures/gray triangle flake fabric_BaseColor.jpg,/Volumes/Data/University/PPMGR/Blender_Mat_Generator_PPMGR/Projects/textures
gray white strip  tiles_BaseColor.jpg,/Volumes/Data/University/PPMGR/Blender_Mat_Generator_PPMGR/Projects/textures/gray white strip  tiles_BaseColor.jpg,/Volumes/Data/University/PPMGR/Blender_Mat_Generator_PPMGR/Projects/textures
gray-granite-flecks-albedo.jpg,/Volumes/Data/University/PPMGR/Blender_Mat_Generator_PPMGR/Projects/textures/gray-granite-flecks-albedo.jpg,/Volumes/Data/University/PPMGR/Blender_Mat_Generator_PPMGR/Projects/textures
gray_rocks_diff_8k.jpg,/Volumes/Data/University/PPMGR/Blender_Mat_Generator_PPMGR/Projects/textures/gray_rocks_diff_8k.jpg,/Volumes/Data/University/PPMGR/Blender_Mat_Generator_PPMGR/Projects/textures
greekpatterntile-diffuse.jpg,/Volumes/Data/University/PPMGR/Blender_Mat_Generator_PPMGR/Projects/textures/greekpatterntile-diffuse.jpg,/Volumes/Data/University/PPMGR/Blender_Mat_Generator_PPMGR/Projects/textures
green check hatch fabric_BaseColor.jpg,/Volumes/Data/University/PPMGR/Blender_Mat_Generator_PPMGR/Projects/textures/green check hatch fabric_BaseColor.jpg,/Volumes/Data/University/PPMGR/Blender_Mat_Generator_PPMGR/Projects/textures
green denim_Albedo.jpg,/Volumes/Data/University/PPMGR/Blender_Mat_Generator_PPMGR/Projects/textures/green denim_Albedo.jpg,/Volumes/Data/University/PPMGR/Blender_Mat_Generator_PPMGR/Projects/textures
green hammer fabric_BaseColor.jpg,/Volumes/Data/University/PPMGR/Blender_Mat_Generator_PPMGR/Projects/textures/green hammer fabric_BaseColor.jpg,/Volumes/Data/University/PPMGR/Blender_Mat_Generator_PPMGR/Projects/textures
green plastic_BaseColor.jpg,/Volumes/Data/University/PPMGR/Blender_Mat_Generator_PPMGR/Projects/textures/green plastic_BaseColor.jpg,/Volumes/Data/University/PPMGR/Blender_Mat_Generator_PPMGR/Projects/textures
green-fleece-diffuse.jpg,/Volumes/Data/University/PPMGR/Blender_Mat_Generator_PPMGR/Projects/textures/green-fleece-diffuse.jpg,/Volumes/Data/University/PPMGR/Blender_Mat_Generator_PPMGR/Projects/textures
green_fabric_01_color.jpg,/Volumes/Data/University/PPMGR/Blender_Mat_Generator_PPMGR/Projects/textures/green_fabric_01_color.jpg,/Volumes/Data/University/PPMGR/Blender_Mat_Generator_PPMGR/Projects/textures
green_metal_rust_diff_8k.jpg,/Volumes/Data/University/PPMGR/Blender_Mat_Generator_PPMGR/Projects/textures/green_metal_rust_diff_8k.jpg,/Volumes/Data/University/PPMGR/Blender_Mat_Generator_PPMGR/Projects/textures
green_planks_diffuse.jpg,/Volumes/Data/University/PPMGR/Blender_Mat_Generator_PPMGR/Projects/textures/green_planks_diffuse.jpg,/Volumes/Data/University/PPMGR/Blender_Mat_Generator_PPMGR/Projects/textures
green_rough_planks_diff_8k.jpg,/Volumes/Data/University/PPMGR/Blender_Mat_Generator_PPMGR/Projects/textures/green_rough_planks_diff_8k.jpg,/Volumes/Data/University/PPMGR/Blender_Mat_Generator_PPMGR/Projects/textures
greenish_decorative_tile_Base_Color.jpg,/Volumes/Data/University/PPMGR/Blender_Mat_Generator_PPMGR/Projects/textures/greenish_decorative_tile_Base_Color.jpg,/Volumes/Data/University/PPMGR/Blender_Mat_Generator_PPMGR/Projects/textures
greenish_decorative_tile_Normal.jpg,/Volumes/Data/University/PPMGR/Blender_Mat_Generator_PPMGR/Projects/textures/greenish_decorative_tile_Normal.jpg,/Volumes/Data/University/PPMGR/Blender_Mat_Generator_PPMGR/Projects/textures
greenplants_baseColor.jpg,/Volumes/Data/University/PPMGR/Blender_Mat_Generator_PPMGR/Projects/textures/greenplants_baseColor.jpg,/Volumes/Data/University/PPMGR/Blender_Mat_Generator_PPMGR/Projects/textures
grey carpet colour map.jpg,/Volumes/Data/University/PPMGR/Blender_Mat_Generator_PPMGR/Projects/textures/grey carpet colour map.jpg,/Volumes/Data/University/PPMGR/Blender_Mat_Generator_PPMGR/Projects/textures
grey curtain fabric colour map.jpg,/Volumes/Data/University/PPMGR/Blender_Mat_Generator_PPMGR/Projects/textures/grey curtain fabric colour map.jpg,/Volumes/Data/University/PPMGR/Blender_Mat_Generator_PPMGR/Projects/textures
grey tiles_BaseColor.jpg,/Volumes/Data/University/PPMGR/Blender_Mat_Generator_PPMGR/Projects/textures/grey tiles_BaseColor.jpg,/Volumes/Data/University/PPMGR/Blender_Mat_Generator_PPMGR/Projects/textures
grey-plastic-diffuse.jpg,/Volumes/Data/University/PPMGR/Blender_Mat_Generator_PPMGR/Projects/textures/grey-plastic-diffuse.jpg,/Volumes/Data/University/PPMGR/Blender_Mat_Generator_PPMGR/Projects/textures
grey_plaster_02_diff_8k.jpg,/Volumes/Data/University/PPMGR/Blender_Mat_Generator_PPMGR/Projects/textures/grey_plaster_02_diff_8k.jpg,/Volumes/Data/University/PPMGR/Blender_Mat_Generator_PPMGR/Projects/textures
grey_plaster_03_diff_8k.jpg,/Volumes/Data/University/PPMGR/Blender_Mat_Generator_PPMGR/Projects/textures/grey_plaster_03_diff_8k.jpg,/Volumes/Data/University/PPMGR/Blender_Mat_Generator_PPMGR/Projects/textures
grey_plaster_diff_8k.jpg,/Volumes/Data/University/PPMGR/Blender_Mat_Generator_PPMGR/Projects/textures/grey_plaster_diff_8k.jpg,/Volumes/Data/University/PPMGR/Blender_Mat_Generator_PPMGR/Projects/textures
grey_stone_path_diff_16k.jpg,/Volumes/Data/University/PPMGR/Blender_Mat_Generator_PPMGR/Projects/textures/grey_stone_path_diff_16k.jpg,/Volumes/Data/University/PPMGR/Blender_Mat_Generator_PPMGR/Projects/textures
greyfantasy_1_basecolor-2K.png,/Volumes/Data/University/PPMGR/Blender_Mat_Generator_PPMGR/Projects/textures/greyfantasy_1_basecolor-2K.png,/Volumes/Data/University/PPMGR/Blender_Mat_Generator_PPMGR/Projects/textures
greymarble_10_basecolor-2K.png,/Volumes/Data/University/PPMGR/Blender_Mat_Generator_PPMGR/Projects/textures/greymarble_10_basecolor-2K.png,/Volumes/Data/University/PPMGR/Blender_Mat_Generator_PPMGR/Projects/textures
greymarble_11_basecolor-2K.png,/Volumes/Data/University/PPMGR/Blender_Mat_Generator_PPMGR/Projects/textures/greymarble_11_basecolor-2K.png,/Volumes/Data/University/PPMGR/Blender_Mat_Generator_PPMGR/Projects/textures
greymarble_13_basecolor-2K.png,/Volumes/Data/University/PPMGR/Blender_Mat_Generator_PPMGR/Projects/textures/greymarble_13_basecolor-2K.png,/Volumes/Data/University/PPMGR/Blender_Mat_Generator_PPMGR/Projects/textures
greymarble_14_basecolor-2K.png,/Volumes/Data/University/PPMGR/Blender_Mat_Generator_PPMGR/Projects/textures/greymarble_14_basecolor-2K.png,/Volumes/Data/University/PPMGR/Blender_Mat_Generator_PPMGR/Projects/textures
greymarble_3_basecolor-2K.png,/Volumes/Data/University/PPMGR/Blender_Mat_Generator_PPMGR/Projects/textures/greymarble_3_basecolor-2K.png,/Volumes/Data/University/PPMGR/Blender_Mat_Generator_PPMGR/Projects/textures
greymarble_4_basecolor-2K.png,/Volumes/Data/University/PPMGR/Blender_Mat_Generator_PPMGR/Projects/textures/greymarble_4_basecolor-2K.png,/Volumes/Data/University/PPMGR/Blender_Mat_Generator_PPMGR/Projects/textures
greymarble_5_basecolor-2K.png,/Volumes/Data/University/PPMGR/Blender_Mat_Generator_PPMGR/Projects/textures/greymarble_5_basecolor-2K.png,/Volumes/Data/University/PPMGR/Blender_Mat_Generator_PPMGR/Projects/textures
greymarble_6_basecolor-2K.png,/Volumes/Data/University/PPMGR/Blender_Mat_Generator_PPMGR/Projects/textures/greymarble_6_basecolor-2K.png,/Volumes/Data/University/PPMGR/Blender_Mat_Generator_PPMGR/Projects/textures
greymarble_7_basecolor-2K.png,/Volumes/Data/University/PPMGR/Blender_Mat_Generator_PPMGR/Projects/textures/greymarble_7_basecolor-2K.png,/Volumes/Data/University/PPMGR/Blender_Mat_Generator_PPMGR/Projects/textures
greymarble_8_basecolor-2K.png,/Volumes/Data/University/PPMGR/Blender_Mat_Generator_PPMGR/Projects/textures/greymarble_8_basecolor-2K.png,/Volumes/Data/University/PPMGR/Blender_Mat_Generator_PPMGR/Projects/textures
greymarble_9_basecolor-2K.png,/Volumes/Data/University/PPMGR/Blender_Mat_Generator_PPMGR/Projects/textures/greymarble_9_basecolor-2K.png,/Volumes/Data/University/PPMGR/Blender_Mat_Generator_PPMGR/Projects/textures
greyvision_1_basecolor-2K.png,/Volumes/Data/University/PPMGR/Blender_Mat_Generator_PPMGR/Projects/textures/greyvision_1_basecolor-2K.png,/Volumes/Data/University/PPMGR/Blender_Mat_Generator_PPMGR/Projects/textures
greyvision_2_basecolor-2K.png,/Volumes/Data/University/PPMGR/Blender_Mat_Generator_PPMGR/Projects/textures/greyvision_2_basecolor-2K.png,/Volumes/Data/University/PPMGR/Blender_Mat_Generator_PPMGR/Projects/textures
greywood plank  b_BaseColor.jpg,/Volumes/Data/University/PPMGR/Blender_Mat_Generator_PPMGR/Projects/textures/greywood plank  b_BaseColor.jpg,/Volumes/Data/University/PPMGR/Blender_Mat_Generator_PPMGR/Projects/textures
grid_Wireframe_Base_Color.jpg,/Volumes/Data/University/PPMGR/Blender_Mat_Generator_PPMGR/Projects/textures/grid_Wireframe_Base_Color.jpg,/Volumes/Data/University/PPMGR/Blender_Mat_Generator_PPMGR/Projects/textures
grid_Wireframe_Base_Color.jpg.png,/Volumes/Data/University/PPMGR/Blender_Mat_Generator_PPMGR/Projects/textures/grid_Wireframe_Base_Color.jpg.png,/Volumes/Data/University/PPMGR/Blender_Mat_Generator_PPMGR/Projects/textures
grimyOldWallpaper_COLOR.jpg,/Volumes/Data/University/PPMGR/Blender_Mat_Generator_PPMGR/Projects/textures/grimyOldWallpaper_COLOR.jpg,/Volumes/Data/University/PPMGR/Blender_Mat_Generator_PPMGR/Projects/textures
grooved_concrete_driveway_diff_8k.jpg,/Volumes/Data/University/PPMGR/Blender_Mat_Generator_PPMGR/Projects/textures/grooved_concrete_driveway_diff_8k.jpg,/Volumes/Data/University/PPMGR/Blender_Mat_Generator_PPMGR/Projects/textures
ground_0001_color_2k.jpg,/Volumes/Data/University/PPMGR/Blender_Mat_Generator_PPMGR/Projects/textures/ground_0001_color_2k.jpg,/Volumes/Data/University/PPMGR/Blender_Mat_Generator_PPMGR/Projects/textures
ground_0002_color_2k.jpg,/Volumes/Data/University/PPMGR/Blender_Mat_Generator_PPMGR/Projects/textures/ground_0002_color_2k.jpg,/Volumes/Data/University/PPMGR/Blender_Mat_Generator_PPMGR/Projects/textures
ground_0004_color_2k.jpg,/Volumes/Data/University/PPMGR/Blender_Mat_Generator_PPMGR/Projects/textures/ground_0004_color_2k.jpg,/Volumes/Data/University/PPMGR/Blender_Mat_Generator_PPMGR/Projects/textures
ground_0005_basecolor_2k.jpg,/Volumes/Data/University/PPMGR/Blender_Mat_Generator_PPMGR/Projects/textures/ground_0005_basecolor_2k.jpg,/Volumes/Data/University/PPMGR/Blender_Mat_Generator_PPMGR/Projects/textures
ground_0006_color_2k.jpg,/Volumes/Data/University/PPMGR/Blender_Mat_Generator_PPMGR/Projects/textures/ground_0006_color_2k.jpg,/Volumes/Data/University/PPMGR/Blender_Mat_Generator_PPMGR/Projects/textures
ground_0010_color_2k.jpg,/Volumes/Data/University/PPMGR/Blender_Mat_Generator_PPMGR/Projects/textures/ground_0010_color_2k.jpg,/Volumes/Data/University/PPMGR/Blender_Mat_Generator_PPMGR/Projects/textures
ground_0014_color_2k.jpg,/Volumes/Data/University/PPMGR/Blender_Mat_Generator_PPMGR/Projects/textures/ground_0014_color_2k.jpg,/Volumes/Data/University/PPMGR/Blender_Mat_Generator_PPMGR/Projects/textures
ground_0014_subsurface_2k.jpg,/Volumes/Data/University/PPMGR/Blender_Mat_Generator_PPMGR/Projects/textures/ground_0014_subsurface_2k.jpg,/Volumes/Data/University/PPMGR/Blender_Mat_Generator_PPMGR/Projects/textures
ground_0017_color_2k.jpg,/Volumes/Data/University/PPMGR/Blender_Mat_Generator_PPMGR/Projects/textures/ground_0017_color_2k.jpg,/Volumes/Data/University/PPMGR/Blender_Mat_Generator_PPMGR/Projects/textures
ground_0017_emissive_2k.jpg,/Volumes/Data/University/PPMGR/Blender_Mat_Generator_PPMGR/Projects/textures/ground_0017_emissive_2k.jpg,/Volumes/Data/University/PPMGR/Blender_Mat_Generator_PPMGR/Projects/textures
ground_0017_normal_opengl_2k.jpg,/Volumes/Data/University/PPMGR/Blender_Mat_Generator_PPMGR/Projects/textures/ground_0017_normal_opengl_2k.jpg,/Volumes/Data/University/PPMGR/Blender_Mat_Generator_PPMGR/Projects/textures
ground_0025_color_2k.jpg,/Volumes/Data/University/PPMGR/Blender_Mat_Generator_PPMGR/Projects/textures/ground_0025_color_2k.jpg,/Volumes/Data/University/PPMGR/Blender_Mat_Generator_PPMGR/Projects/textures
ground_0025_normal_opengl_2k.jpg,/Volumes/Data/University/PPMGR/Blender_Mat_Generator_PPMGR/Projects/textures/ground_0025_normal_opengl_2k.jpg,/Volumes/Data/University/PPMGR/Blender_Mat_Generator_PPMGR/Projects/textures
ground_0027_color_2k.jpg,/Volumes/Data/University/PPMGR/Blender_Mat_Generator_PPMGR/Projects/textures/ground_0027_color_2k.jpg,/Volumes/Data/University/PPMGR/Blender_Mat_Generator_PPMGR/Projects/textures
ground_0027_emissive_2k.jpg,/Volumes/Data/University/PPMGR/Blender_Mat_Generator_PPMGR/Projects/textures/ground_0027_emissive_2k.jpg,/Volumes/Data/University/PPMGR/Blender_Mat_Generator_PPMGR/Projects/textures
ground_0032_color_2k.jpg,/Volumes/Data/University/PPMGR/Blender_Mat_Generator_PPMGR/Projects/textures/ground_0032_color_2k.jpg,/Volumes/Data/University/PPMGR/Blender_Mat_Generator_PPMGR/Projects/textures
ground_0035_color_2k.jpg,/Volumes/Data/University/PPMGR/Blender_Mat_Generator_PPMGR/Projects/textures/ground_0035_color_2k.jpg,/Volumes/Data/University/PPMGR/Blender_Mat_Generator_PPMGR/Projects/textures
ground_0036_color_2k.jpg,/Volumes/Data/University/PPMGR/Blender_Mat_Generator_PPMGR/Projects/textures/ground_0036_color_2k.jpg,/Volumes/Data/University/PPMGR/Blender_Mat_Generator_PPMGR/Projects/textures
ground_13_basecolor-2K.png,/Volumes/Data/University/PPMGR/Blender_Mat_Generator_PPMGR/Projects/textures/ground_13_basecolor-2K.png,/Volumes/Data/University/PPMGR/Blender_Mat_Generator_PPMGR/Projects/textures
ground_14_Basecolor-2K.png,/Volumes/Data/University/PPMGR/Blender_Mat_Generator_PPMGR/Projects/textures/ground_14_Basecolor-2K.png,/Volumes/Data/University/PPMGR/Blender_Mat_Generator_PPMGR/Projects/textures
ground_15_basecolor-2K.jpg,/Volumes/Data/University/PPMGR/Blender_Mat_Generator_PPMGR/Projects/textures/ground_15_basecolor-2K.jpg,/Volumes/Data/University/PPMGR/Blender_Mat_Generator_PPMGR/Projects/textures
ground_16_BaseColor-2K.jpg,/Volumes/Data/University/PPMGR/Blender_Mat_Generator_PPMGR/Projects/textures/ground_16_BaseColor-2K.jpg,/Volumes/Data/University/PPMGR/Blender_Mat_Generator_PPMGR/Projects/textures
ground_black_v4_2k_Base_Color.jpg,/Volumes/Data/University/PPMGR/Blender_Mat_Generator_PPMGR/Projects/textures/ground_black_v4_2k_Base_Color.jpg,/Volumes/Data/University/PPMGR/Blender_Mat_Generator_PPMGR/Projects/textures
ground_color.jpg,/Volumes/Data/University/PPMGR/Blender_Mat_Generator_PPMGR/Projects/textures/ground_color.jpg,/Volumes/Data/University/PPMGR/Blender_Mat_Generator_PPMGR/Projects/textures
ground_debris_albedo.jpg,/Volumes/Data/University/PPMGR/Blender_Mat_Generator_PPMGR/Projects/textures/ground_debris_albedo.jpg,/Volumes/Data/University/PPMGR/Blender_Mat_Generator_PPMGR/Projects/textures
ground_dirt_road_v1_2k_Base_Color.jpg,/Volumes/Data/University/PPMGR/Blender_Mat_Generator_PPMGR/Projects/textures/ground_dirt_road_v1_2k_Base_Color.jpg,/Volumes/Data/University/PPMGR/Blender_Mat_Generator_PPMGR/Projects/textures
ground_gravel_v03a_2k_Base_Color.jpg,/Volumes/Data/University/PPMGR/Blender_Mat_Generator_PPMGR/Projects/textures/ground_gravel_v03a_2k_Base_Color.jpg,/Volumes/Data/University/PPMGR/Blender_Mat_Generator_PPMGR/Projects/textures
ground_leaves_02_diff.jpg,/Volumes/Data/University/PPMGR/Blender_Mat_Generator_PPMGR/Projects/textures/ground_leaves_02_diff.jpg,/Volumes/Data/University/PPMGR/Blender_Mat_Generator_PPMGR/Projects/textures
"ground_leaves_albedo_1,.jpg","/Volumes/Data/University/PPMGR/Blender_Mat_Generator_PPMGR/Projects/textures/ground_leaves_albedo_1,.jpg",/Volumes/Data/University/PPMGR/Blender_Mat_Generator_PPMGR/Projects/textures
ground_mix_v3a_2k_Base_Color.jpg,/Volumes/Data/University/PPMGR/Blender_Mat_Generator_PPMGR/Projects/textures/ground_mix_v3a_2k_Base_Color.jpg,/Volumes/Data/University/PPMGR/Blender_Mat_Generator_PPMGR/Projects/textures
ground_pebbles_v2_2k_Base_Color.jpg,/Volumes/Data/University/PPMGR/Blender_Mat_Generator_PPMGR/Projects/textures/ground_pebbles_v2_2k_Base_Color.jpg,/Volumes/Data/University/PPMGR/Blender_Mat_Generator_PPMGR/Projects/textures
ground_stones_v02_2k_Base_Color.jpg,/Volumes/Data/University/PPMGR/Blender_Mat_Generator_PPMGR/Projects/textures/ground_stones_v02_2k_Base_Color.jpg,/Volumes/Data/University/PPMGR/Blender_Mat_Generator_PPMGR/Projects/textures
ground_straw_v1_2k_Base_Color.jpg,/Volumes/Data/University/PPMGR/Blender_Mat_Generator_PPMGR/Projects/textures/ground_straw_v1_2k_Base_Color.jpg,/Volumes/Data/University/PPMGR/Blender_Mat_Generator_PPMGR/Projects/textures
hand made mat 1_Diffuse.jpg,/Volumes/Data/University/PPMGR/Blender_Mat_Generator_PPMGR/Projects/textures/hand made mat 1_Diffuse.jpg,/Volumes/Data/University/PPMGR/Blender_Mat_Generator_PPMGR/Projects/textures
hand made mat 1_Normal.jpg,/Volumes/Data/University/PPMGR/Blender_Mat_Generator_PPMGR/Projects/textures/hand made mat 1_Normal.jpg,/Volumes/Data/University/PPMGR/Blender_Mat_Generator_PPMGR/Projects/textures
hand_painted_teal_red_tiles_Base_Color.jpg,/Volumes/Data/University/PPMGR/Blender_Mat_Generator_PPMGR/Projects/textures/hand_painted_teal_red_tiles_Base_Color.jpg,/Volumes/Data/University/PPMGR/Blender_Mat_Generator_PPMGR/Projects/textures
hand_painted_teal_tiles_Base_Color.jpg,/Volumes/Data/University/PPMGR/Blender_Mat_Generator_PPMGR/Projects/textures/hand_painted_teal_tiles_Base_Color.jpg,/Volumes/Data/University/PPMGR/Blender_Mat_Generator_PPMGR/Projects/textures
handmade Mat 2_Diffuse.jpg,/Volumes/Data/University/PPMGR/Blender_Mat_Generator_PPMGR/Projects/textures/handmade Mat 2_Diffuse.jpg,/Volumes/Data/University/PPMGR/Blender_Mat_Generator_PPMGR/Projects/textures
handmade fabric_Diffuse.jpg,/Volumes/Data/University/PPMGR/Blender_Mat_Generator_PPMGR/Projects/textures/handmade fabric_Diffuse.jpg,/Volumes/Data/University/PPMGR/Blender_Mat_Generator_PPMGR/Projects/textures
hard wood parquet_BaseColor.jpg,/Volumes/Data/University/PPMGR/Blender_Mat_Generator_PPMGR/Projects/textures/hard wood parquet_BaseColor.jpg,/Volumes/Data/University/PPMGR/Blender_Mat_Generator_PPMGR/Projects/textures
hdiamond path_BaseColor.jpg,/Volumes/Data/University/PPMGR/Blender_Mat_Generator_PPMGR/Projects/textures/hdiamond path_BaseColor.jpg,/Volumes/Data/University/PPMGR/Blender_Mat_Generator_PPMGR/Projects/textures
heaxa_checker_blue_and_red__Base_Color.jpg,/Volumes/Data/University/PPMGR/Blender_Mat_Generator_PPMGR/Projects/textures/heaxa_checker_blue_and_red__Base_Color.jpg,/Volumes/Data/University/PPMGR/Blender_Mat_Generator_PPMGR/Projects/textures
heaxa_checker_green_and_yellow__Base_Color.jpg,/Volumes/Data/University/PPMGR/Blender_Mat_Generator_PPMGR/Projects/textures/heaxa_checker_green_and_yellow__Base_Color.jpg,/Volumes/Data/University/PPMGR/Blender_Mat_Generator_PPMGR/Projects/textures
heaxa_checker_tiles_texture__Base_Color.jpg,/Volumes/Data/University/PPMGR/Blender_Mat_Generator_PPMGR/Projects/textures/heaxa_checker_tiles_texture__Base_Color.jpg,/Volumes/Data/University/PPMGR/Blender_Mat_Generator_PPMGR/Projects/textures
heaxa_checker_tiles_texture_reddish__Base_Color.jpg,/Volumes/Data/University/PPMGR/Blender_Mat_Generator_PPMGR/Projects/textures/heaxa_checker_tiles_texture_reddish__Base_Color.jpg,/Volumes/Data/University/PPMGR/Blender_Mat_Generator_PPMGR/Projects/textures
hedeviken_d.jpg,/Volumes/Data/University/PPMGR/Blender_Mat_Generator_PPMGR/Projects/textures/hedeviken_d.jpg,/Volumes/Data/University/PPMGR/Blender_Mat_Generator_PPMGR/Projects/textures
hedge-10_diffuse.jpg,/Volumes/Data/University/PPMGR/Blender_Mat_Generator_PPMGR/Projects/textures/hedge-10_diffuse.jpg,/Volumes/Data/University/PPMGR/Blender_Mat_Generator_PPMGR/Projects/textures
hedge-11_diffuse.jpg,/Volumes/Data/University/PPMGR/Blender_Mat_Generator_PPMGR/Projects/textures/hedge-11_diffuse.jpg,/Volumes/Data/University/PPMGR/Blender_Mat_Generator_PPMGR/Projects/textures
hedge-12_diffuse.jpg,/Volumes/Data/University/PPMGR/Blender_Mat_Generator_PPMGR/Projects/textures/hedge-12_diffuse.jpg,/Volumes/Data/University/PPMGR/Blender_Mat_Generator_PPMGR/Projects/textures
hedge-3_diffuse.jpg,/Volumes/Data/University/PPMGR/Blender_Mat_Generator_PPMGR/Projects/textures/hedge-3_diffuse.jpg,/Volumes/Data/University/PPMGR/Blender_Mat_Generator_PPMGR/Projects/textures
hedge-4_diffuse.jpg,/Volumes/Data/University/PPMGR/Blender_Mat_Generator_PPMGR/Projects/textures/hedge-4_diffuse.jpg,/Volumes/Data/University/PPMGR/Blender_Mat_Generator_PPMGR/Projects/textures
hedge-5_diffuse.jpg,/Volumes/Data/University/PPMGR/Blender_Mat_Generator_PPMGR/Projects/textures/hedge-5_diffuse.jpg,/Volumes/Data/University/PPMGR/Blender_Mat_Generator_PPMGR/Projects/textures
hedge-6_diffuse.jpg,/Volumes/Data/University/PPMGR/Blender_Mat_Generator_PPMGR/Projects/textures/hedge-6_diffuse.jpg,/Volumes/Data/University/PPMGR/Blender_Mat_Generator_PPMGR/Projects/textures
hedge-7_diffuse.jpg,/Volumes/Data/University/PPMGR/Blender_Mat_Generator_PPMGR/Projects/textures/hedge-7_diffuse.jpg,/Volumes/Data/University/PPMGR/Blender_Mat_Generator_PPMGR/Projects/textures
hedge-8_diffuse.jpg,/Volumes/Data/University/PPMGR/Blender_Mat_Generator_PPMGR/Projects/textures/hedge-8_diffuse.jpg,/Volumes/Data/University/PPMGR/Blender_Mat_Generator_PPMGR/Projects/textures
hedge-9_diffuse.jpg,/Volumes/Data/University/PPMGR/Blender_Mat_Generator_PPMGR/Projects/textures/hedge-9_diffuse.jpg,/Volumes/Data/University/PPMGR/Blender_Mat_Generator_PPMGR/Projects/textures
herculaneumPath_COLOR.jpg,/Volumes/Data/University/PPMGR/Blender_Mat_Generator_PPMGR/Projects/textures/herculaneumPath_COLOR.jpg,/Volumes/Data/University/PPMGR/Blender_Mat_Generator_PPMGR/Projects/textures
heribgone tile browen_BaseColor.jpg,/Volumes/Data/University/PPMGR/Blender_Mat_Generator_PPMGR/Projects/textures/heribgone tile browen_BaseColor.jpg,/Volumes/Data/University/PPMGR/Blender_Mat_Generator_PPMGR/Projects/textures
heringbor tiles pink_BaseColor.jpg,/Volumes/Data/University/PPMGR/Blender_Mat_Generator_PPMGR/Projects/textures/heringbor tiles pink_BaseColor.jpg,/Volumes/Data/University/PPMGR/Blender_Mat_Generator_PPMGR/Projects/textures
heringbor tiles purple_BaseColor.jpg,/Volumes/Data/University/PPMGR/Blender_Mat_Generator_PPMGR/Projects/textures/heringbor tiles purple_BaseColor.jpg,/Volumes/Data/University/PPMGR/Blender_Mat_Generator_PPMGR/Projects/textures
heringbor tiles yellow_BaseColor.jpg,/Volumes/Data/University/PPMGR/Blender_Mat_Generator_PPMGR/Projects/textures/heringbor tiles yellow_BaseColor.jpg,/Volumes/Data/University/PPMGR/Blender_Mat_Generator_PPMGR/Projects/textures
heringbor tiles_BaseColor.jpg,/Volumes/Data/University/PPMGR/Blender_Mat_Generator_PPMGR/Projects/textures/heringbor tiles_BaseColor.jpg,/Volumes/Data/University/PPMGR/Blender_Mat_Generator_PPMGR/Projects/textures
herringbone juist_BaseColor.jpg,/Volumes/Data/University/PPMGR/Blender_Mat_Generator_PPMGR/Projects/textures/herringbone juist_BaseColor.jpg,/Volumes/Data/University/PPMGR/Blender_Mat_Generator_PPMGR/Projects/textures
herringbone_parquet_diff_16k.jpg,/Volumes/Data/University/PPMGR/Blender_Mat_Generator_PPMGR/Projects/textures/herringbone_parquet_diff_16k.jpg,/Volumes/Data/University/PPMGR/Blender_Mat_Generator_PPMGR/Projects/textures
herringbone_porcelain_dark_tiles_Base_Color.jpg,/Volumes/Data/University/PPMGR/Blender_Mat_Generator_PPMGR/Projects/textures/herringbone_porcelain_dark_tiles_Base_Color.jpg,/Volumes/Data/University/PPMGR/Blender_Mat_Generator_PPMGR/Projects/textures
herringbone_porcelain_grout_tiles_Base_Color.jpg,/Volumes/Data/University/PPMGR/Blender_Mat_Generator_PPMGR/Projects/textures/herringbone_porcelain_grout_tiles_Base_Color.jpg,/Volumes/Data/University/PPMGR/Blender_Mat_Generator_PPMGR/Projects/textures
herringbone_porcelain_tiles_Base_Color.jpg,/Volumes/Data/University/PPMGR/Blender_Mat_Generator_PPMGR/Projects/textures/herringbone_porcelain_tiles_Base_Color.jpg,/Volumes/Data/University/PPMGR/Blender_Mat_Generator_PPMGR/Projects/textures
herringbone_porcelain_tilted_tiles_Base_Color.jpg,/Volumes/Data/University/PPMGR/Blender_Mat_Generator_PPMGR/Projects/textures/herringbone_porcelain_tilted_tiles_Base_Color.jpg,/Volumes/Data/University/PPMGR/Blender_Mat_Generator_PPMGR/Projects/textures
herringbone_porcelain_yellow_tiles_Base_Color.jpg,/Volumes/Data/University/PPMGR/Blender_Mat_Generator_PPMGR/Projects/textures/herringbone_porcelain_yellow_tiles_Base_Color.jpg,/Volumes/Data/University/PPMGR/Blender_Mat_Generator_PPMGR/Projects/textures
hessian-2_diffuse.jpg,/Volumes/Data/University/PPMGR/Blender_Mat_Generator_PPMGR/Projects/textures/hessian-2_diffuse.jpg,/Volumes/Data/University/PPMGR/Blender_Mat_Generator_PPMGR/Projects/textures
hessian_diffuse.jpg,/Volumes/Data/University/PPMGR/Blender_Mat_Generator_PPMGR/Projects/textures/hessian_diffuse.jpg,/Volumes/Data/University/PPMGR/Blender_Mat_Generator_PPMGR/Projects/textures
hex_BaseColor.jpg,/Volumes/Data/University/PPMGR/Blender_Mat_Generator_PPMGR/Projects/textures/hex_BaseColor.jpg,/Volumes/Data/University/PPMGR/Blender_Mat_Generator_PPMGR/Projects/textures
hexa gray white strip  tiles_BaseColor.jpg,/Volumes/Data/University/PPMGR/Blender_Mat_Generator_PPMGR/Projects/textures/hexa gray white strip  tiles_BaseColor.jpg,/Volumes/Data/University/PPMGR/Blender_Mat_Generator_PPMGR/Projects/textures
hexa tiles blue_BaseColor.jpg,/Volumes/Data/University/PPMGR/Blender_Mat_Generator_PPMGR/Projects/textures/hexa tiles blue_BaseColor.jpg,/Volumes/Data/University/PPMGR/Blender_Mat_Generator_PPMGR/Projects/textures
hexa_Red_and_orange_tiles_Base_Color.jpg,/Volumes/Data/University/PPMGR/Blender_Mat_Generator_PPMGR/Projects/textures/hexa_Red_and_orange_tiles_Base_Color.jpg,/Volumes/Data/University/PPMGR/Blender_Mat_Generator_PPMGR/Projects/textures
hexa_white_and_black_tiles_Base_Color.jpg,/Volumes/Data/University/PPMGR/Blender_Mat_Generator_PPMGR/Projects/textures/hexa_white_and_black_tiles_Base_Color.jpg,/Volumes/Data/University/PPMGR/Blender_Mat_Generator_PPMGR/Projects/textures
hexa_wood_clean_tiles_Base_Color.jpg,/Volumes/Data/University/PPMGR/Blender_Mat_Generator_PPMGR/Projects/textures/hexa_wood_clean_tiles_Base_Color.jpg,/Volumes/Data/University/PPMGR/Blender_Mat_Generator_PPMGR/Projects/textures
hexa_wood_tiles_Base_Color.jpg,/Volumes/Data/University/PPMGR/Blender_Mat_Generator_PPMGR/Projects/textures/hexa_wood_tiles_Base_Color.jpg,/Volumes/Data/University/PPMGR/Blender_Mat_Generator_PPMGR/Projects/textures
hexagon pattern-basecolor.jpg,/Volumes/Data/University/PPMGR/Blender_Mat_Generator_PPMGR/Projects/textures/hexagon pattern-basecolor.jpg,/Volumes/Data/University/PPMGR/Blender_Mat_Generator_PPMGR/Projects/textures
hexagon-basecolor.jpg,/Volumes/Data/University/PPMGR/Blender_Mat_Generator_PPMGR/Projects/textures/hexagon-basecolor.jpg,/Volumes/Data/University/PPMGR/Blender_Mat_Generator_PPMGR/Projects/textures
hexagonal path_BaseColor.jpg,/Volumes/Data/University/PPMGR/Blender_Mat_Generator_PPMGR/Projects/textures/hexagonal path_BaseColor.jpg,/Volumes/Data/University/PPMGR/Blender_Mat_Generator_PPMGR/Projects/textures
hexagonal__dirty_teal_porcelain_Base_Color.jpg,/Volumes/Data/University/PPMGR/Blender_Mat_Generator_PPMGR/Projects/textures/hexagonal__dirty_teal_porcelain_Base_Color.jpg,/Volumes/Data/University/PPMGR/Blender_Mat_Generator_PPMGR/Projects/textures
hexagonal_concrete_paving_diff_8k.jpg,/Volumes/Data/University/PPMGR/Blender_Mat_Generator_PPMGR/Projects/textures/hexagonal_concrete_paving_diff_8k.jpg,/Volumes/Data/University/PPMGR/Blender_Mat_Generator_PPMGR/Projects/textures
hexagonal_yellow_teal_porcelain_Base_Color.jpg,/Volumes/Data/University/PPMGR/Blender_Mat_Generator_PPMGR/Projects/textures/hexagonal_yellow_teal_porcelain_Base_Color.jpg,/Volumes/Data/University/PPMGR/Blender_Mat_Generator_PPMGR/Projects/textures
hexagone tile browen_BaseColor.jpg,/Volumes/Data/University/PPMGR/Blender_Mat_Generator_PPMGR/Projects/textures/hexagone tile browen_BaseColor.jpg,/Volumes/Data/University/PPMGR/Blender_Mat_Generator_PPMGR/Projects/textures
hexagone tile grey_BaseColor.jpg,/Volumes/Data/University/PPMGR/Blender_Mat_Generator_PPMGR/Projects/textures/hexagone tile grey_BaseColor.jpg,/Volumes/Data/University/PPMGR/Blender_Mat_Generator_PPMGR/Projects/textures
high tile wood parquet_BaseColor.jpg,/Volumes/Data/University/PPMGR/Blender_Mat_Generator_PPMGR/Projects/textures/high tile wood parquet_BaseColor.jpg,/Volumes/Data/University/PPMGR/Blender_Mat_Generator_PPMGR/Projects/textures
hollywoodred_1_basecolor-2K.png,/Volumes/Data/University/PPMGR/Blender_Mat_Generator_PPMGR/Projects/textures/hollywoodred_1_basecolor-2K.png,/Volumes/Data/University/PPMGR/Blender_Mat_Generator_PPMGR/Projects/textures
ice cream_Diffuse.jpg,/Volumes/Data/University/PPMGR/Blender_Mat_Generator_PPMGR/Projects/textures/ice cream_Diffuse.jpg,/Volumes/Data/University/PPMGR/Blender_Mat_Generator_PPMGR/Projects/textures
ice_0002_color_2k.jpg,/Volumes/Data/University/PPMGR/Blender_Mat_Generator_PPMGR/Projects/textures/ice_0002_color_2k.jpg,/Volumes/Data/University/PPMGR/Blender_Mat_Generator_PPMGR/Projects/textures
illusion_Marble_Base_Color.jpg,/Volumes/Data/University/PPMGR/Blender_Mat_Generator_PPMGR/Projects/textures/illusion_Marble_Base_Color.jpg,/Volumes/Data/University/PPMGR/Blender_Mat_Generator_PPMGR/Projects/textures
imbuia 4k.jpg,/Volumes/Data/University/PPMGR/Blender_Mat_Generator_PPMGR/Projects/textures/imbuia 4k.jpg,/Volumes/Data/University/PPMGR/Blender_Mat_Generator_PPMGR/Projects/textures
img_COLOR.jpg,/Volumes/Data/University/PPMGR/Blender_Mat_Generator_PPMGR/Projects/textures/img_COLOR.jpg,/Volumes/Data/University/PPMGR/Blender_Mat_Generator_PPMGR/Projects/textures
imgonline-com-ua-TextureSeamless-ykdcKuLIBa9O22.jpg,/Volumes/Data/University/PPMGR/Blender_Mat_Generator_PPMGR/Projects/textures/imgonline-com-ua-TextureSeamless-ykdcKuLIBa9O22.jpg,/Volumes/Data/University/PPMGR/Blender_Mat_Generator_PPMGR/Projects/textures
imperfection_0002_color_2k.jpg,/Volumes/Data/University/PPMGR/Blender_Mat_Generator_PPMGR/Projects/textures/imperfection_0002_color_2k.jpg,/Volumes/Data/University/PPMGR/Blender_Mat_Generator_PPMGR/Projects/textures
imperfection_0002_normal_directx_2k.jpg,/Volumes/Data/University/PPMGR/Blender_Mat_Generator_PPMGR/Projects/textures/imperfection_0002_normal_directx_2k.jpg,/Volumes/Data/University/PPMGR/Blender_Mat_Generator_PPMGR/Projects/textures
imperfection_0003_color_1k.jpg,/Volumes/Data/University/PPMGR/Blender_Mat_Generator_PPMGR/Projects/textures/imperfection_0003_color_1k.jpg,/Volumes/Data/University/PPMGR/Blender_Mat_Generator_PPMGR/Projects/textures
incarved wood_diffuseOriginal.jpg,/Volumes/Data/University/PPMGR/Blender_Mat_Generator_PPMGR/Projects/textures/incarved wood_diffuseOriginal.jpg,/Volumes/Data/University/PPMGR/Blender_Mat_Generator_PPMGR/Projects/textures
inkSketch_COLOR.jpg,/Volumes/Data/University/PPMGR/Blender_Mat_Generator_PPMGR/Projects/textures/inkSketch_COLOR.jpg,/Volumes/Data/University/PPMGR/Blender_Mat_Generator_PPMGR/Projects/textures
ipe_basecolor.jpg,/Volumes/Data/University/PPMGR/Blender_Mat_Generator_PPMGR/Projects/textures/ipe_basecolor.jpg,/Volumes/Data/University/PPMGR/Blender_Mat_Generator_PPMGR/Projects/textures
iron and wood door old_1K_Albedo.jpg,/Volumes/Data/University/PPMGR/Blender_Mat_Generator_PPMGR/Projects/textures/iron and wood door old_1K_Albedo.jpg,/Volumes/Data/University/PPMGR/Blender_Mat_Generator_PPMGR/Projects/textures
irregular_stone_wall_cladding_black_Base_Color.jpg,/Volumes/Data/University/PPMGR/Blender_Mat_Generator_PPMGR/Projects/textures/irregular_stone_wall_cladding_black_Base_Color.jpg,/Volumes/Data/University/PPMGR/Blender_Mat_Generator_PPMGR/Projects/textures
irregular_stone_wall_cladding_brownish_Base_Color.jpg,/Volumes/Data/University/PPMGR/Blender_Mat_Generator_PPMGR/Projects/textures/irregular_stone_wall_cladding_brownish_Base_Color.jpg,/Volumes/Data/University/PPMGR/Blender_Mat_Generator_PPMGR/Projects/textures
itsmechris_sci_fi_panel_grey_metallic_texture_orange_and_silver_8421d8f8-62e0-46fd-8362-30df6c0d2bec.jpg,/Volumes/Data/University/PPMGR/Blender_Mat_Generator_PPMGR/Projects/textures/itsmechris_sci_fi_panel_grey_metallic_texture_orange_and_silver_8421d8f8-62e0-46fd-8362-30df6c0d2bec.jpg,/Volumes/Data/University/PPMGR/Blender_Mat_Generator_PPMGR/Projects/textures
ivy-1_diffuse.jpg,/Volumes/Data/University/PPMGR/Blender_Mat_Generator_PPMGR/Projects/textures/ivy-1_diffuse.jpg,/Volumes/Data/University/PPMGR/Blender_Mat_Generator_PPMGR/Projects/textures
ivy-2_diffuse.jpg,/Volumes/Data/University/PPMGR/Blender_Mat_Generator_PPMGR/Projects/textures/ivy-2_diffuse.jpg,/Volumes/Data/University/PPMGR/Blender_Mat_Generator_PPMGR/Projects/textures
ivy-3_diffuse.jpg,/Volumes/Data/University/PPMGR/Blender_Mat_Generator_PPMGR/Projects/textures/ivy-3_diffuse.jpg,/Volumes/Data/University/PPMGR/Blender_Mat_Generator_PPMGR/Projects/textures
jacket fabric_Diffuse.jpg,/Volumes/Data/University/PPMGR/Blender_Mat_Generator_PPMGR/Projects/textures/jacket fabric_Diffuse.jpg,/Volumes/Data/University/PPMGR/Blender_Mat_Generator_PPMGR/Projects/textures
japanese_camphor_bark_diff_8k.jpg,/Volumes/Data/University/PPMGR/Blender_Mat_Generator_PPMGR/Projects/textures/japanese_camphor_bark_diff_8k.jpg,/Volumes/Data/University/PPMGR/Blender_Mat_Generator_PPMGR/Projects/textures
japanese_hackberry_bark_diff_8k.jpg,/Volumes/Data/University/PPMGR/Blender_Mat_Generator_PPMGR/Projects/textures/japanese_hackberry_bark_diff_8k.jpg,/Volumes/Data/University/PPMGR/Blender_Mat_Generator_PPMGR/Projects/textures
japanese_stone_wall_diff_8k.jpg,/Volumes/Data/University/PPMGR/Blender_Mat_Generator_PPMGR/Projects/textures/japanese_stone_wall_diff_8k.jpg,/Volumes/Data/University/PPMGR/Blender_Mat_Generator_PPMGR/Projects/textures
japanese_sycamore_diff_8k.jpg,/Volumes/Data/University/PPMGR/Blender_Mat_Generator_PPMGR/Projects/textures/japanese_sycamore_diff_8k.jpg,/Volumes/Data/University/PPMGR/Blender_Mat_Generator_PPMGR/Projects/textures
japanese_zelkova_bark_diff_8k.jpg,/Volumes/Data/University/PPMGR/Blender_Mat_Generator_PPMGR/Projects/textures/japanese_zelkova_bark_diff_8k.jpg,/Volumes/Data/University/PPMGR/Blender_Mat_Generator_PPMGR/Projects/textures
kitchen_wood_diff_8k.jpg,/Volumes/Data/University/PPMGR/Blender_Mat_Generator_PPMGR/Projects/textures/kitchen_wood_diff_8k.jpg,/Volumes/Data/University/PPMGR/Blender_Mat_Generator_PPMGR/Projects/textures
knit_diffuseOriginal.jpg,/Volumes/Data/University/PPMGR/Blender_Mat_Generator_PPMGR/Projects/textures/knit_diffuseOriginal.jpg,/Volumes/Data/University/PPMGR/Blender_Mat_Generator_PPMGR/Projects/textures
labradorite_1_basecolor-2K.png,/Volumes/Data/University/PPMGR/Blender_Mat_Generator_PPMGR/Projects/textures/labradorite_1_basecolor-2K.png,/Volumes/Data/University/PPMGR/Blender_Mat_Generator_PPMGR/Projects/textures
lace1_BaseColor.jpg,/Volumes/Data/University/PPMGR/Blender_Mat_Generator_PPMGR/Projects/textures/lace1_BaseColor.jpg,/Volumes/Data/University/PPMGR/Blender_Mat_Generator_PPMGR/Projects/textures
lacquered-oak-diffuse.jpg,/Volumes/Data/University/PPMGR/Blender_Mat_Generator_PPMGR/Projects/textures/lacquered-oak-diffuse.jpg,/Volumes/Data/University/PPMGR/Blender_Mat_Generator_PPMGR/Projects/textures
laminate_floor_02_diff_2k.jpg,/Volumes/Data/University/PPMGR/Blender_Mat_Generator_PPMGR/Projects/textures/laminate_floor_02_diff_2k.jpg,/Volumes/Data/University/PPMGR/Blender_Mat_Generator_PPMGR/Projects/textures
laminate_floor_02_diff_8k.jpg,/Volumes/Data/University/PPMGR/Blender_Mat_Generator_PPMGR/Projects/textures/laminate_floor_02_diff_8k.jpg,/Volumes/Data/University/PPMGR/Blender_Mat_Generator_PPMGR/Projects/textures
laminate_floor_03_diff_8k.jpg,/Volumes/Data/University/PPMGR/Blender_Mat_Generator_PPMGR/Projects/textures/laminate_floor_03_diff_8k.jpg,/Volumes/Data/University/PPMGR/Blender_Mat_Generator_PPMGR/Projects/textures
lamp-styled-tile_diffuse.jpg,/Volumes/Data/University/PPMGR/Blender_Mat_Generator_PPMGR/Projects/textures/lamp-styled-tile_diffuse.jpg,/Volumes/Data/University/PPMGR/Blender_Mat_Generator_PPMGR/Projects/textures
large_grey_tiles_diff_8k.jpg,/Volumes/Data/University/PPMGR/Blender_Mat_Generator_PPMGR/Projects/textures/large_grey_tiles_diff_8k.jpg,/Volumes/Data/University/PPMGR/Blender_Mat_Generator_PPMGR/Projects/textures
large_sandstone_blocks_01_diff_8k.jpg,/Volumes/Data/University/PPMGR/Blender_Mat_Generator_PPMGR/Projects/textures/large_sandstone_blocks_01_diff_8k.jpg,/Volumes/Data/University/PPMGR/Blender_Mat_Generator_PPMGR/Projects/textures
large_square_pattern_01_diff_4k.jpg,/Volumes/Data/University/PPMGR/Blender_Mat_Generator_PPMGR/Projects/textures/large_square_pattern_01_diff_4k.jpg,/Volumes/Data/University/PPMGR/Blender_Mat_Generator_PPMGR/Projects/textures
large_square_pattern_01_diff_8k.jpg,/Volumes/Data/University/PPMGR/Blender_Mat_Generator_PPMGR/Projects/textures/large_square_pattern_01_diff_8k.jpg,/Volumes/Data/University/PPMGR/Blender_Mat_Generator_PPMGR/Projects/textures
latest_3_basecolor.jpg,/Volumes/Data/University/PPMGR/Blender_Mat_Generator_PPMGR/Projects/textures/latest_3_basecolor.jpg,/Volumes/Data/University/PPMGR/Blender_Mat_Generator_PPMGR/Projects/textures
lava arc  stone_BaseColor.jpg,/Volumes/Data/University/PPMGR/Blender_Mat_Generator_PPMGR/Projects/textures/lava arc  stone_BaseColor.jpg,/Volumes/Data/University/PPMGR/Blender_Mat_Generator_PPMGR/Projects/textures
lava stone_BaseColor.jpg,/Volumes/Data/University/PPMGR/Blender_Mat_Generator_PPMGR/Projects/textures/lava stone_BaseColor.jpg,/Volumes/Data/University/PPMGR/Blender_Mat_Generator_PPMGR/Projects/textures
lava tiles hexa_BaseColor.jpg,/Volumes/Data/University/PPMGR/Blender_Mat_Generator_PPMGR/Projects/textures/lava tiles hexa_BaseColor.jpg,/Volumes/Data/University/PPMGR/Blender_Mat_Generator_PPMGR/Projects/textures
lava tiles_BaseColor.jpg,/Volumes/Data/University/PPMGR/Blender_Mat_Generator_PPMGR/Projects/textures/lava tiles_BaseColor.jpg,/Volumes/Data/University/PPMGR/Blender_Mat_Generator_PPMGR/Projects/textures
lava-1_diffuse.jpg,/Volumes/Data/University/PPMGR/Blender_Mat_Generator_PPMGR/Projects/textures/lava-1_diffuse.jpg,/Volumes/Data/University/PPMGR/Blender_Mat_Generator_PPMGR/Projects/textures
lava-1_emission.jpg,/Volumes/Data/University/PPMGR/Blender_Mat_Generator_PPMGR/Projects/textures/lava-1_emission.jpg,/Volumes/Data/University/PPMGR/Blender_Mat_Generator_PPMGR/Projects/textures
lava-2_diffuse.jpg,/Volumes/Data/University/PPMGR/Blender_Mat_Generator_PPMGR/Projects/textures/lava-2_diffuse.jpg,/Volumes/Data/University/PPMGR/Blender_Mat_Generator_PPMGR/Projects/textures
lava-2_emission.jpg,/Volumes/Data/University/PPMGR/Blender_Mat_Generator_PPMGR/Projects/textures/lava-2_emission.jpg,/Volumes/Data/University/PPMGR/Blender_Mat_Generator_PPMGR/Projects/textures
lava-3_diffuse.jpg,/Volumes/Data/University/PPMGR/Blender_Mat_Generator_PPMGR/Projects/textures/lava-3_diffuse.jpg,/Volumes/Data/University/PPMGR/Blender_Mat_Generator_PPMGR/Projects/textures
lava-3_emission.jpg,/Volumes/Data/University/PPMGR/Blender_Mat_Generator_PPMGR/Projects/textures/lava-3_emission.jpg,/Volumes/Data/University/PPMGR/Blender_Mat_Generator_PPMGR/Projects/textures
lava-4_diffuse.jpg,/Volumes/Data/University/PPMGR/Blender_Mat_Generator_PPMGR/Projects/textures/lava-4_diffuse.jpg,/Volumes/Data/University/PPMGR/Blender_Mat_Generator_PPMGR/Projects/textures
lava-4_emission.jpg,/Volumes/Data/University/PPMGR/Blender_Mat_Generator_PPMGR/Projects/textures/lava-4_emission.jpg,/Volumes/Data/University/PPMGR/Blender_Mat_Generator_PPMGR/Projects/textures
lava-5_diffuse.jpg,/Volumes/Data/University/PPMGR/Blender_Mat_Generator_PPMGR/Projects/textures/lava-5_diffuse.jpg,/Volumes/Data/University/PPMGR/Blender_Mat_Generator_PPMGR/Projects/textures
lava-5_emission.jpg,/Volumes/Data/University/PPMGR/Blender_Mat_Generator_PPMGR/Projects/textures/lava-5_emission.jpg,/Volumes/Data/University/PPMGR/Blender_Mat_Generator_PPMGR/Projects/textures
lava-6_diffuse.jpg,/Volumes/Data/University/PPMGR/Blender_Mat_Generator_PPMGR/Projects/textures/lava-6_diffuse.jpg,/Volumes/Data/University/PPMGR/Blender_Mat_Generator_PPMGR/Projects/textures
lava-6_emission.jpg,/Volumes/Data/University/PPMGR/Blender_Mat_Generator_PPMGR/Projects/textures/lava-6_emission.jpg,/Volumes/Data/University/PPMGR/Blender_Mat_Generator_PPMGR/Projects/textures
lava_diffuseOriginal.jpg,/Volumes/Data/University/PPMGR/Blender_Mat_Generator_PPMGR/Projects/textures/lava_diffuseOriginal.jpg,/Volumes/Data/University/PPMGR/Blender_Mat_Generator_PPMGR/Projects/textures
leaf_decor_wall_Base_Color.jpg,/Volumes/Data/University/PPMGR/Blender_Mat_Generator_PPMGR/Projects/textures/leaf_decor_wall_Base_Color.jpg,/Volumes/Data/University/PPMGR/Blender_Mat_Generator_PPMGR/Projects/textures
leaf_decor_wall_White_Base_Color.jpg,/Volumes/Data/University/PPMGR/Blender_Mat_Generator_PPMGR/Projects/textures/leaf_decor_wall_White_Base_Color.jpg,/Volumes/Data/University/PPMGR/Blender_Mat_Generator_PPMGR/Projects/textures
leaf_decor_wall_green_Base_Color.jpg,/Volumes/Data/University/PPMGR/Blender_Mat_Generator_PPMGR/Projects/textures/leaf_decor_wall_green_Base_Color.jpg,/Volumes/Data/University/PPMGR/Blender_Mat_Generator_PPMGR/Projects/textures
leafy_grass_diff_8k.jpg,/Volumes/Data/University/PPMGR/Blender_Mat_Generator_PPMGR/Projects/textures/leafy_grass_diff_8k.jpg,/Volumes/Data/University/PPMGR/Blender_Mat_Generator_PPMGR/Projects/textures
leather 1_4K_Color.jpg,/Volumes/Data/University/PPMGR/Blender_Mat_Generator_PPMGR/Projects/textures/leather 1_4K_Color.jpg,/Volumes/Data/University/PPMGR/Blender_Mat_Generator_PPMGR/Projects/textures
leather 2_4K_Color.jpg,/Volumes/Data/University/PPMGR/Blender_Mat_Generator_PPMGR/Projects/textures/leather 2_4K_Color.jpg,/Volumes/Data/University/PPMGR/Blender_Mat_Generator_PPMGR/Projects/textures
leather 4_4K_Color.jpg,/Volumes/Data/University/PPMGR/Blender_Mat_Generator_PPMGR/Projects/textures/leather 4_4K_Color.jpg,/Volumes/Data/University/PPMGR/Blender_Mat_Generator_PPMGR/Projects/textures
leather 5_4K_Color.jpg,/Volumes/Data/University/PPMGR/Blender_Mat_Generator_PPMGR/Projects/textures/leather 5_4K_Color.jpg,/Volumes/Data/University/PPMGR/Blender_Mat_Generator_PPMGR/Projects/textures
leather sofa studded_1K_Albedo.jpg,/Volumes/Data/University/PPMGR/Blender_Mat_Generator_PPMGR/Projects/textures/leather sofa studded_1K_Albedo.jpg,/Volumes/Data/University/PPMGR/Blender_Mat_Generator_PPMGR/Projects/textures
leather-1_diffuse.jpg,/Volumes/Data/University/PPMGR/Blender_Mat_Generator_PPMGR/Projects/textures/leather-1_diffuse.jpg,/Volumes/Data/University/PPMGR/Blender_Mat_Generator_PPMGR/Projects/textures
leather-diffuse.jpg,/Volumes/Data/University/PPMGR/Blender_Mat_Generator_PPMGR/Projects/textures/leather-diffuse.jpg,/Volumes/Data/University/PPMGR/Blender_Mat_Generator_PPMGR/Projects/textures
leather_02.jpg,/Volumes/Data/University/PPMGR/Blender_Mat_Generator_PPMGR/Projects/textures/leather_02.jpg,/Volumes/Data/University/PPMGR/Blender_Mat_Generator_PPMGR/Projects/textures
leather_crocodile_BaseColor.png,/Volumes/Data/University/PPMGR/Blender_Mat_Generator_PPMGR/Projects/textures/leather_crocodile_BaseColor.png,/Volumes/Data/University/PPMGR/Blender_Mat_Generator_PPMGR/Projects/textures
leather_red_02_coll1_8k.jpg,/Volumes/Data/University/PPMGR/Blender_Mat_Generator_PPMGR/Projects/textures/leather_red_02_coll1_8k.jpg,/Volumes/Data/University/PPMGR/Blender_Mat_Generator_PPMGR/Projects/textures
leather_red_03_coll1_8k.jpg,/Volumes/Data/University/PPMGR/Blender_Mat_Generator_PPMGR/Projects/textures/leather_red_03_coll1_8k.jpg,/Volumes/Data/University/PPMGR/Blender_Mat_Generator_PPMGR/Projects/textures
leather_white_diff_8k.jpg,/Volumes/Data/University/PPMGR/Blender_Mat_Generator_PPMGR/Projects/textures/leather_white_diff_8k.jpg,/Volumes/Data/University/PPMGR/Blender_Mat_Generator_PPMGR/Projects/textures
leaves_Diffuse.jpg,/Volumes/Data/University/PPMGR/Blender_Mat_Generator_PPMGR/Projects/textures/leaves_Diffuse.jpg,/Volumes/Data/University/PPMGR/Blender_Mat_Generator_PPMGR/Projects/textures
leaves_autumn-01-diff_1.jpg,/Volumes/Data/University/PPMGR/Blender_Mat_Generator_PPMGR/Projects/textures/leaves_autumn-01-diff_1.jpg,/Volumes/Data/University/PPMGR/Blender_Mat_Generator_PPMGR/Projects/textures
leaves_forest_ground_diff_8k.jpg,/Volumes/Data/University/PPMGR/Blender_Mat_Generator_PPMGR/Projects/textures/leaves_forest_ground_diff_8k.jpg,/Volumes/Data/University/PPMGR/Blender_Mat_Generator_PPMGR/Projects/textures
leder19-4096-01.jpg,/Volumes/Data/University/PPMGR/Blender_Mat_Generator_PPMGR/Projects/textures/leder19-4096-01.jpg,/Volumes/Data/University/PPMGR/Blender_Mat_Generator_PPMGR/Projects/textures
leo patterned lace_BaseColorOpacity.png,/Volumes/Data/University/PPMGR/Blender_Mat_Generator_PPMGR/Projects/textures/leo patterned lace_BaseColorOpacity.png,/Volumes/Data/University/PPMGR/Blender_Mat_Generator_PPMGR/Projects/textures
leopardFur_COLOR.jpg,/Volumes/Data/University/PPMGR/Blender_Mat_Generator_PPMGR/Projects/textures/leopardFur_COLOR.jpg,/Volumes/Data/University/PPMGR/Blender_Mat_Generator_PPMGR/Projects/textures
lether_basecolor.jpg,/Volumes/Data/University/PPMGR/Blender_Mat_Generator_PPMGR/Projects/textures/lether_basecolor.jpg,/Volumes/Data/University/PPMGR/Blender_Mat_Generator_PPMGR/Projects/textures
levelMap_COLOR.jpg,/Volumes/Data/University/PPMGR/Blender_Mat_Generator_PPMGR/Projects/textures/levelMap_COLOR.jpg,/Volumes/Data/University/PPMGR/Blender_Mat_Generator_PPMGR/Projects/textures
light beig mosaic marble_BaseColor.jpg,/Volumes/Data/University/PPMGR/Blender_Mat_Generator_PPMGR/Projects/textures/light beig mosaic marble_BaseColor.jpg,/Volumes/Data/University/PPMGR/Blender_Mat_Generator_PPMGR/Projects/textures
light blue check hatch fabric_BaseColor.jpg,/Volumes/Data/University/PPMGR/Blender_Mat_Generator_PPMGR/Projects/textures/light blue check hatch fabric_BaseColor.jpg,/Volumes/Data/University/PPMGR/Blender_Mat_Generator_PPMGR/Projects/textures
light brown wood colour map.jpg,/Volumes/Data/University/PPMGR/Blender_Mat_Generator_PPMGR/Projects/textures/light brown wood colour map.jpg,/Volumes/Data/University/PPMGR/Blender_Mat_Generator_PPMGR/Projects/textures
light wood 1_BaseColor.jpg,/Volumes/Data/University/PPMGR/Blender_Mat_Generator_PPMGR/Projects/textures/light wood 1_BaseColor.jpg,/Volumes/Data/University/PPMGR/Blender_Mat_Generator_PPMGR/Projects/textures
light wood non rough_BaseColor.jpg,/Volumes/Data/University/PPMGR/Blender_Mat_Generator_PPMGR/Projects/textures/light wood non rough_BaseColor.jpg,/Volumes/Data/University/PPMGR/Blender_Mat_Generator_PPMGR/Projects/textures
light wood rough_BaseColor.jpg,/Volumes/Data/University/PPMGR/Blender_Mat_Generator_PPMGR/Projects/textures/light wood rough_BaseColor.jpg,/Volumes/Data/University/PPMGR/Blender_Mat_Generator_PPMGR/Projects/textures
limestone_chipped_tiles_Base_Color.jpg,/Volumes/Data/University/PPMGR/Blender_Mat_Generator_PPMGR/Projects/textures/limestone_chipped_tiles_Base_Color.jpg,/Volumes/Data/University/PPMGR/Blender_Mat_Generator_PPMGR/Projects/textures
linen fabric_BaseColor.jpg,/Volumes/Data/University/PPMGR/Blender_Mat_Generator_PPMGR/Projects/textures/linen fabric_BaseColor.jpg,/Volumes/Data/University/PPMGR/Blender_Mat_Generator_PPMGR/Projects/textures
linen-texture-diffuse.jpg,/Volumes/Data/University/PPMGR/Blender_Mat_Generator_PPMGR/Projects/textures/linen-texture-diffuse.jpg,/Volumes/Data/University/PPMGR/Blender_Mat_Generator_PPMGR/Projects/textures
linen-upholstery-fabric-diffuse.jpg,/Volumes/Data/University/PPMGR/Blender_Mat_Generator_PPMGR/Projects/textures/linen-upholstery-fabric-diffuse.jpg,/Volumes/Data/University/PPMGR/Blender_Mat_Generator_PPMGR/Projects/textures
log-cabin_diffuse.jpg,/Volumes/Data/University/PPMGR/Blender_Mat_Generator_PPMGR/Projects/textures/log-cabin_diffuse.jpg,/Volumes/Data/University/PPMGR/Blender_Mat_Generator_PPMGR/Projects/textures
log-cabin_diffuse.jpg.png,/Volumes/Data/University/PPMGR/Blender_Mat_Generator_PPMGR/Projects/textures/log-cabin_diffuse.jpg.png,/Volumes/Data/University/PPMGR/Blender_Mat_Generator_PPMGR/Projects/textures
london-buclé-diffuse.jpg,/Volumes/Data/University/PPMGR/Blender_Mat_Generator_PPMGR/Projects/textures/london-buclé-diffuse.jpg,/Volumes/Data/University/PPMGR/Blender_Mat_Generator_PPMGR/Projects/textures
loveTShirt_COLOR.jpg,/Volumes/Data/University/PPMGR/Blender_Mat_Generator_PPMGR/Projects/textures/loveTShirt_COLOR.jpg,/Volumes/Data/University/PPMGR/Blender_Mat_Generator_PPMGR/Projects/textures
low_DefaultMaterial_BaseColor.jpg,/Volumes/Data/University/PPMGR/Blender_Mat_Generator_PPMGR/Projects/textures/low_DefaultMaterial_BaseColor.jpg,/Volumes/Data/University/PPMGR/Blender_Mat_Generator_PPMGR/Projects/textures
low_DefaultMaterial_OcclusionRoughnessMetallic.jpg,/Volumes/Data/University/PPMGR/Blender_Mat_Generator_PPMGR/Projects/textures/low_DefaultMaterial_OcclusionRoughnessMetallic.jpg,/Volumes/Data/University/PPMGR/Blender_Mat_Generator_PPMGR/Projects/textures
low_material_BaseColor.jpg,/Volumes/Data/University/PPMGR/Blender_Mat_Generator_PPMGR/Projects/textures/low_material_BaseColor.jpg,/Volumes/Data/University/PPMGR/Blender_Mat_Generator_PPMGR/Projects/textures
low_texture_BaseColor.1001.jpg,/Volumes/Data/University/PPMGR/Blender_Mat_Generator_PPMGR/Projects/textures/low_texture_BaseColor.1001.jpg,/Volumes/Data/University/PPMGR/Blender_Mat_Generator_PPMGR/Projects/textures
lunarTarget_COLOR.jpg,/Volumes/Data/University/PPMGR/Blender_Mat_Generator_PPMGR/Projects/textures/lunarTarget_COLOR.jpg,/Volumes/Data/University/PPMGR/Blender_Mat_Generator_PPMGR/Projects/textures
machin Mat 2_Diffuse.jpg,/Volumes/Data/University/PPMGR/Blender_Mat_Generator_PPMGR/Projects/textures/machin Mat 2_Diffuse.jpg,/Volumes/Data/University/PPMGR/Blender_Mat_Generator_PPMGR/Projects/textures
machin Mat 2_Normal.jpg,/Volumes/Data/University/PPMGR/Blender_Mat_Generator_PPMGR/Projects/textures/machin Mat 2_Normal.jpg,/Volumes/Data/University/PPMGR/Blender_Mat_Generator_PPMGR/Projects/textures
machin mat 1_BaseColor.jpg,/Volumes/Data/University/PPMGR/Blender_Mat_Generator_PPMGR/Projects/textures/machin mat 1_BaseColor.jpg,/Volumes/Data/University/PPMGR/Blender_Mat_Generator_PPMGR/Projects/textures
machin mat 1_Normal.jpg,/Volumes/Data/University/PPMGR/Blender_Mat_Generator_PPMGR/Projects/textures/machin mat 1_Normal.jpg,/Volumes/Data/University/PPMGR/Blender_Mat_Generator_PPMGR/Projects/textures
mageo_Imbuia-diffuse.png,/Volumes/Data/University/PPMGR/Blender_Mat_Generator_PPMGR/Projects/textures/mageo_Imbuia-diffuse.png,/Volumes/Data/University/PPMGR/Blender_Mat_Generator_PPMGR/Projects/textures
mageo_mel-diffuse.jpg,/Volumes/Data/University/PPMGR/Blender_Mat_Generator_PPMGR/Projects/textures/mageo_mel-diffuse.jpg,/Volumes/Data/University/PPMGR/Blender_Mat_Generator_PPMGR/Projects/textures
mahogany_basecolor.jpg,/Volumes/Data/University/PPMGR/Blender_Mat_Generator_PPMGR/Projects/textures/mahogany_basecolor.jpg,/Volumes/Data/University/PPMGR/Blender_Mat_Generator_PPMGR/Projects/textures
makore_basecolor.jpg,/Volumes/Data/University/PPMGR/Blender_Mat_Generator_PPMGR/Projects/textures/makore_basecolor.jpg,/Volumes/Data/University/PPMGR/Blender_Mat_Generator_PPMGR/Projects/textures
marble diffuse.jpg,/Volumes/Data/University/PPMGR/Blender_Mat_Generator_PPMGR/Projects/textures/marble diffuse.jpg,/Volumes/Data/University/PPMGR/Blender_Mat_Generator_PPMGR/Projects/textures
marble floor_BaseColor.jpg,/Volumes/Data/University/PPMGR/Blender_Mat_Generator_PPMGR/Projects/textures/marble floor_BaseColor.jpg,/Volumes/Data/University/PPMGR/Blender_Mat_Generator_PPMGR/Projects/textures
marble tiles 2-basecolor.jpg,/Volumes/Data/University/PPMGR/Blender_Mat_Generator_PPMGR/Projects/textures/marble tiles 2-basecolor.jpg,/Volumes/Data/University/PPMGR/Blender_Mat_Generator_PPMGR/Projects/textures
marble-10_diffuse.jpg,/Volumes/Data/University/PPMGR/Blender_Mat_Generator_PPMGR/Projects/textures/marble-10_diffuse.jpg,/Volumes/Data/University/PPMGR/Blender_Mat_Generator_PPMGR/Projects/textures
marble-11_diffuse.jpg,/Volumes/Data/University/PPMGR/Blender_Mat_Generator_PPMGR/Projects/textures/marble-11_diffuse.jpg,/Volumes/Data/University/PPMGR/Blender_Mat_Generator_PPMGR/Projects/textures
marble-12_diffuse.jpg,/Volumes/Data/University/PPMGR/Blender_Mat_Generator_PPMGR/Projects/textures/marble-12_diffuse.jpg,/Volumes/Data/University/PPMGR/Blender_Mat_Generator_PPMGR/Projects/textures
marble-13_diffuse.jpg,/Volumes/Data/University/PPMGR/Blender_Mat_Generator_PPMGR/Projects/textures/marble-13_diffuse.jpg,/Volumes/Data/University/PPMGR/Blender_Mat_Generator_PPMGR/Projects/textures
marble-1_diffuse.jpg,/Volumes/Data/University/PPMGR/Blender_Mat_Generator_PPMGR/Projects/textures/marble-1_diffuse.jpg,/Volumes/Data/University/PPMGR/Blender_Mat_Generator_PPMGR/Projects/textures
marble-3_diffuse.jpg,/Volumes/Data/University/PPMGR/Blender_Mat_Generator_PPMGR/Projects/textures/marble-3_diffuse.jpg,/Volumes/Data/University/PPMGR/Blender_Mat_Generator_PPMGR/Projects/textures
marble-4_diffuse.jpg,/Volumes/Data/University/PPMGR/Blender_Mat_Generator_PPMGR/Projects/textures/marble-4_diffuse.jpg,/Volumes/Data/University/PPMGR/Blender_Mat_Generator_PPMGR/Projects/textures
marble-5_diffuse.jpg,/Volumes/Data/University/PPMGR/Blender_Mat_Generator_PPMGR/Projects/textures/marble-5_diffuse.jpg,/Volumes/Data/University/PPMGR/Blender_Mat_Generator_PPMGR/Projects/textures
marble-6_diffuse.jpg,/Volumes/Data/University/PPMGR/Blender_Mat_Generator_PPMGR/Projects/textures/marble-6_diffuse.jpg,/Volumes/Data/University/PPMGR/Blender_Mat_Generator_PPMGR/Projects/textures
marble-7_diffuse.jpg,/Volumes/Data/University/PPMGR/Blender_Mat_Generator_PPMGR/Projects/textures/marble-7_diffuse.jpg,/Volumes/Data/University/PPMGR/Blender_Mat_Generator_PPMGR/Projects/textures
marble-8_diffuse.jpg,/Volumes/Data/University/PPMGR/Blender_Mat_Generator_PPMGR/Projects/textures/marble-8_diffuse.jpg,/Volumes/Data/University/PPMGR/Blender_Mat_Generator_PPMGR/Projects/textures
marble-9_diffuse.jpg,/Volumes/Data/University/PPMGR/Blender_Mat_Generator_PPMGR/Projects/textures/marble-9_diffuse.jpg,/Volumes/Data/University/PPMGR/Blender_Mat_Generator_PPMGR/Projects/textures
marble-diffuse.jpg,/Volumes/Data/University/PPMGR/Blender_Mat_Generator_PPMGR/Projects/textures/marble-diffuse.jpg,/Volumes/Data/University/PPMGR/Blender_Mat_Generator_PPMGR/Projects/textures
marble11_4K_Color.jpg,/Volumes/Data/University/PPMGR/Blender_Mat_Generator_PPMGR/Projects/textures/marble11_4K_Color.jpg,/Volumes/Data/University/PPMGR/Blender_Mat_Generator_PPMGR/Projects/textures
marble_0014_color_2k.jpg,/Volumes/Data/University/PPMGR/Blender_Mat_Generator_PPMGR/Projects/textures/marble_0014_color_2k.jpg,/Volumes/Data/University/PPMGR/Blender_Mat_Generator_PPMGR/Projects/textures
marble_01_diff_8k.jpg,/Volumes/Data/University/PPMGR/Blender_Mat_Generator_PPMGR/Projects/textures/marble_01_diff_8k.jpg,/Volumes/Data/University/PPMGR/Blender_Mat_Generator_PPMGR/Projects/textures
marble_02_color.jpg,/Volumes/Data/University/PPMGR/Blender_Mat_Generator_PPMGR/Projects/textures/marble_02_color.jpg,/Volumes/Data/University/PPMGR/Blender_Mat_Generator_PPMGR/Projects/textures
marble_03_color.jpg,/Volumes/Data/University/PPMGR/Blender_Mat_Generator_PPMGR/Projects/textures/marble_03_color.jpg,/Volumes/Data/University/PPMGR/Blender_Mat_Generator_PPMGR/Projects/textures
marble_04_color.jpg,/Volumes/Data/University/PPMGR/Blender_Mat_Generator_PPMGR/Projects/textures/marble_04_color.jpg,/Volumes/Data/University/PPMGR/Blender_Mat_Generator_PPMGR/Projects/textures
marble_05_color.jpg,/Volumes/Data/University/PPMGR/Blender_Mat_Generator_PPMGR/Projects/textures/marble_05_color.jpg,/Volumes/Data/University/PPMGR/Blender_Mat_Generator_PPMGR/Projects/textures
marble_06_color.jpg,/Volumes/Data/University/PPMGR/Blender_Mat_Generator_PPMGR/Projects/textures/marble_06_color.jpg,/Volumes/Data/University/PPMGR/Blender_Mat_Generator_PPMGR/Projects/textures
marble_07_color.jpg,/Volumes/Data/University/PPMGR/Blender_Mat_Generator_PPMGR/Projects/textures/marble_07_color.jpg,/Volumes/Data/University/PPMGR/Blender_Mat_Generator_PPMGR/Projects/textures
marble_08_color.jpg,/Volumes/Data/University/PPMGR/Blender_Mat_Generator_PPMGR/Projects/textures/marble_08_color.jpg,/Volumes/Data/University/PPMGR/Blender_Mat_Generator_PPMGR/Projects/textures
marble_09_color.jpg,/Volumes/Data/University/PPMGR/Blender_Mat_Generator_PPMGR/Projects/textures/marble_09_color.jpg,/Volumes/Data/University/PPMGR/Blender_Mat_Generator_PPMGR/Projects/textures
marble_35_basecolor-2K.jpg,/Volumes/Data/University/PPMGR/Blender_Mat_Generator_PPMGR/Projects/textures/marble_35_basecolor-2K.jpg,/Volumes/Data/University/PPMGR/Blender_Mat_Generator_PPMGR/Projects/textures
marble_36_basecolor-2K.jpg,/Volumes/Data/University/PPMGR/Blender_Mat_Generator_PPMGR/Projects/textures/marble_36_basecolor-2K.jpg,/Volumes/Data/University/PPMGR/Blender_Mat_Generator_PPMGR/Projects/textures
marble_37_basecolor-2K.jpg,/Volumes/Data/University/PPMGR/Blender_Mat_Generator_PPMGR/Projects/textures/marble_37_basecolor-2K.jpg,/Volumes/Data/University/PPMGR/Blender_Mat_Generator_PPMGR/Projects/textures
marble_38_basecolor-2K.jpg,/Volumes/Data/University/PPMGR/Blender_Mat_Generator_PPMGR/Projects/textures/marble_38_basecolor-2K.jpg,/Volumes/Data/University/PPMGR/Blender_Mat_Generator_PPMGR/Projects/textures
marble_39_basecolor-2K.jpg,/Volumes/Data/University/PPMGR/Blender_Mat_Generator_PPMGR/Projects/textures/marble_39_basecolor-2K.jpg,/Volumes/Data/University/PPMGR/Blender_Mat_Generator_PPMGR/Projects/textures
marble_40_basecolor-2K.jpg,/Volumes/Data/University/PPMGR/Blender_Mat_Generator_PPMGR/Projects/textures/marble_40_basecolor-2K.jpg,/Volumes/Data/University/PPMGR/Blender_Mat_Generator_PPMGR/Projects/textures
marble_41_basecolor-2K.jpg,/Volumes/Data/University/PPMGR/Blender_Mat_Generator_PPMGR/Projects/textures/marble_41_basecolor-2K.jpg,/Volumes/Data/University/PPMGR/Blender_Mat_Generator_PPMGR/Projects/textures
marble_42_basecolor-2K.jpg,/Volumes/Data/University/PPMGR/Blender_Mat_Generator_PPMGR/Projects/textures/marble_42_basecolor-2K.jpg,/Volumes/Data/University/PPMGR/Blender_Mat_Generator_PPMGR/Projects/textures
marble_43_basecolor-2K.jpg,/Volumes/Data/University/PPMGR/Blender_Mat_Generator_PPMGR/Projects/textures/marble_43_basecolor-2K.jpg,/Volumes/Data/University/PPMGR/Blender_Mat_Generator_PPMGR/Projects/textures
marble_44_basecolor-2K.jpg,/Volumes/Data/University/PPMGR/Blender_Mat_Generator_PPMGR/Projects/textures/marble_44_basecolor-2K.jpg,/Volumes/Data/University/PPMGR/Blender_Mat_Generator_PPMGR/Projects/textures
marble_45_basecolor-2K.jpg,/Volumes/Data/University/PPMGR/Blender_Mat_Generator_PPMGR/Projects/textures/marble_45_basecolor-2K.jpg,/Volumes/Data/University/PPMGR/Blender_Mat_Generator_PPMGR/Projects/textures
marble_46_basecolor-2K.jpg,/Volumes/Data/University/PPMGR/Blender_Mat_Generator_PPMGR/Projects/textures/marble_46_basecolor-2K.jpg,/Volumes/Data/University/PPMGR/Blender_Mat_Generator_PPMGR/Projects/textures
marble_47_basecolor-2K.jpg,/Volumes/Data/University/PPMGR/Blender_Mat_Generator_PPMGR/Projects/textures/marble_47_basecolor-2K.jpg,/Volumes/Data/University/PPMGR/Blender_Mat_Generator_PPMGR/Projects/textures
marble_Albedo.jpg,/Volumes/Data/University/PPMGR/Blender_Mat_Generator_PPMGR/Projects/textures/marble_Albedo.jpg,/Volumes/Data/University/PPMGR/Blender_Mat_Generator_PPMGR/Projects/textures
marble_diffuseOriginal.jpg,/Volumes/Data/University/PPMGR/Blender_Mat_Generator_PPMGR/Projects/textures/marble_diffuseOriginal.jpg,/Volumes/Data/University/PPMGR/Blender_Mat_Generator_PPMGR/Projects/textures
marble_tiles_04_diffuseOriginal.jpg,/Volumes/Data/University/PPMGR/Blender_Mat_Generator_PPMGR/Projects/textures/marble_tiles_04_diffuseOriginal.jpg,/Volumes/Data/University/PPMGR/Blender_Mat_Generator_PPMGR/Projects/textures
marmo_Diffuse.jpg,/Volumes/Data/University/PPMGR/Blender_Mat_Generator_PPMGR/Projects/textures/marmo_Diffuse.jpg,/Volumes/Data/University/PPMGR/Blender_Mat_Generator_PPMGR/Projects/textures
marmor-sw_BaseColor.jpg,/Volumes/Data/University/PPMGR/Blender_Mat_Generator_PPMGR/Projects/textures/marmor-sw_BaseColor.jpg,/Volumes/Data/University/PPMGR/Blender_Mat_Generator_PPMGR/Projects/textures
marroqui-01-4k-color.jpg,/Volumes/Data/University/PPMGR/Blender_Mat_Generator_PPMGR/Projects/textures/marroqui-01-4k-color.jpg,/Volumes/Data/University/PPMGR/Blender_Mat_Generator_PPMGR/Projects/textures
marroqui-02-4k-color.jpg,/Volumes/Data/University/PPMGR/Blender_Mat_Generator_PPMGR/Projects/textures/marroqui-02-4k-color.jpg,/Volumes/Data/University/PPMGR/Blender_Mat_Generator_PPMGR/Projects/textures
marroqui-04-4k-color.jpg,/Volumes/Data/University/PPMGR/Blender_Mat_Generator_PPMGR/Projects/textures/marroqui-04-4k-color.jpg,/Volumes/Data/University/PPMGR/Blender_Mat_Generator_PPMGR/Projects/textures
matal sci-fi patern_BaseColor.jpg,/Volumes/Data/University/PPMGR/Blender_Mat_Generator_PPMGR/Projects/textures/matal sci-fi patern_BaseColor.jpg,/Volumes/Data/University/PPMGR/Blender_Mat_Generator_PPMGR/Projects/textures
materials_test_Wet_cement_BaseColor.jpg,/Volumes/Data/University/PPMGR/Blender_Mat_Generator_PPMGR/Projects/textures/materials_test_Wet_cement_BaseColor.jpg,/Volumes/Data/University/PPMGR/Blender_Mat_Generator_PPMGR/Projects/textures
materials_test_Wet_cement_OcclusionRoughnessMetallic.jpg,/Volumes/Data/University/PPMGR/Blender_Mat_Generator_PPMGR/Projects/textures/materials_test_Wet_cement_OcclusionRoughnessMetallic.jpg,/Volumes/Data/University/PPMGR/Blender_Mat_Generator_PPMGR/Projects/textures
mdf-bp-tauari-guararapes-imagem-01-transformed.jpg,/Volumes/Data/University/PPMGR/Blender_Mat_Generator_PPMGR/Projects/textures/mdf-bp-tauari-guararapes-imagem-01-transformed.jpg,/Volumes/Data/University/PPMGR/Blender_Mat_Generator_PPMGR/Projects/textures
mdf-louro-freijo-poro-2-faces-2750-x-1850-x-6-mm-6559840-1575388097834(1).jpg,/Volumes/Data/University/PPMGR/Blender_Mat_Generator_PPMGR/Projects/textures/mdf-louro-freijo-poro-2-faces-2750-x-1850-x-6-mm-6559840-1575388097834(1).jpg,/Volumes/Data/University/PPMGR/Blender_Mat_Generator_PPMGR/Projects/textures
meadow_02_albedo.jpg,/Volumes/Data/University/PPMGR/Blender_Mat_Generator_PPMGR/Projects/textures/meadow_02_albedo.jpg,/Volumes/Data/University/PPMGR/Blender_Mat_Generator_PPMGR/Projects/textures
medieval Building _BaseColor.jpg,/Volumes/Data/University/PPMGR/Blender_Mat_Generator_PPMGR/Projects/textures/medieval Building _BaseColor.jpg,/Volumes/Data/University/PPMGR/Blender_Mat_Generator_PPMGR/Projects/textures
medieval Fabric_BaseColor.jpg,/Volumes/Data/University/PPMGR/Blender_Mat_Generator_PPMGR/Projects/textures/medieval Fabric_BaseColor.jpg,/Volumes/Data/University/PPMGR/Blender_Mat_Generator_PPMGR/Projects/textures
medieval small town  Gate_BaseColor.jpg,/Volumes/Data/University/PPMGR/Blender_Mat_Generator_PPMGR/Projects/textures/medieval small town  Gate_BaseColor.jpg,/Volumes/Data/University/PPMGR/Blender_Mat_Generator_PPMGR/Projects/textures
medieval_blocks_02_diff_8k.jpg,/Volumes/Data/University/PPMGR/Blender_Mat_Generator_PPMGR/Projects/textures/medieval_blocks_02_diff_8k.jpg,/Volumes/Data/University/PPMGR/Blender_Mat_Generator_PPMGR/Projects/textures
medieval_blocks_03_diff_8k.jpg,/Volumes/Data/University/PPMGR/Blender_Mat_Generator_PPMGR/Projects/textures/medieval_blocks_03_diff_8k.jpg,/Volumes/Data/University/PPMGR/Blender_Mat_Generator_PPMGR/Projects/textures
medieval_blocks_05_diff_8k.jpg,/Volumes/Data/University/PPMGR/Blender_Mat_Generator_PPMGR/Projects/textures/medieval_blocks_05_diff_8k.jpg,/Volumes/Data/University/PPMGR/Blender_Mat_Generator_PPMGR/Projects/textures
medieval_blocks_06_diff_8k.jpg,/Volumes/Data/University/PPMGR/Blender_Mat_Generator_PPMGR/Projects/textures/medieval_blocks_06_diff_8k.jpg,/Volumes/Data/University/PPMGR/Blender_Mat_Generator_PPMGR/Projects/textures
medieval_wall_01_diff_8k.jpg,/Volumes/Data/University/PPMGR/Blender_Mat_Generator_PPMGR/Projects/textures/medieval_wall_01_diff_8k.jpg,/Volumes/Data/University/PPMGR/Blender_Mat_Generator_PPMGR/Projects/textures
medieval_wall_02_diff_16k.jpg,/Volumes/Data/University/PPMGR/Blender_Mat_Generator_PPMGR/Projects/textures/medieval_wall_02_diff_16k.jpg,/Volumes/Data/University/PPMGR/Blender_Mat_Generator_PPMGR/Projects/textures
medieval_wood_diff_8k.jpg,/Volumes/Data/University/PPMGR/Blender_Mat_Generator_PPMGR/Projects/textures/medieval_wood_diff_8k.jpg,/Volumes/Data/University/PPMGR/Blender_Mat_Generator_PPMGR/Projects/textures
medival fabric_Diffuse.jpg,/Volumes/Data/University/PPMGR/Blender_Mat_Generator_PPMGR/Projects/textures/medival fabric_Diffuse.jpg,/Volumes/Data/University/PPMGR/Blender_Mat_Generator_PPMGR/Projects/textures
metal grid_1K_Normal.jpg,/Volumes/Data/University/PPMGR/Blender_Mat_Generator_PPMGR/Projects/textures/metal grid_1K_Normal.jpg,/Volumes/Data/University/PPMGR/Blender_Mat_Generator_PPMGR/Projects/textures
metal-11_diffuse.jpg,/Volumes/Data/University/PPMGR/Blender_Mat_Generator_PPMGR/Projects/textures/metal-11_diffuse.jpg,/Volumes/Data/University/PPMGR/Blender_Mat_Generator_PPMGR/Projects/textures
metal-12_diffuse.jpg,/Volumes/Data/University/PPMGR/Blender_Mat_Generator_PPMGR/Projects/textures/metal-12_diffuse.jpg,/Volumes/Data/University/PPMGR/Blender_Mat_Generator_PPMGR/Projects/textures
metal-6-diffuse.jpg,/Volumes/Data/University/PPMGR/Blender_Mat_Generator_PPMGR/Projects/textures/metal-6-diffuse.jpg,/Volumes/Data/University/PPMGR/Blender_Mat_Generator_PPMGR/Projects/textures
metal-grate_diffuse.jpg,/Volumes/Data/University/PPMGR/Blender_Mat_Generator_PPMGR/Projects/textures/metal-grate_diffuse.jpg,/Volumes/Data/University/PPMGR/Blender_Mat_Generator_PPMGR/Projects/textures
metal_0003_color_2k.jpg,/Volumes/Data/University/PPMGR/Blender_Mat_Generator_PPMGR/Projects/textures/metal_0003_color_2k.jpg,/Volumes/Data/University/PPMGR/Blender_Mat_Generator_PPMGR/Projects/textures
metal_Albedo.jpg,/Volumes/Data/University/PPMGR/Blender_Mat_Generator_PPMGR/Projects/textures/metal_Albedo.jpg,/Volumes/Data/University/PPMGR/Blender_Mat_Generator_PPMGR/Projects/textures
metal_Albedo000.jpg,/Volumes/Data/University/PPMGR/Blender_Mat_Generator_PPMGR/Projects/textures/metal_Albedo000.jpg,/Volumes/Data/University/PPMGR/Blender_Mat_Generator_PPMGR/Projects/textures
metal_grate_rusty_diff_8k.jpg,/Volumes/Data/University/PPMGR/Blender_Mat_Generator_PPMGR/Projects/textures/metal_grate_rusty_diff_8k.jpg,/Volumes/Data/University/PPMGR/Blender_Mat_Generator_PPMGR/Projects/textures
metal_padded_Red_coat_Base_Color.jpg,/Volumes/Data/University/PPMGR/Blender_Mat_Generator_PPMGR/Projects/textures/metal_padded_Red_coat_Base_Color.jpg,/Volumes/Data/University/PPMGR/Blender_Mat_Generator_PPMGR/Projects/textures
metal_paint_crack_BaseColor.jpg,/Volumes/Data/University/PPMGR/Blender_Mat_Generator_PPMGR/Projects/textures/metal_paint_crack_BaseColor.jpg,/Volumes/Data/University/PPMGR/Blender_Mat_Generator_PPMGR/Projects/textures
metal_plate_diff_8k.jpg,/Volumes/Data/University/PPMGR/Blender_Mat_Generator_PPMGR/Projects/textures/metal_plate_diff_8k.jpg,/Volumes/Data/University/PPMGR/Blender_Mat_Generator_PPMGR/Projects/textures
metal_rust2_BaseColor.jpg,/Volumes/Data/University/PPMGR/Blender_Mat_Generator_PPMGR/Projects/textures/metal_rust2_BaseColor.jpg,/Volumes/Data/University/PPMGR/Blender_Mat_Generator_PPMGR/Projects/textures
metal_rust_BaseColor.jpg,/Volumes/Data/University/PPMGR/Blender_Mat_Generator_PPMGR/Projects/textures/metal_rust_BaseColor.jpg,/Volumes/Data/University/PPMGR/Blender_Mat_Generator_PPMGR/Projects/textures
metal_traingle_studs_Base_Color.jpg,/Volumes/Data/University/PPMGR/Blender_Mat_Generator_PPMGR/Projects/textures/metal_traingle_studs_Base_Color.jpg,/Volumes/Data/University/PPMGR/Blender_Mat_Generator_PPMGR/Projects/textures
metalic wasteland tile-basecolor.jpg,/Volumes/Data/University/PPMGR/Blender_Mat_Generator_PPMGR/Projects/textures/metalic wasteland tile-basecolor.jpg,/Volumes/Data/University/PPMGR/Blender_Mat_Generator_PPMGR/Projects/textures
metalicbluehexagons-basecolor.jpg,/Volumes/Data/University/PPMGR/Blender_Mat_Generator_PPMGR/Projects/textures/metalicbluehexagons-basecolor.jpg,/Volumes/Data/University/PPMGR/Blender_Mat_Generator_PPMGR/Projects/textures
metallic container sheet old_4K_Diffuse.jpg,/Volumes/Data/University/PPMGR/Blender_Mat_Generator_PPMGR/Projects/textures/metallic container sheet old_4K_Diffuse.jpg,/Volumes/Data/University/PPMGR/Blender_Mat_Generator_PPMGR/Projects/textures
meteric_range_wall_tile_Base_Color.jpg,/Volumes/Data/University/PPMGR/Blender_Mat_Generator_PPMGR/Projects/textures/meteric_range_wall_tile_Base_Color.jpg,/Volumes/Data/University/PPMGR/Blender_Mat_Generator_PPMGR/Projects/textures
mic-mesh_diffuse.jpg,/Volumes/Data/University/PPMGR/Blender_Mat_Generator_PPMGR/Projects/textures/mic-mesh_diffuse.jpg,/Volumes/Data/University/PPMGR/Blender_Mat_Generator_PPMGR/Projects/textures
microbialTenements_COLOR.jpg,/Volumes/Data/University/PPMGR/Blender_Mat_Generator_PPMGR/Projects/textures/microbialTenements_COLOR.jpg,/Volumes/Data/University/PPMGR/Blender_Mat_Generator_PPMGR/Projects/textures
mineral-wool 01.png,/Volumes/Data/University/PPMGR/Blender_Mat_Generator_PPMGR/Projects/textures/mineral-wool 01.png,/Volumes/Data/University/PPMGR/Blender_Mat_Generator_PPMGR/Projects/textures
moasic_teracotta_tiles_Base_Color.jpg,/Volumes/Data/University/PPMGR/Blender_Mat_Generator_PPMGR/Projects/textures/moasic_teracotta_tiles_Base_Color.jpg,/Volumes/Data/University/PPMGR/Blender_Mat_Generator_PPMGR/Projects/textures
monastery stone wall_BaseColor.jpg,/Volumes/Data/University/PPMGR/Blender_Mat_Generator_PPMGR/Projects/textures/monastery stone wall_BaseColor.jpg,/Volumes/Data/University/PPMGR/Blender_Mat_Generator_PPMGR/Projects/textures
monastery_stone_floor_diff_8k.jpg,/Volumes/Data/University/PPMGR/Blender_Mat_Generator_PPMGR/Projects/textures/monastery_stone_floor_diff_8k.jpg,/Volumes/Data/University/PPMGR/Blender_Mat_Generator_PPMGR/Projects/textures
monkey_funny.png,/Volumes/Data/University/PPMGR/Blender_Mat_Generator_PPMGR/Projects/textures/monkey_funny.png,/Volumes/Data/University/PPMGR/Blender_Mat_Generator_PPMGR/Projects/textures
monkey_funny2.png,/Volumes/Data/University/PPMGR/Blender_Mat_Generator_PPMGR/Projects/textures/monkey_funny2.png,/Volumes/Data/University/PPMGR/Blender_Mat_Generator_PPMGR/Projects/textures
moroccan_style_floor_brown_Base_Color.jpg,/Volumes/Data/University/PPMGR/Blender_Mat_Generator_PPMGR/Projects/textures/moroccan_style_floor_brown_Base_Color.jpg,/Volumes/Data/University/PPMGR/Blender_Mat_Generator_PPMGR/Projects/textures
moroccan_tiles_Base_Color.jpg,/Volumes/Data/University/PPMGR/Blender_Mat_Generator_PPMGR/Projects/textures/moroccan_tiles_Base_Color.jpg,/Volumes/Data/University/PPMGR/Blender_Mat_Generator_PPMGR/Projects/textures
moroccan_tiles_Blue_Base_Color.jpg,/Volumes/Data/University/PPMGR/Blender_Mat_Generator_PPMGR/Projects/textures/moroccan_tiles_Blue_Base_Color.jpg,/Volumes/Data/University/PPMGR/Blender_Mat_Generator_PPMGR/Projects/textures
moroccan_tiles_brown_Base_Color.jpg,/Volumes/Data/University/PPMGR/Blender_Mat_Generator_PPMGR/Projects/textures/moroccan_tiles_brown_Base_Color.jpg,/Volumes/Data/University/PPMGR/Blender_Mat_Generator_PPMGR/Projects/textures
mosaic__white_tiles_Base_Color.jpg,/Volumes/Data/University/PPMGR/Blender_Mat_Generator_PPMGR/Projects/textures/mosaic__white_tiles_Base_Color.jpg,/Volumes/Data/University/PPMGR/Blender_Mat_Generator_PPMGR/Projects/textures
mosaic_tiles_Base_Color.jpg,/Volumes/Data/University/PPMGR/Blender_Mat_Generator_PPMGR/Projects/textures/mosaic_tiles_Base_Color.jpg,/Volumes/Data/University/PPMGR/Blender_Mat_Generator_PPMGR/Projects/textures
mosaic_trims_basecolor.jpg,/Volumes/Data/University/PPMGR/Blender_Mat_Generator_PPMGR/Projects/textures/mosaic_trims_basecolor.jpg,/Volumes/Data/University/PPMGR/Blender_Mat_Generator_PPMGR/Projects/textures
moss red floorstone wall_BaseColor.jpg,/Volumes/Data/University/PPMGR/Blender_Mat_Generator_PPMGR/Projects/textures/moss red floorstone wall_BaseColor.jpg,/Volumes/Data/University/PPMGR/Blender_Mat_Generator_PPMGR/Projects/textures
moss tiles_BaseColor.jpg,/Volumes/Data/University/PPMGR/Blender_Mat_Generator_PPMGR/Projects/textures/moss tiles_BaseColor.jpg,/Volumes/Data/University/PPMGR/Blender_Mat_Generator_PPMGR/Projects/textures
moss wall_BaseColor.jpg,/Volumes/Data/University/PPMGR/Blender_Mat_Generator_PPMGR/Projects/textures/moss wall_BaseColor.jpg,/Volumes/Data/University/PPMGR/Blender_Mat_Generator_PPMGR/Projects/textures
moss white tiles_BaseColor.jpg,/Volumes/Data/University/PPMGR/Blender_Mat_Generator_PPMGR/Projects/textures/moss white tiles_BaseColor.jpg,/Volumes/Data/University/PPMGR/Blender_Mat_Generator_PPMGR/Projects/textures
moss-1_diffuse.jpg,/Volumes/Data/University/PPMGR/Blender_Mat_Generator_PPMGR/Projects/textures/moss-1_diffuse.jpg,/Volumes/Data/University/PPMGR/Blender_Mat_Generator_PPMGR/Projects/textures
moss-2_diffuse.jpg,/Volumes/Data/University/PPMGR/Blender_Mat_Generator_PPMGR/Projects/textures/moss-2_diffuse.jpg,/Volumes/Data/University/PPMGR/Blender_Mat_Generator_PPMGR/Projects/textures
moss-3_diffuse.jpg,/Volumes/Data/University/PPMGR/Blender_Mat_Generator_PPMGR/Projects/textures/moss-3_diffuse.jpg,/Volumes/Data/University/PPMGR/Blender_Mat_Generator_PPMGR/Projects/textures
moss_wood_diff_8k.jpg,/Volumes/Data/University/PPMGR/Blender_Mat_Generator_PPMGR/Projects/textures/moss_wood_diff_8k.jpg,/Volumes/Data/University/PPMGR/Blender_Mat_Generator_PPMGR/Projects/textures
mossy snow_BaseColor.jpg,/Volumes/Data/University/PPMGR/Blender_Mat_Generator_PPMGR/Projects/textures/mossy snow_BaseColor.jpg,/Volumes/Data/University/PPMGR/Blender_Mat_Generator_PPMGR/Projects/textures
mossy stone floor_BaseColor.jpg,/Volumes/Data/University/PPMGR/Blender_Mat_Generator_PPMGR/Projects/textures/mossy stone floor_BaseColor.jpg,/Volumes/Data/University/PPMGR/Blender_Mat_Generator_PPMGR/Projects/textures
mossy stone wall _BaseColor.jpg,/Volumes/Data/University/PPMGR/Blender_Mat_Generator_PPMGR/Projects/textures/mossy stone wall _BaseColor.jpg,/Volumes/Data/University/PPMGR/Blender_Mat_Generator_PPMGR/Projects/textures
mossy_cobblestone_diff_8k.jpg,/Volumes/Data/University/PPMGR/Blender_Mat_Generator_PPMGR/Projects/textures/mossy_cobblestone_diff_8k.jpg,/Volumes/Data/University/PPMGR/Blender_Mat_Generator_PPMGR/Projects/textures
mossy_rock_diff_8k.jpg,/Volumes/Data/University/PPMGR/Blender_Mat_Generator_PPMGR/Projects/textures/mossy_rock_diff_8k.jpg,/Volumes/Data/University/PPMGR/Blender_Mat_Generator_PPMGR/Projects/textures
mossy_sandstone_diff_8k.jpg,/Volumes/Data/University/PPMGR/Blender_Mat_Generator_PPMGR/Projects/textures/mossy_sandstone_diff_8k.jpg,/Volumes/Data/University/PPMGR/Blender_Mat_Generator_PPMGR/Projects/textures
msrd_BaseColor.jpg,/Volumes/Data/University/PPMGR/Blender_Mat_Generator_PPMGR/Projects/textures/msrd_BaseColor.jpg,/Volumes/Data/University/PPMGR/Blender_Mat_Generator_PPMGR/Projects/textures
mtKilauea_COLOR.jpg,/Volumes/Data/University/PPMGR/Blender_Mat_Generator_PPMGR/Projects/textures/mtKilauea_COLOR.jpg,/Volumes/Data/University/PPMGR/Blender_Mat_Generator_PPMGR/Projects/textures
mud_cracked_dry_riverbed_002_diff_8k.jpg,/Volumes/Data/University/PPMGR/Blender_Mat_Generator_PPMGR/Projects/textures/mud_cracked_dry_riverbed_002_diff_8k.jpg,/Volumes/Data/University/PPMGR/Blender_Mat_Generator_PPMGR/Projects/textures
mud_forest_diff_8k.jpg,/Volumes/Data/University/PPMGR/Blender_Mat_Generator_PPMGR/Projects/textures/mud_forest_diff_8k.jpg,/Volumes/Data/University/PPMGR/Blender_Mat_Generator_PPMGR/Projects/textures
muddy snow with pebbles_BaseColor.jpg,/Volumes/Data/University/PPMGR/Blender_Mat_Generator_PPMGR/Projects/textures/muddy snow with pebbles_BaseColor.jpg,/Volumes/Data/University/PPMGR/Blender_Mat_Generator_PPMGR/Projects/textures
multi deisgn fabric_diffuseOriginal.jpg,/Volumes/Data/University/PPMGR/Blender_Mat_Generator_PPMGR/Projects/textures/multi deisgn fabric_diffuseOriginal.jpg,/Volumes/Data/University/PPMGR/Blender_Mat_Generator_PPMGR/Projects/textures
multi tile_BaseColor.jpg,/Volumes/Data/University/PPMGR/Blender_Mat_Generator_PPMGR/Projects/textures/multi tile_BaseColor.jpg,/Volumes/Data/University/PPMGR/Blender_Mat_Generator_PPMGR/Projects/textures
murble_basecolor.jpg,/Volumes/Data/University/PPMGR/Blender_Mat_Generator_PPMGR/Projects/textures/murble_basecolor.jpg,/Volumes/Data/University/PPMGR/Blender_Mat_Generator_PPMGR/Projects/textures
muuddy path_Albedo.jpg,/Volumes/Data/University/PPMGR/Blender_Mat_Generator_PPMGR/Projects/textures/muuddy path_Albedo.jpg,/Volumes/Data/University/PPMGR/Blender_Mat_Generator_PPMGR/Projects/textures
nature wall with grass_Diffuse.jpg,/Volumes/Data/University/PPMGR/Blender_Mat_Generator_PPMGR/Projects/textures/nature wall with grass_Diffuse.jpg,/Volumes/Data/University/PPMGR/Blender_Mat_Generator_PPMGR/Projects/textures
nature wall_Diffuse.jpg,/Volumes/Data/University/PPMGR/Blender_Mat_Generator_PPMGR/Projects/textures/nature wall_Diffuse.jpg,/Volumes/Data/University/PPMGR/Blender_Mat_Generator_PPMGR/Projects/textures
needles_basecolor.jpg,/Volumes/Data/University/PPMGR/Blender_Mat_Generator_PPMGR/Projects/textures/needles_basecolor.jpg,/Volumes/Data/University/PPMGR/Blender_Mat_Generator_PPMGR/Projects/textures
new-whool-diffuse.jpg,/Volumes/Data/University/PPMGR/Blender_Mat_Generator_PPMGR/Projects/textures/new-whool-diffuse.jpg,/Volumes/Data/University/PPMGR/Blender_Mat_Generator_PPMGR/Projects/textures
new_diffuse.jpg,/Volumes/Data/University/PPMGR/Blender_Mat_Generator_PPMGR/Projects/textures/new_diffuse.jpg,/Volumes/Data/University/PPMGR/Blender_Mat_Generator_PPMGR/Projects/textures
nylon table cover_BaseColor.jpg,/Volumes/Data/University/PPMGR/Blender_Mat_Generator_PPMGR/Projects/textures/nylon table cover_BaseColor.jpg,/Volumes/Data/University/PPMGR/Blender_Mat_Generator_PPMGR/Projects/textures
oak parquet regular_BaseColor.jpg,/Volumes/Data/University/PPMGR/Blender_Mat_Generator_PPMGR/Projects/textures/oak parquet regular_BaseColor.jpg,/Volumes/Data/University/PPMGR/Blender_Mat_Generator_PPMGR/Projects/textures
oak parquet with dust_BaseColor.jpg,/Volumes/Data/University/PPMGR/Blender_Mat_Generator_PPMGR/Projects/textures/oak parquet with dust_BaseColor.jpg,/Volumes/Data/University/PPMGR/Blender_Mat_Generator_PPMGR/Projects/textures
oak-panel-1_diffuse.jpg,/Volumes/Data/University/PPMGR/Blender_Mat_Generator_PPMGR/Projects/textures/oak-panel-1_diffuse.jpg,/Volumes/Data/University/PPMGR/Blender_Mat_Generator_PPMGR/Projects/textures
oak_wood_color.jpg,/Volumes/Data/University/PPMGR/Blender_Mat_Generator_PPMGR/Projects/textures/oak_wood_color.jpg,/Volumes/Data/University/PPMGR/Blender_Mat_Generator_PPMGR/Projects/textures
oakwoodtexture-basecolor.jpg,/Volumes/Data/University/PPMGR/Blender_Mat_Generator_PPMGR/Projects/textures/oakwoodtexture-basecolor.jpg,/Volumes/Data/University/PPMGR/Blender_Mat_Generator_PPMGR/Projects/textures
ocean-surf-2_diffuse.jpg,/Volumes/Data/University/PPMGR/Blender_Mat_Generator_PPMGR/Projects/textures/ocean-surf-2_diffuse.jpg,/Volumes/Data/University/PPMGR/Blender_Mat_Generator_PPMGR/Projects/textures
old brick wall b_BaseColor.jpg,/Volumes/Data/University/PPMGR/Blender_Mat_Generator_PPMGR/Projects/textures/old brick wall b_BaseColor.jpg,/Volumes/Data/University/PPMGR/Blender_Mat_Generator_PPMGR/Projects/textures
old building bass color.jpg,/Volumes/Data/University/PPMGR/Blender_Mat_Generator_PPMGR/Projects/textures/old building bass color.jpg,/Volumes/Data/University/PPMGR/Blender_Mat_Generator_PPMGR/Projects/textures
old building bass color000.jpg,/Volumes/Data/University/PPMGR/Blender_Mat_Generator_PPMGR/Projects/textures/old building bass color000.jpg,/Volumes/Data/University/PPMGR/Blender_Mat_Generator_PPMGR/Projects/textures
old metal_BaseColor.jpg,/Volumes/Data/University/PPMGR/Blender_Mat_Generator_PPMGR/Projects/textures/old metal_BaseColor.jpg,/Volumes/Data/University/PPMGR/Blender_Mat_Generator_PPMGR/Projects/textures
old painted wall  (3618176028) (Upscaled).jpg,/Volumes/Data/University/PPMGR/Blender_Mat_Generator_PPMGR/Projects/textures/old painted wall  (3618176028) (Upscaled).jpg,/Volumes/Data/University/PPMGR/Blender_Mat_Generator_PPMGR/Projects/textures
old pavement grey b_BaseColor.jpg,/Volumes/Data/University/PPMGR/Blender_Mat_Generator_PPMGR/Projects/textures/old pavement grey b_BaseColor.jpg,/Volumes/Data/University/PPMGR/Blender_Mat_Generator_PPMGR/Projects/textures
old wood_BaseColor.jpg,/Volumes/Data/University/PPMGR/Blender_Mat_Generator_PPMGR/Projects/textures/old wood_BaseColor.jpg,/Volumes/Data/University/PPMGR/Blender_Mat_Generator_PPMGR/Projects/textures
oldFruitSkin_COLOR.jpg,/Volumes/Data/University/PPMGR/Blender_Mat_Generator_PPMGR/Projects/textures/oldFruitSkin_COLOR.jpg,/Volumes/Data/University/PPMGR/Blender_Mat_Generator_PPMGR/Projects/textures
oldSciFiTechWall_a01_BaseColor.jpg,/Volumes/Data/University/PPMGR/Blender_Mat_Generator_PPMGR/Projects/textures/oldSciFiTechWall_a01_BaseColor.jpg,/Volumes/Data/University/PPMGR/Blender_Mat_Generator_PPMGR/Projects/textures
old_clay_rusty_texture_Base_Color.jpg,/Volumes/Data/University/PPMGR/Blender_Mat_Generator_PPMGR/Projects/textures/old_clay_rusty_texture_Base_Color.jpg,/Volumes/Data/University/PPMGR/Blender_Mat_Generator_PPMGR/Projects/textures
old_planks_02_diff_8k.jpg,/Volumes/Data/University/PPMGR/Blender_Mat_Generator_PPMGR/Projects/textures/old_planks_02_diff_8k.jpg,/Volumes/Data/University/PPMGR/Blender_Mat_Generator_PPMGR/Projects/textures
old_sandstone_02_diff_8k.jpg,/Volumes/Data/University/PPMGR/Blender_Mat_Generator_PPMGR/Projects/textures/old_sandstone_02_diff_8k.jpg,/Volumes/Data/University/PPMGR/Blender_Mat_Generator_PPMGR/Projects/textures
old_wood_diffuse.jpg,/Volumes/Data/University/PPMGR/Blender_Mat_Generator_PPMGR/Projects/textures/old_wood_diffuse.jpg,/Volumes/Data/University/PPMGR/Blender_Mat_Generator_PPMGR/Projects/textures
old_wood_fence__Diffuse_.jpg,/Volumes/Data/University/PPMGR/Blender_Mat_Generator_PPMGR/Projects/textures/old_wood_fence__Diffuse_.jpg,/Volumes/Data/University/PPMGR/Blender_Mat_Generator_PPMGR/Projects/textures
old_wood_floor_diff_8k.jpg,/Volumes/Data/University/PPMGR/Blender_Mat_Generator_PPMGR/Projects/textures/old_wood_floor_diff_8k.jpg,/Volumes/Data/University/PPMGR/Blender_Mat_Generator_PPMGR/Projects/textures
old_wood_parquet__Diffuse__Diffuse_.jpg,/Volumes/Data/University/PPMGR/Blender_Mat_Generator_PPMGR/Projects/textures/old_wood_parquet__Diffuse__Diffuse_.jpg,/Volumes/Data/University/PPMGR/Blender_Mat_Generator_PPMGR/Projects/textures
old_yellow__Retro_Asian_Floor_Base_Color.jpg,/Volumes/Data/University/PPMGR/Blender_Mat_Generator_PPMGR/Projects/textures/old_yellow__Retro_Asian_Floor_Base_Color.jpg,/Volumes/Data/University/PPMGR/Blender_Mat_Generator_PPMGR/Projects/textures
orange check hatch fabric_BaseColor.jpg,/Volumes/Data/University/PPMGR/Blender_Mat_Generator_PPMGR/Projects/textures/orange check hatch fabric_BaseColor.jpg,/Volumes/Data/University/PPMGR/Blender_Mat_Generator_PPMGR/Projects/textures
orange double zig zag fabric_BaseColor.jpg,/Volumes/Data/University/PPMGR/Blender_Mat_Generator_PPMGR/Projects/textures/orange double zig zag fabric_BaseColor.jpg,/Volumes/Data/University/PPMGR/Blender_Mat_Generator_PPMGR/Projects/textures
orange fabric seat colour map.jpg,/Volumes/Data/University/PPMGR/Blender_Mat_Generator_PPMGR/Projects/textures/orange fabric seat colour map.jpg,/Volumes/Data/University/PPMGR/Blender_Mat_Generator_PPMGR/Projects/textures
orange raster fabric_BaseColor.jpg,/Volumes/Data/University/PPMGR/Blender_Mat_Generator_PPMGR/Projects/textures/orange raster fabric_BaseColor.jpg,/Volumes/Data/University/PPMGR/Blender_Mat_Generator_PPMGR/Projects/textures
orange triangle flake fabric_BaseColor.jpg,/Volumes/Data/University/PPMGR/Blender_Mat_Generator_PPMGR/Projects/textures/orange triangle flake fabric_BaseColor.jpg,/Volumes/Data/University/PPMGR/Blender_Mat_Generator_PPMGR/Projects/textures
orange-camou-diffuse.jpg,/Volumes/Data/University/PPMGR/Blender_Mat_Generator_PPMGR/Projects/textures/orange-camou-diffuse.jpg,/Volumes/Data/University/PPMGR/Blender_Mat_Generator_PPMGR/Projects/textures
orange_old_resturant_style_tiles_Base_Color.jpg,/Volumes/Data/University/PPMGR/Blender_Mat_Generator_PPMGR/Projects/textures/orange_old_resturant_style_tiles_Base_Color.jpg,/Volumes/Data/University/PPMGR/Blender_Mat_Generator_PPMGR/Projects/textures
orange_victorian_tiles_Base_Color.jpg,/Volumes/Data/University/PPMGR/Blender_Mat_Generator_PPMGR/Projects/textures/orange_victorian_tiles_Base_Color.jpg,/Volumes/Data/University/PPMGR/Blender_Mat_Generator_PPMGR/Projects/textures
ornament_kolor_2k_Base_Color.jpg,/Volumes/Data/University/PPMGR/Blender_Mat_Generator_PPMGR/Projects/textures/ornament_kolor_2k_Base_Color.jpg,/Volumes/Data/University/PPMGR/Blender_Mat_Generator_PPMGR/Projects/textures
ornament_tile_basecolor.jpg,/Volumes/Data/University/PPMGR/Blender_Mat_Generator_PPMGR/Projects/textures/ornament_tile_basecolor.jpg,/Volumes/Data/University/PPMGR/Blender_Mat_Generator_PPMGR/Projects/textures
osb-board_diffuse.jpg,/Volumes/Data/University/PPMGR/Blender_Mat_Generator_PPMGR/Projects/textures/osb-board_diffuse.jpg,/Volumes/Data/University/PPMGR/Blender_Mat_Generator_PPMGR/Projects/textures
others_0033_color_4k.jpg,/Volumes/Data/University/PPMGR/Blender_Mat_Generator_PPMGR/Projects/textures/others_0033_color_4k.jpg,/Volumes/Data/University/PPMGR/Blender_Mat_Generator_PPMGR/Projects/textures
oxidized_metal_plate_Golden_Base_Color.jpg,/Volumes/Data/University/PPMGR/Blender_Mat_Generator_PPMGR/Projects/textures/oxidized_metal_plate_Golden_Base_Color.jpg,/Volumes/Data/University/PPMGR/Blender_Mat_Generator_PPMGR/Projects/textures
oxidized_metal_plate_Golden_Base_Color000.jpg,/Volumes/Data/University/PPMGR/Blender_Mat_Generator_PPMGR/Projects/textures/oxidized_metal_plate_Golden_Base_Color000.jpg,/Volumes/Data/University/PPMGR/Blender_Mat_Generator_PPMGR/Projects/textures
paint ceramic tile_Diffuse.jpg,/Volumes/Data/University/PPMGR/Blender_Mat_Generator_PPMGR/Projects/textures/paint ceramic tile_Diffuse.jpg,/Volumes/Data/University/PPMGR/Blender_Mat_Generator_PPMGR/Projects/textures
painted flovers.jpg,/Volumes/Data/University/PPMGR/Blender_Mat_Generator_PPMGR/Projects/textures/painted flovers.jpg,/Volumes/Data/University/PPMGR/Blender_Mat_Generator_PPMGR/Projects/textures
painted_concrete_diff_8k.jpg,/Volumes/Data/University/PPMGR/Blender_Mat_Generator_PPMGR/Projects/textures/painted_concrete_diff_8k.jpg,/Volumes/Data/University/PPMGR/Blender_Mat_Generator_PPMGR/Projects/textures
palm_tree_bark_diff_8k.jpg,/Volumes/Data/University/PPMGR/Blender_Mat_Generator_PPMGR/Projects/textures/palm_tree_bark_diff_8k.jpg,/Volumes/Data/University/PPMGR/Blender_Mat_Generator_PPMGR/Projects/textures
paper scattered on tiles_BaseColor.jpg,/Volumes/Data/University/PPMGR/Blender_Mat_Generator_PPMGR/Projects/textures/paper scattered on tiles_BaseColor.jpg,/Volumes/Data/University/PPMGR/Blender_Mat_Generator_PPMGR/Projects/textures
paper-1-diffuse.jpg,/Volumes/Data/University/PPMGR/Blender_Mat_Generator_PPMGR/Projects/textures/paper-1-diffuse.jpg,/Volumes/Data/University/PPMGR/Blender_Mat_Generator_PPMGR/Projects/textures
paper-2_diffuse.jpg,/Volumes/Data/University/PPMGR/Blender_Mat_Generator_PPMGR/Projects/textures/paper-2_diffuse.jpg,/Volumes/Data/University/PPMGR/Blender_Mat_Generator_PPMGR/Projects/textures
paper-3_diffuse.jpg,/Volumes/Data/University/PPMGR/Blender_Mat_Generator_PPMGR/Projects/textures/paper-3_diffuse.jpg,/Volumes/Data/University/PPMGR/Blender_Mat_Generator_PPMGR/Projects/textures
paradise_base.png,/Volumes/Data/University/PPMGR/Blender_Mat_Generator_PPMGR/Projects/textures/paradise_base.png,/Volumes/Data/University/PPMGR/Blender_Mat_Generator_PPMGR/Projects/textures
parking_gravel_Albedo_8192x8192.jpg,/Volumes/Data/University/PPMGR/Blender_Mat_Generator_PPMGR/Projects/textures/parking_gravel_Albedo_8192x8192.jpg,/Volumes/Data/University/PPMGR/Blender_Mat_Generator_PPMGR/Projects/textures
parquet 3_4K_BaseColor.jpg,/Volumes/Data/University/PPMGR/Blender_Mat_Generator_PPMGR/Projects/textures/parquet 3_4K_BaseColor.jpg,/Volumes/Data/University/PPMGR/Blender_Mat_Generator_PPMGR/Projects/textures
parquet 4_4K_BaseColor.jpg,/Volumes/Data/University/PPMGR/Blender_Mat_Generator_PPMGR/Projects/textures/parquet 4_4K_BaseColor.jpg,/Volumes/Data/University/PPMGR/Blender_Mat_Generator_PPMGR/Projects/textures
parquets_diffuse.jpg,/Volumes/Data/University/PPMGR/Blender_Mat_Generator_PPMGR/Projects/textures/parquets_diffuse.jpg,/Volumes/Data/University/PPMGR/Blender_Mat_Generator_PPMGR/Projects/textures
patchwork_2_basecolor.jpg,/Volumes/Data/University/PPMGR/Blender_Mat_Generator_PPMGR/Projects/textures/patchwork_2_basecolor.jpg,/Volumes/Data/University/PPMGR/Blender_Mat_Generator_PPMGR/Projects/textures
patchwork_3_basecolor.jpg,/Volumes/Data/University/PPMGR/Blender_Mat_Generator_PPMGR/Projects/textures/patchwork_3_basecolor.jpg,/Volumes/Data/University/PPMGR/Blender_Mat_Generator_PPMGR/Projects/textures
patchwork_4_basecolor.jpg,/Volumes/Data/University/PPMGR/Blender_Mat_Generator_PPMGR/Projects/textures/patchwork_4_basecolor.jpg,/Volumes/Data/University/PPMGR/Blender_Mat_Generator_PPMGR/Projects/textures
patchwork_5_basecolor.jpg,/Volumes/Data/University/PPMGR/Blender_Mat_Generator_PPMGR/Projects/textures/patchwork_5_basecolor.jpg,/Volumes/Data/University/PPMGR/Blender_Mat_Generator_PPMGR/Projects/textures
patchwork_basecolor.jpg,/Volumes/Data/University/PPMGR/Blender_Mat_Generator_PPMGR/Projects/textures/patchwork_basecolor.jpg,/Volumes/Data/University/PPMGR/Blender_Mat_Generator_PPMGR/Projects/textures
patio_tiles_diff_8k.jpg,/Volumes/Data/University/PPMGR/Blender_Mat_Generator_PPMGR/Projects/textures/patio_tiles_diff_8k.jpg,/Volumes/Data/University/PPMGR/Blender_Mat_Generator_PPMGR/Projects/textures
pattern_doodle_BaseColor.jpg,/Volumes/Data/University/PPMGR/Blender_Mat_Generator_PPMGR/Projects/textures/pattern_doodle_BaseColor.jpg,/Volumes/Data/University/PPMGR/Blender_Mat_Generator_PPMGR/Projects/textures
pattern_tirolese_diffuse.jpg,/Volumes/Data/University/PPMGR/Blender_Mat_Generator_PPMGR/Projects/textures/pattern_tirolese_diffuse.jpg,/Volumes/Data/University/PPMGR/Blender_Mat_Generator_PPMGR/Projects/textures
patterned_clay_wall_diff_8k.jpg,/Volumes/Data/University/PPMGR/Blender_Mat_Generator_PPMGR/Projects/textures/patterned_clay_wall_diff_8k.jpg,/Volumes/Data/University/PPMGR/Blender_Mat_Generator_PPMGR/Projects/textures
patterned_cobblestone_diff_8k.jpg,/Volumes/Data/University/PPMGR/Blender_Mat_Generator_PPMGR/Projects/textures/patterned_cobblestone_diff_8k.jpg,/Volumes/Data/University/PPMGR/Blender_Mat_Generator_PPMGR/Projects/textures
patterned_concrete_pavers_02_diff_16k.jpg,/Volumes/Data/University/PPMGR/Blender_Mat_Generator_PPMGR/Projects/textures/patterned_concrete_pavers_02_diff_16k.jpg,/Volumes/Data/University/PPMGR/Blender_Mat_Generator_PPMGR/Projects/textures
patterned_concrete_pavers_diff_16k.jpg,/Volumes/Data/University/PPMGR/Blender_Mat_Generator_PPMGR/Projects/textures/patterned_concrete_pavers_diff_16k.jpg,/Volumes/Data/University/PPMGR/Blender_Mat_Generator_PPMGR/Projects/textures
pavement asphalt_BaseColor.jpg,/Volumes/Data/University/PPMGR/Blender_Mat_Generator_PPMGR/Projects/textures/pavement asphalt_BaseColor.jpg,/Volumes/Data/University/PPMGR/Blender_Mat_Generator_PPMGR/Projects/textures
pavement stone floor_BaseColor.jpg,/Volumes/Data/University/PPMGR/Blender_Mat_Generator_PPMGR/Projects/textures/pavement stone floor_BaseColor.jpg,/Volumes/Data/University/PPMGR/Blender_Mat_Generator_PPMGR/Projects/textures
pavement_01_diff_8k.jpg,/Volumes/Data/University/PPMGR/Blender_Mat_Generator_PPMGR/Projects/textures/pavement_01_diff_8k.jpg,/Volumes/Data/University/PPMGR/Blender_Mat_Generator_PPMGR/Projects/textures
pavement_02_diff_8k.jpg,/Volumes/Data/University/PPMGR/Blender_Mat_Generator_PPMGR/Projects/textures/pavement_02_diff_8k.jpg,/Volumes/Data/University/PPMGR/Blender_Mat_Generator_PPMGR/Projects/textures
pavement_12_basecolor-2K.png,/Volumes/Data/University/PPMGR/Blender_Mat_Generator_PPMGR/Projects/textures/pavement_12_basecolor-2K.png,/Volumes/Data/University/PPMGR/Blender_Mat_Generator_PPMGR/Projects/textures
pavement_13_basecolor-2K.png,/Volumes/Data/University/PPMGR/Blender_Mat_Generator_PPMGR/Projects/textures/pavement_13_basecolor-2K.png,/Volumes/Data/University/PPMGR/Blender_Mat_Generator_PPMGR/Projects/textures
pavement_14_basecolor-2K.png,/Volumes/Data/University/PPMGR/Blender_Mat_Generator_PPMGR/Projects/textures/pavement_14_basecolor-2K.png,/Volumes/Data/University/PPMGR/Blender_Mat_Generator_PPMGR/Projects/textures
pavement_15_basecolor-2K.png,/Volumes/Data/University/PPMGR/Blender_Mat_Generator_PPMGR/Projects/textures/pavement_15_basecolor-2K.png,/Volumes/Data/University/PPMGR/Blender_Mat_Generator_PPMGR/Projects/textures
pavement_17_basecolor-2K.png,/Volumes/Data/University/PPMGR/Blender_Mat_Generator_PPMGR/Projects/textures/pavement_17_basecolor-2K.png,/Volumes/Data/University/PPMGR/Blender_Mat_Generator_PPMGR/Projects/textures
pavement_18_basecolor-2K.png,/Volumes/Data/University/PPMGR/Blender_Mat_Generator_PPMGR/Projects/textures/pavement_18_basecolor-2K.png,/Volumes/Data/University/PPMGR/Blender_Mat_Generator_PPMGR/Projects/textures
pavement_19_basecolor-2K.png,/Volumes/Data/University/PPMGR/Blender_Mat_Generator_PPMGR/Projects/textures/pavement_19_basecolor-2K.png,/Volumes/Data/University/PPMGR/Blender_Mat_Generator_PPMGR/Projects/textures
pavement_20_basecolor-2K.png,/Volumes/Data/University/PPMGR/Blender_Mat_Generator_PPMGR/Projects/textures/pavement_20_basecolor-2K.png,/Volumes/Data/University/PPMGR/Blender_Mat_Generator_PPMGR/Projects/textures
pavement_23_basecolor-2K.png,/Volumes/Data/University/PPMGR/Blender_Mat_Generator_PPMGR/Projects/textures/pavement_23_basecolor-2K.png,/Volumes/Data/University/PPMGR/Blender_Mat_Generator_PPMGR/Projects/textures
pavement_24_basecolor-2K.png,/Volumes/Data/University/PPMGR/Blender_Mat_Generator_PPMGR/Projects/textures/pavement_24_basecolor-2K.png,/Volumes/Data/University/PPMGR/Blender_Mat_Generator_PPMGR/Projects/textures
pavement_25_basecolor-2K.png,/Volumes/Data/University/PPMGR/Blender_Mat_Generator_PPMGR/Projects/textures/pavement_25_basecolor-2K.png,/Volumes/Data/University/PPMGR/Blender_Mat_Generator_PPMGR/Projects/textures
pavement_26_basecolor-2K.png,/Volumes/Data/University/PPMGR/Blender_Mat_Generator_PPMGR/Projects/textures/pavement_26_basecolor-2K.png,/Volumes/Data/University/PPMGR/Blender_Mat_Generator_PPMGR/Projects/textures
pavement_28_basecolor-2K.png,/Volumes/Data/University/PPMGR/Blender_Mat_Generator_PPMGR/Projects/textures/pavement_28_basecolor-2K.png,/Volumes/Data/University/PPMGR/Blender_Mat_Generator_PPMGR/Projects/textures
pavement_30_basecolor-2K.png,/Volumes/Data/University/PPMGR/Blender_Mat_Generator_PPMGR/Projects/textures/pavement_30_basecolor-2K.png,/Volumes/Data/University/PPMGR/Blender_Mat_Generator_PPMGR/Projects/textures
pavement_31_basecolor-2K.png,/Volumes/Data/University/PPMGR/Blender_Mat_Generator_PPMGR/Projects/textures/pavement_31_basecolor-2K.png,/Volumes/Data/University/PPMGR/Blender_Mat_Generator_PPMGR/Projects/textures
pavement_3_BaseColor.jpg,/Volumes/Data/University/PPMGR/Blender_Mat_Generator_PPMGR/Projects/textures/pavement_3_BaseColor.jpg,/Volumes/Data/University/PPMGR/Blender_Mat_Generator_PPMGR/Projects/textures
pavement_granite_3_Base_Color_V2.jpg,/Volumes/Data/University/PPMGR/Blender_Mat_Generator_PPMGR/Projects/textures/pavement_granite_3_Base_Color_V2.jpg,/Volumes/Data/University/PPMGR/Blender_Mat_Generator_PPMGR/Projects/textures
paving stone 6_4K-JPG_Color.jpg,/Volumes/Data/University/PPMGR/Blender_Mat_Generator_PPMGR/Projects/textures/paving stone 6_4K-JPG_Color.jpg,/Volumes/Data/University/PPMGR/Blender_Mat_Generator_PPMGR/Projects/textures
paving-1_diffuse.jpg,/Volumes/Data/University/PPMGR/Blender_Mat_Generator_PPMGR/Projects/textures/paving-1_diffuse.jpg,/Volumes/Data/University/PPMGR/Blender_Mat_Generator_PPMGR/Projects/textures
pavingstone01_3k_basecolor.jpg,/Volumes/Data/University/PPMGR/Blender_Mat_Generator_PPMGR/Projects/textures/pavingstone01_3k_basecolor.jpg,/Volumes/Data/University/PPMGR/Blender_Mat_Generator_PPMGR/Projects/textures
pebbel_ground_twig_Base_Color.jpg,/Volumes/Data/University/PPMGR/Blender_Mat_Generator_PPMGR/Projects/textures/pebbel_ground_twig_Base_Color.jpg,/Volumes/Data/University/PPMGR/Blender_Mat_Generator_PPMGR/Projects/textures
pebbel_sidewalk_Base_Color.jpg,/Volumes/Data/University/PPMGR/Blender_Mat_Generator_PPMGR/Projects/textures/pebbel_sidewalk_Base_Color.jpg,/Volumes/Data/University/PPMGR/Blender_Mat_Generator_PPMGR/Projects/textures
pebble-concrete-diffuse.jpg,/Volumes/Data/University/PPMGR/Blender_Mat_Generator_PPMGR/Projects/textures/pebble-concrete-diffuse.jpg,/Volumes/Data/University/PPMGR/Blender_Mat_Generator_PPMGR/Projects/textures
pebble-concrete-normal.jpg,/Volumes/Data/University/PPMGR/Blender_Mat_Generator_PPMGR/Projects/textures/pebble-concrete-normal.jpg,/Volumes/Data/University/PPMGR/Blender_Mat_Generator_PPMGR/Projects/textures
pebble-wall-Diffuse.jpg,/Volumes/Data/University/PPMGR/Blender_Mat_Generator_PPMGR/Projects/textures/pebble-wall-Diffuse.jpg,/Volumes/Data/University/PPMGR/Blender_Mat_Generator_PPMGR/Projects/textures
pebble_cemented_floor_diff_8k.jpg,/Volumes/Data/University/PPMGR/Blender_Mat_Generator_PPMGR/Projects/textures/pebble_cemented_floor_diff_8k.jpg,/Volumes/Data/University/PPMGR/Blender_Mat_Generator_PPMGR/Projects/textures
pebble_ground_01_diff_8k.jpg,/Volumes/Data/University/PPMGR/Blender_Mat_Generator_PPMGR/Projects/textures/pebble_ground_01_diff_8k.jpg,/Volumes/Data/University/PPMGR/Blender_Mat_Generator_PPMGR/Projects/textures
pebble_mosaic_texture_Base_Color.jpg,/Volumes/Data/University/PPMGR/Blender_Mat_Generator_PPMGR/Projects/textures/pebble_mosaic_texture_Base_Color.jpg,/Volumes/Data/University/PPMGR/Blender_Mat_Generator_PPMGR/Projects/textures
pebble_mosaic_var_Base_Color.jpg,/Volumes/Data/University/PPMGR/Blender_Mat_Generator_PPMGR/Projects/textures/pebble_mosaic_var_Base_Color.jpg,/Volumes/Data/University/PPMGR/Blender_Mat_Generator_PPMGR/Projects/textures
pebbles_cobbelstone_stylized_Base_Color.jpg,/Volumes/Data/University/PPMGR/Blender_Mat_Generator_PPMGR/Projects/textures/pebbles_cobbelstone_stylized_Base_Color.jpg,/Volumes/Data/University/PPMGR/Blender_Mat_Generator_PPMGR/Projects/textures
pebbles_mixed_2k_v2_Base_Color.jpg,/Volumes/Data/University/PPMGR/Blender_Mat_Generator_PPMGR/Projects/textures/pebbles_mixed_2k_v2_Base_Color.jpg,/Volumes/Data/University/PPMGR/Blender_Mat_Generator_PPMGR/Projects/textures
pebbles_v4_2k_Base_Color.jpg,/Volumes/Data/University/PPMGR/Blender_Mat_Generator_PPMGR/Projects/textures/pebbles_v4_2k_Base_Color.jpg,/Volumes/Data/University/PPMGR/Blender_Mat_Generator_PPMGR/Projects/textures
pedra Blue Deep_23243_BaseColor.jpg,/Volumes/Data/University/PPMGR/Blender_Mat_Generator_PPMGR/Projects/textures/pedra Blue Deep_23243_BaseColor.jpg,/Volumes/Data/University/PPMGR/Blender_Mat_Generator_PPMGR/Projects/textures
perforate_panel_4k_basecolor.jpg,/Volumes/Data/University/PPMGR/Blender_Mat_Generator_PPMGR/Projects/textures/perforate_panel_4k_basecolor.jpg,/Volumes/Data/University/PPMGR/Blender_Mat_Generator_PPMGR/Projects/textures
perforate_panel_4k_basecolor.jpg.png,/Volumes/Data/University/PPMGR/Blender_Mat_Generator_PPMGR/Projects/textures/perforate_panel_4k_basecolor.jpg.png,/Volumes/Data/University/PPMGR/Blender_Mat_Generator_PPMGR/Projects/textures
peronda-diffuse.jpg,/Volumes/Data/University/PPMGR/Blender_Mat_Generator_PPMGR/Projects/textures/peronda-diffuse.jpg,/Volumes/Data/University/PPMGR/Blender_Mat_Generator_PPMGR/Projects/textures
piInkWovenWood_COLOR.jpg,/Volumes/Data/University/PPMGR/Blender_Mat_Generator_PPMGR/Projects/textures/piInkWovenWood_COLOR.jpg,/Volumes/Data/University/PPMGR/Blender_Mat_Generator_PPMGR/Projects/textures
piastrella_ceramica_decorata.jpg,/Volumes/Data/University/PPMGR/Blender_Mat_Generator_PPMGR/Projects/textures/piastrella_ceramica_decorata.jpg,/Volumes/Data/University/PPMGR/Blender_Mat_Generator_PPMGR/Projects/textures
pillow fabric_BaseColor.jpg,/Volumes/Data/University/PPMGR/Blender_Mat_Generator_PPMGR/Projects/textures/pillow fabric_BaseColor.jpg,/Volumes/Data/University/PPMGR/Blender_Mat_Generator_PPMGR/Projects/textures
pim parapum pow.png,/Volumes/Data/University/PPMGR/Blender_Mat_Generator_PPMGR/Projects/textures/pim parapum pow.png,/Volumes/Data/University/PPMGR/Blender_Mat_Generator_PPMGR/Projects/textures
pine wood trunk wall_BaseColor.jpg,/Volumes/Data/University/PPMGR/Blender_Mat_Generator_PPMGR/Projects/textures/pine wood trunk wall_BaseColor.jpg,/Volumes/Data/University/PPMGR/Blender_Mat_Generator_PPMGR/Projects/textures
pine-wood-knot-raw_y_d.jpg,/Volumes/Data/University/PPMGR/Blender_Mat_Generator_PPMGR/Projects/textures/pine-wood-knot-raw_y_d.jpg,/Volumes/Data/University/PPMGR/Blender_Mat_Generator_PPMGR/Projects/textures
pine_wood_plank_Base_Color.jpg,/Volumes/Data/University/PPMGR/Blender_Mat_Generator_PPMGR/Projects/textures/pine_wood_plank_Base_Color.jpg,/Volumes/Data/University/PPMGR/Blender_Mat_Generator_PPMGR/Projects/textures
pink check hatch fabric_BaseColor.jpg,/Volumes/Data/University/PPMGR/Blender_Mat_Generator_PPMGR/Projects/textures/pink check hatch fabric_BaseColor.jpg,/Volumes/Data/University/PPMGR/Blender_Mat_Generator_PPMGR/Projects/textures
pinkPlaid_COLOR.jpg,/Volumes/Data/University/PPMGR/Blender_Mat_Generator_PPMGR/Projects/textures/pinkPlaid_COLOR.jpg,/Volumes/Data/University/PPMGR/Blender_Mat_Generator_PPMGR/Projects/textures
pinkmarble_1_basecolor_4k.jpg,/Volumes/Data/University/PPMGR/Blender_Mat_Generator_PPMGR/Projects/textures/pinkmarble_1_basecolor_4k.jpg,/Volumes/Data/University/PPMGR/Blender_Mat_Generator_PPMGR/Projects/textures
pits_Iron_Sheet_Base_Color.jpg,/Volumes/Data/University/PPMGR/Blender_Mat_Generator_PPMGR/Projects/textures/pits_Iron_Sheet_Base_Color.jpg,/Volumes/Data/University/PPMGR/Blender_Mat_Generator_PPMGR/Projects/textures
plane_DefaultMaterial_BaseColor.jpg,/Volumes/Data/University/PPMGR/Blender_Mat_Generator_PPMGR/Projects/textures/plane_DefaultMaterial_BaseColor.jpg,/Volumes/Data/University/PPMGR/Blender_Mat_Generator_PPMGR/Projects/textures
plane_DefaultMaterial_BaseColor.jpg.001.png,/Volumes/Data/University/PPMGR/Blender_Mat_Generator_PPMGR/Projects/textures/plane_DefaultMaterial_BaseColor.jpg.001.png,/Volumes/Data/University/PPMGR/Blender_Mat_Generator_PPMGR/Projects/textures
plane_DefaultMaterial_BaseColor.png,/Volumes/Data/University/PPMGR/Blender_Mat_Generator_PPMGR/Projects/textures/plane_DefaultMaterial_BaseColor.png,/Volumes/Data/University/PPMGR/Blender_Mat_Generator_PPMGR/Projects/textures
plane_DefaultMaterial_BaseColor.png.png,/Volumes/Data/University/PPMGR/Blender_Mat_Generator_PPMGR/Projects/textures/plane_DefaultMaterial_BaseColor.png.png,/Volumes/Data/University/PPMGR/Blender_Mat_Generator_PPMGR/Projects/textures
plane_DefaultMaterial_OcclusionRoughnessMetallic.jpg,/Volumes/Data/University/PPMGR/Blender_Mat_Generator_PPMGR/Projects/textures/plane_DefaultMaterial_OcclusionRoughnessMetallic.jpg,/Volumes/Data/University/PPMGR/Blender_Mat_Generator_PPMGR/Projects/textures
plane_DefaultMaterial_OcclusionRoughnessMetallic.jpg.png,/Volumes/Data/University/PPMGR/Blender_Mat_Generator_PPMGR/Projects/textures/plane_DefaultMaterial_OcclusionRoughnessMetallic.jpg.png,/Volumes/Data/University/PPMGR/Blender_Mat_Generator_PPMGR/Projects/textures
plane_divided_DefaultMaterial_BaseColor.jpg,/Volumes/Data/University/PPMGR/Blender_Mat_Generator_PPMGR/Projects/textures/plane_divided_DefaultMaterial_BaseColor.jpg,/Volumes/Data/University/PPMGR/Blender_Mat_Generator_PPMGR/Projects/textures
plane_divided_DefaultMaterial_BaseColor.png,/Volumes/Data/University/PPMGR/Blender_Mat_Generator_PPMGR/Projects/textures/plane_divided_DefaultMaterial_BaseColor.png,/Volumes/Data/University/PPMGR/Blender_Mat_Generator_PPMGR/Projects/textures
plane_divided_DefaultMaterial_BaseColor.png.png,/Volumes/Data/University/PPMGR/Blender_Mat_Generator_PPMGR/Projects/textures/plane_divided_DefaultMaterial_BaseColor.png.png,/Volumes/Data/University/PPMGR/Blender_Mat_Generator_PPMGR/Projects/textures
plane_divided_DefaultMaterial_Emissive.jpg,/Volumes/Data/University/PPMGR/Blender_Mat_Generator_PPMGR/Projects/textures/plane_divided_DefaultMaterial_Emissive.jpg,/Volumes/Data/University/PPMGR/Blender_Mat_Generator_PPMGR/Projects/textures
plane_divided_DefaultMaterial_OcclusionRoughnessMetallic.jpg,/Volumes/Data/University/PPMGR/Blender_Mat_Generator_PPMGR/Projects/textures/plane_divided_DefaultMaterial_OcclusionRoughnessMetallic.jpg,/Volumes/Data/University/PPMGR/Blender_Mat_Generator_PPMGR/Projects/textures
plane_divided_DefaultMaterial_OcclusionRoughnessMetallic.jpg.png,/Volumes/Data/University/PPMGR/Blender_Mat_Generator_PPMGR/Projects/textures/plane_divided_DefaultMaterial_OcclusionRoughnessMetallic.jpg.png,/Volumes/Data/University/PPMGR/Blender_Mat_Generator_PPMGR/Projects/textures
plank_flooring_02_diff_8k.jpg,/Volumes/Data/University/PPMGR/Blender_Mat_Generator_PPMGR/Projects/textures/plank_flooring_02_diff_8k.jpg,/Volumes/Data/University/PPMGR/Blender_Mat_Generator_PPMGR/Projects/textures
planks 1_4K_Color.jpg,/Volumes/Data/University/PPMGR/Blender_Mat_Generator_PPMGR/Projects/textures/planks 1_4K_Color.jpg,/Volumes/Data/University/PPMGR/Blender_Mat_Generator_PPMGR/Projects/textures
planks 2_4K_Color.jpg,/Volumes/Data/University/PPMGR/Blender_Mat_Generator_PPMGR/Projects/textures/planks 2_4K_Color.jpg,/Volumes/Data/University/PPMGR/Blender_Mat_Generator_PPMGR/Projects/textures
planks 3_4K_Color.jpg,/Volumes/Data/University/PPMGR/Blender_Mat_Generator_PPMGR/Projects/textures/planks 3_4K_Color.jpg,/Volumes/Data/University/PPMGR/Blender_Mat_Generator_PPMGR/Projects/textures
planks_brown_10_diff_4k.jpg,/Volumes/Data/University/PPMGR/Blender_Mat_Generator_PPMGR/Projects/textures/planks_brown_10_diff_4k.jpg,/Volumes/Data/University/PPMGR/Blender_Mat_Generator_PPMGR/Projects/textures
planks_brown_10_diff_8k.jpg,/Volumes/Data/University/PPMGR/Blender_Mat_Generator_PPMGR/Projects/textures/planks_brown_10_diff_8k.jpg,/Volumes/Data/University/PPMGR/Blender_Mat_Generator_PPMGR/Projects/textures
planks_old_Base_Color_1_1.jpg,/Volumes/Data/University/PPMGR/Blender_Mat_Generator_PPMGR/Projects/textures/planks_old_Base_Color_1_1.jpg,/Volumes/Data/University/PPMGR/Blender_Mat_Generator_PPMGR/Projects/textures
planks_wood_diffuse.jpg,/Volumes/Data/University/PPMGR/Blender_Mat_Generator_PPMGR/Projects/textures/planks_wood_diffuse.jpg,/Volumes/Data/University/PPMGR/Blender_Mat_Generator_PPMGR/Projects/textures
plaster-1_diffuse.jpg,/Volumes/Data/University/PPMGR/Blender_Mat_Generator_PPMGR/Projects/textures/plaster-1_diffuse.jpg,/Volumes/Data/University/PPMGR/Blender_Mat_Generator_PPMGR/Projects/textures
plaster-2_diffuse.jpg,/Volumes/Data/University/PPMGR/Blender_Mat_Generator_PPMGR/Projects/textures/plaster-2_diffuse.jpg,/Volumes/Data/University/PPMGR/Blender_Mat_Generator_PPMGR/Projects/textures
plaster-3_diffuse.jpg,/Volumes/Data/University/PPMGR/Blender_Mat_Generator_PPMGR/Projects/textures/plaster-3_diffuse.jpg,/Volumes/Data/University/PPMGR/Blender_Mat_Generator_PPMGR/Projects/textures
plaster-4_diffuse.jpg,/Volumes/Data/University/PPMGR/Blender_Mat_Generator_PPMGR/Projects/textures/plaster-4_diffuse.jpg,/Volumes/Data/University/PPMGR/Blender_Mat_Generator_PPMGR/Projects/textures
plaster-5_diffuse.jpg,/Volumes/Data/University/PPMGR/Blender_Mat_Generator_PPMGR/Projects/textures/plaster-5_diffuse.jpg,/Volumes/Data/University/PPMGR/Blender_Mat_Generator_PPMGR/Projects/textures
plaster-6_diffuse.jpg,/Volumes/Data/University/PPMGR/Blender_Mat_Generator_PPMGR/Projects/textures/plaster-6_diffuse.jpg,/Volumes/Data/University/PPMGR/Blender_Mat_Generator_PPMGR/Projects/textures
plaster-7_diffuse.jpg,/Volumes/Data/University/PPMGR/Blender_Mat_Generator_PPMGR/Projects/textures/plaster-7_diffuse.jpg,/Volumes/Data/University/PPMGR/Blender_Mat_Generator_PPMGR/Projects/textures
plaster-carving-1_diffuse.jpg,/Volumes/Data/University/PPMGR/Blender_Mat_Generator_PPMGR/Projects/textures/plaster-carving-1_diffuse.jpg,/Volumes/Data/University/PPMGR/Blender_Mat_Generator_PPMGR/Projects/textures
plaster_brick_01_diff_8k.jpg,/Volumes/Data/University/PPMGR/Blender_Mat_Generator_PPMGR/Projects/textures/plaster_brick_01_diff_8k.jpg,/Volumes/Data/University/PPMGR/Blender_Mat_Generator_PPMGR/Projects/textures
plaster_grey_04_diff_4k.jpg,/Volumes/Data/University/PPMGR/Blender_Mat_Generator_PPMGR/Projects/textures/plaster_grey_04_diff_4k.jpg,/Volumes/Data/University/PPMGR/Blender_Mat_Generator_PPMGR/Projects/textures
plaster_grey_04_diff_8k.jpg,/Volumes/Data/University/PPMGR/Blender_Mat_Generator_PPMGR/Projects/textures/plaster_grey_04_diff_8k.jpg,/Volumes/Data/University/PPMGR/Blender_Mat_Generator_PPMGR/Projects/textures
plaster_wall_21_94_diffuse.jpg,/Volumes/Data/University/PPMGR/Blender_Mat_Generator_PPMGR/Projects/textures/plaster_wall_21_94_diffuse.jpg,/Volumes/Data/University/PPMGR/Blender_Mat_Generator_PPMGR/Projects/textures
plastered_square_log_wall__Diffuse_.jpg,/Volumes/Data/University/PPMGR/Blender_Mat_Generator_PPMGR/Projects/textures/plastered_square_log_wall__Diffuse_.jpg,/Volumes/Data/University/PPMGR/Blender_Mat_Generator_PPMGR/Projects/textures
plastered_stone_wall_diff_16k.jpg,/Volumes/Data/University/PPMGR/Blender_Mat_Generator_PPMGR/Projects/textures/plastered_stone_wall_diff_16k.jpg,/Volumes/Data/University/PPMGR/Blender_Mat_Generator_PPMGR/Projects/textures
plastic 3_4K_Color.jpg,/Volumes/Data/University/PPMGR/Blender_Mat_Generator_PPMGR/Projects/textures/plastic 3_4K_Color.jpg,/Volumes/Data/University/PPMGR/Blender_Mat_Generator_PPMGR/Projects/textures
plastic parquet  sqyare_BaseColor.jpg,/Volumes/Data/University/PPMGR/Blender_Mat_Generator_PPMGR/Projects/textures/plastic parquet  sqyare_BaseColor.jpg,/Volumes/Data/University/PPMGR/Blender_Mat_Generator_PPMGR/Projects/textures
plastic_Color.png,/Volumes/Data/University/PPMGR/Blender_Mat_Generator_PPMGR/Projects/textures/plastic_Color.png,/Volumes/Data/University/PPMGR/Blender_Mat_Generator_PPMGR/Projects/textures
playground_sand_diff_8k.jpg,/Volumes/Data/University/PPMGR/Blender_Mat_Generator_PPMGR/Projects/textures/playground_sand_diff_8k.jpg,/Volumes/Data/University/PPMGR/Blender_Mat_Generator_PPMGR/Projects/textures
plywood_diff_8k.jpg,/Volumes/Data/University/PPMGR/Blender_Mat_Generator_PPMGR/Projects/textures/plywood_diff_8k.jpg,/Volumes/Data/University/PPMGR/Blender_Mat_Generator_PPMGR/Projects/textures
polyester fiber-diffuse.jpg,/Volumes/Data/University/PPMGR/Blender_Mat_Generator_PPMGR/Projects/textures/polyester fiber-diffuse.jpg,/Volumes/Data/University/PPMGR/Blender_Mat_Generator_PPMGR/Projects/textures
pond-1_diffuse.jpg,/Volumes/Data/University/PPMGR/Blender_Mat_Generator_PPMGR/Projects/textures/pond-1_diffuse.jpg,/Volumes/Data/University/PPMGR/Blender_Mat_Generator_PPMGR/Projects/textures
precast_concrete_wall_diff_8k.jpg,/Volumes/Data/University/PPMGR/Blender_Mat_Generator_PPMGR/Projects/textures/precast_concrete_wall_diff_8k.jpg,/Volumes/Data/University/PPMGR/Blender_Mat_Generator_PPMGR/Projects/textures
preconcrete_wall_001_long_diff_24k.jpg,/Volumes/Data/University/PPMGR/Blender_Mat_Generator_PPMGR/Projects/textures/preconcrete_wall_001_long_diff_24k.jpg,/Volumes/Data/University/PPMGR/Blender_Mat_Generator_PPMGR/Projects/textures
printedCloth_COLOR.jpg,/Volumes/Data/University/PPMGR/Blender_Mat_Generator_PPMGR/Projects/textures/printedCloth_COLOR.jpg,/Volumes/Data/University/PPMGR/Blender_Mat_Generator_PPMGR/Projects/textures
purple diamond fabric_BaseColor.jpg,/Volumes/Data/University/PPMGR/Blender_Mat_Generator_PPMGR/Projects/textures/purple diamond fabric_BaseColor.jpg,/Volumes/Data/University/PPMGR/Blender_Mat_Generator_PPMGR/Projects/textures
purple dotted flower fabric_BaseColor.jpg,/Volumes/Data/University/PPMGR/Blender_Mat_Generator_PPMGR/Projects/textures/purple dotted flower fabric_BaseColor.jpg,/Volumes/Data/University/PPMGR/Blender_Mat_Generator_PPMGR/Projects/textures
purple honey comb   tiles_BaseColor.jpg,/Volumes/Data/University/PPMGR/Blender_Mat_Generator_PPMGR/Projects/textures/purple honey comb   tiles_BaseColor.jpg,/Volumes/Data/University/PPMGR/Blender_Mat_Generator_PPMGR/Projects/textures
purple raster fabric_BaseColor.jpg,/Volumes/Data/University/PPMGR/Blender_Mat_Generator_PPMGR/Projects/textures/purple raster fabric_BaseColor.jpg,/Volumes/Data/University/PPMGR/Blender_Mat_Generator_PPMGR/Projects/textures
purple rossete fabric_BaseColor.jpg,/Volumes/Data/University/PPMGR/Blender_Mat_Generator_PPMGR/Projects/textures/purple rossete fabric_BaseColor.jpg,/Volumes/Data/University/PPMGR/Blender_Mat_Generator_PPMGR/Projects/textures
purple tile b_BaseColor.jpg,/Volumes/Data/University/PPMGR/Blender_Mat_Generator_PPMGR/Projects/textures/purple tile b_BaseColor.jpg,/Volumes/Data/University/PPMGR/Blender_Mat_Generator_PPMGR/Projects/textures
purple tile_BaseColor.jpg,/Volumes/Data/University/PPMGR/Blender_Mat_Generator_PPMGR/Projects/textures/purple tile_BaseColor.jpg,/Volumes/Data/University/PPMGR/Blender_Mat_Generator_PPMGR/Projects/textures
purupu.jpg,/Volumes/Data/University/PPMGR/Blender_Mat_Generator_PPMGR/Projects/textures/purupu.jpg,/Volumes/Data/University/PPMGR/Blender_Mat_Generator_PPMGR/Projects/textures
pyramid noise canceling-normal.jpg,/Volumes/Data/University/PPMGR/Blender_Mat_Generator_PPMGR/Projects/textures/pyramid noise canceling-normal.jpg,/Volumes/Data/University/PPMGR/Blender_Mat_Generator_PPMGR/Projects/textures
quilted fabric_BaseColor.jpg,/Volumes/Data/University/PPMGR/Blender_Mat_Generator_PPMGR/Projects/textures/quilted fabric_BaseColor.jpg,/Volumes/Data/University/PPMGR/Blender_Mat_Generator_PPMGR/Projects/textures
quilted square fabric_BaseColor.jpg,/Volumes/Data/University/PPMGR/Blender_Mat_Generator_PPMGR/Projects/textures/quilted square fabric_BaseColor.jpg,/Volumes/Data/University/PPMGR/Blender_Mat_Generator_PPMGR/Projects/textures
quilted square leather_BaseColor.jpg,/Volumes/Data/University/PPMGR/Blender_Mat_Generator_PPMGR/Projects/textures/quilted square leather_BaseColor.jpg,/Volumes/Data/University/PPMGR/Blender_Mat_Generator_PPMGR/Projects/textures
quilted_velvet_coverlet_black_Base_Color.jpg,/Volumes/Data/University/PPMGR/Blender_Mat_Generator_PPMGR/Projects/textures/quilted_velvet_coverlet_black_Base_Color.jpg,/Volumes/Data/University/PPMGR/Blender_Mat_Generator_PPMGR/Projects/textures
quilted_velvet_coverlet_brown_Base_Color.jpg,/Volumes/Data/University/PPMGR/Blender_Mat_Generator_PPMGR/Projects/textures/quilted_velvet_coverlet_brown_Base_Color.jpg,/Volumes/Data/University/PPMGR/Blender_Mat_Generator_PPMGR/Projects/textures
rED_lEATHER_BASE.jpg,/Volumes/Data/University/PPMGR/Blender_Mat_Generator_PPMGR/Projects/textures/rED_lEATHER_BASE.jpg,/Volumes/Data/University/PPMGR/Blender_Mat_Generator_PPMGR/Projects/textures
rabdentse_ruins_wall_diff_16k.jpg,/Volumes/Data/University/PPMGR/Blender_Mat_Generator_PPMGR/Projects/textures/rabdentse_ruins_wall_diff_16k.jpg,/Volumes/Data/University/PPMGR/Blender_Mat_Generator_PPMGR/Projects/textures
rainbowline.png,/Volumes/Data/University/PPMGR/Blender_Mat_Generator_PPMGR/Projects/textures/rainbowline.png,/Volumes/Data/University/PPMGR/Blender_Mat_Generator_PPMGR/Projects/textures
raked_dirt_diff_8k.jpg,/Volumes/Data/University/PPMGR/Blender_Mat_Generator_PPMGR/Projects/textures/raked_dirt_diff_8k.jpg,/Volumes/Data/University/PPMGR/Blender_Mat_Generator_PPMGR/Projects/textures
random rock_diffuseOriginal.jpg,/Volumes/Data/University/PPMGR/Blender_Mat_Generator_PPMGR/Projects/textures/random rock_diffuseOriginal.jpg,/Volumes/Data/University/PPMGR/Blender_Mat_Generator_PPMGR/Projects/textures
random_bricks_thick_diff_8k.jpg,/Volumes/Data/University/PPMGR/Blender_Mat_Generator_PPMGR/Projects/textures/random_bricks_thick_diff_8k.jpg,/Volumes/Data/University/PPMGR/Blender_Mat_Generator_PPMGR/Projects/textures
rattan-diffuse.jpg,/Volumes/Data/University/PPMGR/Blender_Mat_Generator_PPMGR/Projects/textures/rattan-diffuse.jpg,/Volumes/Data/University/PPMGR/Blender_Mat_Generator_PPMGR/Projects/textures
rattan_Base_color.jpg,/Volumes/Data/University/PPMGR/Blender_Mat_Generator_PPMGR/Projects/textures/rattan_Base_color.jpg,/Volumes/Data/University/PPMGR/Blender_Mat_Generator_PPMGR/Projects/textures
raw_plank_wall_diff_8k.jpg,/Volumes/Data/University/PPMGR/Blender_Mat_Generator_PPMGR/Projects/textures/raw_plank_wall_diff_8k.jpg,/Volumes/Data/University/PPMGR/Blender_Mat_Generator_PPMGR/Projects/textures
realisitc_chesse_with_holes_Base_Color.jpg,/Volumes/Data/University/PPMGR/Blender_Mat_Generator_PPMGR/Projects/textures/realisitc_chesse_with_holes_Base_Color.jpg,/Volumes/Data/University/PPMGR/Blender_Mat_Generator_PPMGR/Projects/textures
realisitc_stone_sandy_Base_Color.jpg,/Volumes/Data/University/PPMGR/Blender_Mat_Generator_PPMGR/Projects/textures/realisitc_stone_sandy_Base_Color.jpg,/Volumes/Data/University/PPMGR/Blender_Mat_Generator_PPMGR/Projects/textures
red black fabric_diffuseOriginal.jpg,/Volumes/Data/University/PPMGR/Blender_Mat_Generator_PPMGR/Projects/textures/red black fabric_diffuseOriginal.jpg,/Volumes/Data/University/PPMGR/Blender_Mat_Generator_PPMGR/Projects/textures
red blue  dot matric fabric_BaseColor.jpg,/Volumes/Data/University/PPMGR/Blender_Mat_Generator_PPMGR/Projects/textures/red blue  dot matric fabric_BaseColor.jpg,/Volumes/Data/University/PPMGR/Blender_Mat_Generator_PPMGR/Projects/textures
red blue basket tiles_BaseColor.jpg,/Volumes/Data/University/PPMGR/Blender_Mat_Generator_PPMGR/Projects/textures/red blue basket tiles_BaseColor.jpg,/Volumes/Data/University/PPMGR/Blender_Mat_Generator_PPMGR/Projects/textures
red box tiles_BaseColor.jpg,/Volumes/Data/University/PPMGR/Blender_Mat_Generator_PPMGR/Projects/textures/red box tiles_BaseColor.jpg,/Volumes/Data/University/PPMGR/Blender_Mat_Generator_PPMGR/Projects/textures
red check  fabric_BaseColor.jpg,/Volumes/Data/University/PPMGR/Blender_Mat_Generator_PPMGR/Projects/textures/red check  fabric_BaseColor.jpg,/Volumes/Data/University/PPMGR/Blender_Mat_Generator_PPMGR/Projects/textures
red check hatch fabric_BaseColor.jpg,/Volumes/Data/University/PPMGR/Blender_Mat_Generator_PPMGR/Projects/textures/red check hatch fabric_BaseColor.jpg,/Volumes/Data/University/PPMGR/Blender_Mat_Generator_PPMGR/Projects/textures
red check medium fabric_BaseColor.jpg,/Volumes/Data/University/PPMGR/Blender_Mat_Generator_PPMGR/Projects/textures/red check medium fabric_BaseColor.jpg,/Volumes/Data/University/PPMGR/Blender_Mat_Generator_PPMGR/Projects/textures
red clothe_BaseColor.jpg,/Volumes/Data/University/PPMGR/Blender_Mat_Generator_PPMGR/Projects/textures/red clothe_BaseColor.jpg,/Volumes/Data/University/PPMGR/Blender_Mat_Generator_PPMGR/Projects/textures
red diamond fabric_BaseColor.jpg,/Volumes/Data/University/PPMGR/Blender_Mat_Generator_PPMGR/Projects/textures/red diamond fabric_BaseColor.jpg,/Volumes/Data/University/PPMGR/Blender_Mat_Generator_PPMGR/Projects/textures
red dotted flower fabric_BaseColor.jpg,/Volumes/Data/University/PPMGR/Blender_Mat_Generator_PPMGR/Projects/textures/red dotted flower fabric_BaseColor.jpg,/Volumes/Data/University/PPMGR/Blender_Mat_Generator_PPMGR/Projects/textures
red fan fabric_BaseColor.jpg,/Volumes/Data/University/PPMGR/Blender_Mat_Generator_PPMGR/Projects/textures/red fan fabric_BaseColor.jpg,/Volumes/Data/University/PPMGR/Blender_Mat_Generator_PPMGR/Projects/textures
red feather fabric_BaseColor.jpg,/Volumes/Data/University/PPMGR/Blender_Mat_Generator_PPMGR/Projects/textures/red feather fabric_BaseColor.jpg,/Volumes/Data/University/PPMGR/Blender_Mat_Generator_PPMGR/Projects/textures
red flake fabric_BaseColor.jpg,/Volumes/Data/University/PPMGR/Blender_Mat_Generator_PPMGR/Projects/textures/red flake fabric_BaseColor.jpg,/Volumes/Data/University/PPMGR/Blender_Mat_Generator_PPMGR/Projects/textures
red floor_BaseColor.jpg,/Volumes/Data/University/PPMGR/Blender_Mat_Generator_PPMGR/Projects/textures/red floor_BaseColor.jpg,/Volumes/Data/University/PPMGR/Blender_Mat_Generator_PPMGR/Projects/textures
red floorstone wall_BaseColor.jpg,/Volumes/Data/University/PPMGR/Blender_Mat_Generator_PPMGR/Projects/textures/red floorstone wall_BaseColor.jpg,/Volumes/Data/University/PPMGR/Blender_Mat_Generator_PPMGR/Projects/textures
red hammer fabric_BaseColor.jpg,/Volumes/Data/University/PPMGR/Blender_Mat_Generator_PPMGR/Projects/textures/red hammer fabric_BaseColor.jpg,/Volumes/Data/University/PPMGR/Blender_Mat_Generator_PPMGR/Projects/textures
red plastic_BaseColor.jpg,/Volumes/Data/University/PPMGR/Blender_Mat_Generator_PPMGR/Projects/textures/red plastic_BaseColor.jpg,/Volumes/Data/University/PPMGR/Blender_Mat_Generator_PPMGR/Projects/textures
red square check_diffuseOriginal.jpg,/Volumes/Data/University/PPMGR/Blender_Mat_Generator_PPMGR/Projects/textures/red square check_diffuseOriginal.jpg,/Volumes/Data/University/PPMGR/Blender_Mat_Generator_PPMGR/Projects/textures
red squre fabric_BaseColor.jpg,/Volumes/Data/University/PPMGR/Blender_Mat_Generator_PPMGR/Projects/textures/red squre fabric_BaseColor.jpg,/Volumes/Data/University/PPMGR/Blender_Mat_Generator_PPMGR/Projects/textures
red strip thick fabric_BaseColor.jpg,/Volumes/Data/University/PPMGR/Blender_Mat_Generator_PPMGR/Projects/textures/red strip thick fabric_BaseColor.jpg,/Volumes/Data/University/PPMGR/Blender_Mat_Generator_PPMGR/Projects/textures
red triangle flake fabric_BaseColor.jpg,/Volumes/Data/University/PPMGR/Blender_Mat_Generator_PPMGR/Projects/textures/red triangle flake fabric_BaseColor.jpg,/Volumes/Data/University/PPMGR/Blender_Mat_Generator_PPMGR/Projects/textures
red-camo-diffuse.jpg,/Volumes/Data/University/PPMGR/Blender_Mat_Generator_PPMGR/Projects/textures/red-camo-diffuse.jpg,/Volumes/Data/University/PPMGR/Blender_Mat_Generator_PPMGR/Projects/textures
red-flannel-diffuse.jpg,/Volumes/Data/University/PPMGR/Blender_Mat_Generator_PPMGR/Projects/textures/red-flannel-diffuse.jpg,/Volumes/Data/University/PPMGR/Blender_Mat_Generator_PPMGR/Projects/textures
red-scifi-metal_albedo.jpg,/Volumes/Data/University/PPMGR/Blender_Mat_Generator_PPMGR/Projects/textures/red-scifi-metal_albedo.jpg,/Volumes/Data/University/PPMGR/Blender_Mat_Generator_PPMGR/Projects/textures
red-scifi-metal_albedo.jpg.001.png,/Volumes/Data/University/PPMGR/Blender_Mat_Generator_PPMGR/Projects/textures/red-scifi-metal_albedo.jpg.001.png,/Volumes/Data/University/PPMGR/Blender_Mat_Generator_PPMGR/Projects/textures
red-scifi-metal_albedo.jpg.png,/Volumes/Data/University/PPMGR/Blender_Mat_Generator_PPMGR/Projects/textures/red-scifi-metal_albedo.jpg.png,/Volumes/Data/University/PPMGR/Blender_Mat_Generator_PPMGR/Projects/textures
red-scifi-metal_albedo000.jpg,/Volumes/Data/University/PPMGR/Blender_Mat_Generator_PPMGR/Projects/textures/red-scifi-metal_albedo000.jpg,/Volumes/Data/University/PPMGR/Blender_Mat_Generator_PPMGR/Projects/textures
red3_diffuse.jpg,/Volumes/Data/University/PPMGR/Blender_Mat_Generator_PPMGR/Projects/textures/red3_diffuse.jpg,/Volumes/Data/University/PPMGR/Blender_Mat_Generator_PPMGR/Projects/textures
redStripePlaid_COLOR.jpg,/Volumes/Data/University/PPMGR/Blender_Mat_Generator_PPMGR/Projects/textures/redStripePlaid_COLOR.jpg,/Volumes/Data/University/PPMGR/Blender_Mat_Generator_PPMGR/Projects/textures
red_and_black_checker_Tiles_Base_Color.jpg,/Volumes/Data/University/PPMGR/Blender_Mat_Generator_PPMGR/Projects/textures/red_and_black_checker_Tiles_Base_Color.jpg,/Volumes/Data/University/PPMGR/Blender_Mat_Generator_PPMGR/Projects/textures
red_and_blue_checker_Tiles_Base_Color.jpg,/Volumes/Data/University/PPMGR/Blender_Mat_Generator_PPMGR/Projects/textures/red_and_blue_checker_Tiles_Base_Color.jpg,/Volumes/Data/University/PPMGR/Blender_Mat_Generator_PPMGR/Projects/textures
red_and_yellow_checker_Tiles_Base_Color.jpg,/Volumes/Data/University/PPMGR/Blender_Mat_Generator_PPMGR/Projects/textures/red_and_yellow_checker_Tiles_Base_Color.jpg,/Volumes/Data/University/PPMGR/Blender_Mat_Generator_PPMGR/Projects/textures
red_brick_03_diff_8k.jpg,/Volumes/Data/University/PPMGR/Blender_Mat_Generator_PPMGR/Projects/textures/red_brick_03_diff_8k.jpg,/Volumes/Data/University/PPMGR/Blender_Mat_Generator_PPMGR/Projects/textures
red_brick_plaster_patch_02_diff_8k.jpg,/Volumes/Data/University/PPMGR/Blender_Mat_Generator_PPMGR/Projects/textures/red_brick_plaster_patch_02_diff_8k.jpg,/Volumes/Data/University/PPMGR/Blender_Mat_Generator_PPMGR/Projects/textures
red_bricks_02_diff_8k.jpg,/Volumes/Data/University/PPMGR/Blender_Mat_Generator_PPMGR/Projects/textures/red_bricks_02_diff_8k.jpg,/Volumes/Data/University/PPMGR/Blender_Mat_Generator_PPMGR/Projects/textures
red_carpet_color.jpg,/Volumes/Data/University/PPMGR/Blender_Mat_Generator_PPMGR/Projects/textures/red_carpet_color.jpg,/Volumes/Data/University/PPMGR/Blender_Mat_Generator_PPMGR/Projects/textures
red_dirt_mud_01_diff_8k.jpg,/Volumes/Data/University/PPMGR/Blender_Mat_Generator_PPMGR/Projects/textures/red_dirt_mud_01_diff_8k.jpg,/Volumes/Data/University/PPMGR/Blender_Mat_Generator_PPMGR/Projects/textures
red_fabric_pilling_Base_Color.jpg,/Volumes/Data/University/PPMGR/Blender_Mat_Generator_PPMGR/Projects/textures/red_fabric_pilling_Base_Color.jpg,/Volumes/Data/University/PPMGR/Blender_Mat_Generator_PPMGR/Projects/textures
red_laterite_soil_stones_diff_8k.jpg,/Volumes/Data/University/PPMGR/Blender_Mat_Generator_PPMGR/Projects/textures/red_laterite_soil_stones_diff_8k.jpg,/Volumes/Data/University/PPMGR/Blender_Mat_Generator_PPMGR/Projects/textures
red_mud_stones_diff_8k.jpg,/Volumes/Data/University/PPMGR/Blender_Mat_Generator_PPMGR/Projects/textures/red_mud_stones_diff_8k.jpg,/Volumes/Data/University/PPMGR/Blender_Mat_Generator_PPMGR/Projects/textures
red_old_resturant_style_tiles_Base_Color.jpg,/Volumes/Data/University/PPMGR/Blender_Mat_Generator_PPMGR/Projects/textures/red_old_resturant_style_tiles_Base_Color.jpg,/Volumes/Data/University/PPMGR/Blender_Mat_Generator_PPMGR/Projects/textures
red_plaster_weathered_diff_8k.jpg,/Volumes/Data/University/PPMGR/Blender_Mat_Generator_PPMGR/Projects/textures/red_plaster_weathered_diff_8k.jpg,/Volumes/Data/University/PPMGR/Blender_Mat_Generator_PPMGR/Projects/textures
red_sandstone_pavement_diff_8k.jpg,/Volumes/Data/University/PPMGR/Blender_Mat_Generator_PPMGR/Projects/textures/red_sandstone_pavement_diff_8k.jpg,/Volumes/Data/University/PPMGR/Blender_Mat_Generator_PPMGR/Projects/textures
red_sandstone_wall_diff_8k.jpg,/Volumes/Data/University/PPMGR/Blender_Mat_Generator_PPMGR/Projects/textures/red_sandstone_wall_diff_8k.jpg,/Volumes/Data/University/PPMGR/Blender_Mat_Generator_PPMGR/Projects/textures
red_white_Tiles_Base_Color.jpg,/Volumes/Data/University/PPMGR/Blender_Mat_Generator_PPMGR/Projects/textures/red_white_Tiles_Base_Color.jpg,/Volumes/Data/University/PPMGR/Blender_Mat_Generator_PPMGR/Projects/textures
redonyx_2_basecolor-2K.png,/Volumes/Data/University/PPMGR/Blender_Mat_Generator_PPMGR/Projects/textures/redonyx_2_basecolor-2K.png,/Volumes/Data/University/PPMGR/Blender_Mat_Generator_PPMGR/Projects/textures
redonyx_3_basecolor-2K.png,/Volumes/Data/University/PPMGR/Blender_Mat_Generator_PPMGR/Projects/textures/redonyx_3_basecolor-2K.png,/Volumes/Data/University/PPMGR/Blender_Mat_Generator_PPMGR/Projects/textures
redpaintedconcretev2-basecolor.jpg,/Volumes/Data/University/PPMGR/Blender_Mat_Generator_PPMGR/Projects/textures/redpaintedconcretev2-basecolor.jpg,/Volumes/Data/University/PPMGR/Blender_Mat_Generator_PPMGR/Projects/textures
redpaintmetal_BaseColor.jpg,/Volumes/Data/University/PPMGR/Blender_Mat_Generator_PPMGR/Projects/textures/redpaintmetal_BaseColor.jpg,/Volumes/Data/University/PPMGR/Blender_Mat_Generator_PPMGR/Projects/textures
reptile_skin_color.jpg,/Volumes/Data/University/PPMGR/Blender_Mat_Generator_PPMGR/Projects/textures/reptile_skin_color.jpg,/Volumes/Data/University/PPMGR/Blender_Mat_Generator_PPMGR/Projects/textures
resturant_style_tiles_Base_Color.jpg,/Volumes/Data/University/PPMGR/Blender_Mat_Generator_PPMGR/Projects/textures/resturant_style_tiles_Base_Color.jpg,/Volumes/Data/University/PPMGR/Blender_Mat_Generator_PPMGR/Projects/textures
rippledTableCloth_COLOR.jpg,/Volumes/Data/University/PPMGR/Blender_Mat_Generator_PPMGR/Projects/textures/rippledTableCloth_COLOR.jpg,/Volumes/Data/University/PPMGR/Blender_Mat_Generator_PPMGR/Projects/textures
river_small_rocks_diff_16k.jpg,/Volumes/Data/University/PPMGR/Blender_Mat_Generator_PPMGR/Projects/textures/river_small_rocks_diff_16k.jpg,/Volumes/Data/University/PPMGR/Blender_Mat_Generator_PPMGR/Projects/textures
rivetted-metal-1_diffuse.jpg,/Volumes/Data/University/PPMGR/Blender_Mat_Generator_PPMGR/Projects/textures/rivetted-metal-1_diffuse.jpg,/Volumes/Data/University/PPMGR/Blender_Mat_Generator_PPMGR/Projects/textures
rock grey wall_diffuseOriginal.jpg,/Volumes/Data/University/PPMGR/Blender_Mat_Generator_PPMGR/Projects/textures/rock grey wall_diffuseOriginal.jpg,/Volumes/Data/University/PPMGR/Blender_Mat_Generator_PPMGR/Projects/textures
rock pabbles_diffuseOriginal.jpg,/Volumes/Data/University/PPMGR/Blender_Mat_Generator_PPMGR/Projects/textures/rock pabbles_diffuseOriginal.jpg,/Volumes/Data/University/PPMGR/Blender_Mat_Generator_PPMGR/Projects/textures
rock-4_diffuse.jpg,/Volumes/Data/University/PPMGR/Blender_Mat_Generator_PPMGR/Projects/textures/rock-4_diffuse.jpg,/Volumes/Data/University/PPMGR/Blender_Mat_Generator_PPMGR/Projects/textures
rock-5_diffuse.jpg,/Volumes/Data/University/PPMGR/Blender_Mat_Generator_PPMGR/Projects/textures/rock-5_diffuse.jpg,/Volumes/Data/University/PPMGR/Blender_Mat_Generator_PPMGR/Projects/textures
rock-6_diffuse.jpg,/Volumes/Data/University/PPMGR/Blender_Mat_Generator_PPMGR/Projects/textures/rock-6_diffuse.jpg,/Volumes/Data/University/PPMGR/Blender_Mat_Generator_PPMGR/Projects/textures
rock-7_diffuse.jpg,/Volumes/Data/University/PPMGR/Blender_Mat_Generator_PPMGR/Projects/textures/rock-7_diffuse.jpg,/Volumes/Data/University/PPMGR/Blender_Mat_Generator_PPMGR/Projects/textures
rock-8_diffuse.jpg,/Volumes/Data/University/PPMGR/Blender_Mat_Generator_PPMGR/Projects/textures/rock-8_diffuse.jpg,/Volumes/Data/University/PPMGR/Blender_Mat_Generator_PPMGR/Projects/textures
rock-wall-8-diffuse.jpg,/Volumes/Data/University/PPMGR/Blender_Mat_Generator_PPMGR/Projects/textures/rock-wall-8-diffuse.jpg,/Volumes/Data/University/PPMGR/Blender_Mat_Generator_PPMGR/Projects/textures
rock_0002_color_2k.jpg,/Volumes/Data/University/PPMGR/Blender_Mat_Generator_PPMGR/Projects/textures/rock_0002_color_2k.jpg,/Volumes/Data/University/PPMGR/Blender_Mat_Generator_PPMGR/Projects/textures
rock_0003_color_2k.jpg,/Volumes/Data/University/PPMGR/Blender_Mat_Generator_PPMGR/Projects/textures/rock_0003_color_2k.jpg,/Volumes/Data/University/PPMGR/Blender_Mat_Generator_PPMGR/Projects/textures
rock_0004_color_2k.jpg,/Volumes/Data/University/PPMGR/Blender_Mat_Generator_PPMGR/Projects/textures/rock_0004_color_2k.jpg,/Volumes/Data/University/PPMGR/Blender_Mat_Generator_PPMGR/Projects/textures
rock_0006_color_2k.jpg,/Volumes/Data/University/PPMGR/Blender_Mat_Generator_PPMGR/Projects/textures/rock_0006_color_2k.jpg,/Volumes/Data/University/PPMGR/Blender_Mat_Generator_PPMGR/Projects/textures
rock_0007_color_2k.jpg,/Volumes/Data/University/PPMGR/Blender_Mat_Generator_PPMGR/Projects/textures/rock_0007_color_2k.jpg,/Volumes/Data/University/PPMGR/Blender_Mat_Generator_PPMGR/Projects/textures
rock_0008_color_2k.jpg,/Volumes/Data/University/PPMGR/Blender_Mat_Generator_PPMGR/Projects/textures/rock_0008_color_2k.jpg,/Volumes/Data/University/PPMGR/Blender_Mat_Generator_PPMGR/Projects/textures
rock_01_diff_8k.jpg,/Volumes/Data/University/PPMGR/Blender_Mat_Generator_PPMGR/Projects/textures/rock_01_diff_8k.jpg,/Volumes/Data/University/PPMGR/Blender_Mat_Generator_PPMGR/Projects/textures
rock_04_diff_8k.jpg,/Volumes/Data/University/PPMGR/Blender_Mat_Generator_PPMGR/Projects/textures/rock_04_diff_8k.jpg,/Volumes/Data/University/PPMGR/Blender_Mat_Generator_PPMGR/Projects/textures
rock_05_diff_8k.jpg,/Volumes/Data/University/PPMGR/Blender_Mat_Generator_PPMGR/Projects/textures/rock_05_diff_8k.jpg,/Volumes/Data/University/PPMGR/Blender_Mat_Generator_PPMGR/Projects/textures
rock_06_diff_8k.jpg,/Volumes/Data/University/PPMGR/Blender_Mat_Generator_PPMGR/Projects/textures/rock_06_diff_8k.jpg,/Volumes/Data/University/PPMGR/Blender_Mat_Generator_PPMGR/Projects/textures
rock_08_diff_8k.jpg,/Volumes/Data/University/PPMGR/Blender_Mat_Generator_PPMGR/Projects/textures/rock_08_diff_8k.jpg,/Volumes/Data/University/PPMGR/Blender_Mat_Generator_PPMGR/Projects/textures
rock_2_diff_8k.jpg,/Volumes/Data/University/PPMGR/Blender_Mat_Generator_PPMGR/Projects/textures/rock_2_diff_8k.jpg,/Volumes/Data/University/PPMGR/Blender_Mat_Generator_PPMGR/Projects/textures
rock_3_diff_8k.jpg,/Volumes/Data/University/PPMGR/Blender_Mat_Generator_PPMGR/Projects/textures/rock_3_diff_8k.jpg,/Volumes/Data/University/PPMGR/Blender_Mat_Generator_PPMGR/Projects/textures
rock_boulder_cracked_diff_8k.jpg,/Volumes/Data/University/PPMGR/Blender_Mat_Generator_PPMGR/Projects/textures/rock_boulder_cracked_diff_8k.jpg,/Volumes/Data/University/PPMGR/Blender_Mat_Generator_PPMGR/Projects/textures
rock_boulder_dry_diff_16k.jpg,/Volumes/Data/University/PPMGR/Blender_Mat_Generator_PPMGR/Projects/textures/rock_boulder_dry_diff_16k.jpg,/Volumes/Data/University/PPMGR/Blender_Mat_Generator_PPMGR/Projects/textures
rock_embedded_concrete_wall_diff_8k.jpg,/Volumes/Data/University/PPMGR/Blender_Mat_Generator_PPMGR/Projects/textures/rock_embedded_concrete_wall_diff_8k.jpg,/Volumes/Data/University/PPMGR/Blender_Mat_Generator_PPMGR/Projects/textures
rock_ground_02_albedo_4k.jpg,/Volumes/Data/University/PPMGR/Blender_Mat_Generator_PPMGR/Projects/textures/rock_ground_02_albedo_4k.jpg,/Volumes/Data/University/PPMGR/Blender_Mat_Generator_PPMGR/Projects/textures
rock_ground_02_diff_8k.jpg,/Volumes/Data/University/PPMGR/Blender_Mat_Generator_PPMGR/Projects/textures/rock_ground_02_diff_8k.jpg,/Volumes/Data/University/PPMGR/Blender_Mat_Generator_PPMGR/Projects/textures
rock_ground_diff_4k.jpg,/Volumes/Data/University/PPMGR/Blender_Mat_Generator_PPMGR/Projects/textures/rock_ground_diff_4k.jpg,/Volumes/Data/University/PPMGR/Blender_Mat_Generator_PPMGR/Projects/textures
rock_pitted_mossy_diff_8k.jpg,/Volumes/Data/University/PPMGR/Blender_Mat_Generator_PPMGR/Projects/textures/rock_pitted_mossy_diff_8k.jpg,/Volumes/Data/University/PPMGR/Blender_Mat_Generator_PPMGR/Projects/textures
rock_surface_diff_16k.jpg,/Volumes/Data/University/PPMGR/Blender_Mat_Generator_PPMGR/Projects/textures/rock_surface_diff_16k.jpg,/Volumes/Data/University/PPMGR/Blender_Mat_Generator_PPMGR/Projects/textures
rock_tile_floor_diff_8k.jpg,/Volumes/Data/University/PPMGR/Blender_Mat_Generator_PPMGR/Projects/textures/rock_tile_floor_diff_8k.jpg,/Volumes/Data/University/PPMGR/Blender_Mat_Generator_PPMGR/Projects/textures
rock_wall_02_diff_8k.jpg,/Volumes/Data/University/PPMGR/Blender_Mat_Generator_PPMGR/Projects/textures/rock_wall_02_diff_8k.jpg,/Volumes/Data/University/PPMGR/Blender_Mat_Generator_PPMGR/Projects/textures
rock_wall_03_diff_8k.jpg,/Volumes/Data/University/PPMGR/Blender_Mat_Generator_PPMGR/Projects/textures/rock_wall_03_diff_8k.jpg,/Volumes/Data/University/PPMGR/Blender_Mat_Generator_PPMGR/Projects/textures
rock_wall_04_diff_8k.jpg,/Volumes/Data/University/PPMGR/Blender_Mat_Generator_PPMGR/Projects/textures/rock_wall_04_diff_8k.jpg,/Volumes/Data/University/PPMGR/Blender_Mat_Generator_PPMGR/Projects/textures
rock_wall_05_diff_8k.jpg,/Volumes/Data/University/PPMGR/Blender_Mat_Generator_PPMGR/Projects/textures/rock_wall_05_diff_8k.jpg,/Volumes/Data/University/PPMGR/Blender_Mat_Generator_PPMGR/Projects/textures
rock_wall_06_diff_8k.jpg,/Volumes/Data/University/PPMGR/Blender_Mat_Generator_PPMGR/Projects/textures/rock_wall_06_diff_8k.jpg,/Volumes/Data/University/PPMGR/Blender_Mat_Generator_PPMGR/Projects/textures
rock_wall_07_diff_8k.jpg,/Volumes/Data/University/PPMGR/Blender_Mat_Generator_PPMGR/Projects/textures/rock_wall_07_diff_8k.jpg,/Volumes/Data/University/PPMGR/Blender_Mat_Generator_PPMGR/Projects/textures
rock_wall_08_diff_16k.jpg,/Volumes/Data/University/PPMGR/Blender_Mat_Generator_PPMGR/Projects/textures/rock_wall_08_diff_16k.jpg,/Volumes/Data/University/PPMGR/Blender_Mat_Generator_PPMGR/Projects/textures
rock_wall_09_diff_8k.jpg,/Volumes/Data/University/PPMGR/Blender_Mat_Generator_PPMGR/Projects/textures/rock_wall_09_diff_8k.jpg,/Volumes/Data/University/PPMGR/Blender_Mat_Generator_PPMGR/Projects/textures
rock_wall_10_diff_8k.jpg,/Volumes/Data/University/PPMGR/Blender_Mat_Generator_PPMGR/Projects/textures/rock_wall_10_diff_8k.jpg,/Volumes/Data/University/PPMGR/Blender_Mat_Generator_PPMGR/Projects/textures
rock_wall_11_diff_8k.jpg,/Volumes/Data/University/PPMGR/Blender_Mat_Generator_PPMGR/Projects/textures/rock_wall_11_diff_8k.jpg,/Volumes/Data/University/PPMGR/Blender_Mat_Generator_PPMGR/Projects/textures
rock_wall_diff_8k.jpg,/Volumes/Data/University/PPMGR/Blender_Mat_Generator_PPMGR/Projects/textures/rock_wall_diff_8k.jpg,/Volumes/Data/University/PPMGR/Blender_Mat_Generator_PPMGR/Projects/textures
rocks brown 1-basecolor.jpg,/Volumes/Data/University/PPMGR/Blender_Mat_Generator_PPMGR/Projects/textures/rocks brown 1-basecolor.jpg,/Volumes/Data/University/PPMGR/Blender_Mat_Generator_PPMGR/Projects/textures
rocks-2_diffuse.jpg,/Volumes/Data/University/PPMGR/Blender_Mat_Generator_PPMGR/Projects/textures/rocks-2_diffuse.jpg,/Volumes/Data/University/PPMGR/Blender_Mat_Generator_PPMGR/Projects/textures
rocks-3_diffuse.jpg,/Volumes/Data/University/PPMGR/Blender_Mat_Generator_PPMGR/Projects/textures/rocks-3_diffuse.jpg,/Volumes/Data/University/PPMGR/Blender_Mat_Generator_PPMGR/Projects/textures
rocks_basecolor.jpg,/Volumes/Data/University/PPMGR/Blender_Mat_Generator_PPMGR/Projects/textures/rocks_basecolor.jpg,/Volumes/Data/University/PPMGR/Blender_Mat_Generator_PPMGR/Projects/textures
rocks_ground_01_diff_8k.jpg,/Volumes/Data/University/PPMGR/Blender_Mat_Generator_PPMGR/Projects/textures/rocks_ground_01_diff_8k.jpg,/Volumes/Data/University/PPMGR/Blender_Mat_Generator_PPMGR/Projects/textures
rocks_ground_02_col_8k.jpg,/Volumes/Data/University/PPMGR/Blender_Mat_Generator_PPMGR/Projects/textures/rocks_ground_02_col_8k.jpg,/Volumes/Data/University/PPMGR/Blender_Mat_Generator_PPMGR/Projects/textures
rocks_ground_03_diff_8k.jpg,/Volumes/Data/University/PPMGR/Blender_Mat_Generator_PPMGR/Projects/textures/rocks_ground_03_diff_8k.jpg,/Volumes/Data/University/PPMGR/Blender_Mat_Generator_PPMGR/Projects/textures
rocks_ground_04_diff_8k.jpg,/Volumes/Data/University/PPMGR/Blender_Mat_Generator_PPMGR/Projects/textures/rocks_ground_04_diff_8k.jpg,/Volumes/Data/University/PPMGR/Blender_Mat_Generator_PPMGR/Projects/textures
rocks_ground_05_diff_8k.jpg,/Volumes/Data/University/PPMGR/Blender_Mat_Generator_PPMGR/Projects/textures/rocks_ground_05_diff_8k.jpg,/Volumes/Data/University/PPMGR/Blender_Mat_Generator_PPMGR/Projects/textures
rocks_ground_06_diff_8k.jpg,/Volumes/Data/University/PPMGR/Blender_Mat_Generator_PPMGR/Projects/textures/rocks_ground_06_diff_8k.jpg,/Volumes/Data/University/PPMGR/Blender_Mat_Generator_PPMGR/Projects/textures
rocks_ground_08_diff_8k.jpg,/Volumes/Data/University/PPMGR/Blender_Mat_Generator_PPMGR/Projects/textures/rocks_ground_08_diff_8k.jpg,/Volumes/Data/University/PPMGR/Blender_Mat_Generator_PPMGR/Projects/textures
rocks_ground_09_diff_8k.jpg,/Volumes/Data/University/PPMGR/Blender_Mat_Generator_PPMGR/Projects/textures/rocks_ground_09_diff_8k.jpg,/Volumes/Data/University/PPMGR/Blender_Mat_Generator_PPMGR/Projects/textures
rocksweeds_baseColor.jpg,/Volumes/Data/University/PPMGR/Blender_Mat_Generator_PPMGR/Projects/textures/rocksweeds_baseColor.jpg,/Volumes/Data/University/PPMGR/Blender_Mat_Generator_PPMGR/Projects/textures
rockwall-diffuse.jpg,/Volumes/Data/University/PPMGR/Blender_Mat_Generator_PPMGR/Projects/textures/rockwall-diffuse.jpg,/Volumes/Data/University/PPMGR/Blender_Mat_Generator_PPMGR/Projects/textures
rocky_gravel_diff_8k.jpg,/Volumes/Data/University/PPMGR/Blender_Mat_Generator_PPMGR/Projects/textures/rocky_gravel_diff_8k.jpg,/Volumes/Data/University/PPMGR/Blender_Mat_Generator_PPMGR/Projects/textures
rocky_trail_02_diff_16k.jpg,/Volumes/Data/University/PPMGR/Blender_Mat_Generator_PPMGR/Projects/textures/rocky_trail_02_diff_16k.jpg,/Volumes/Data/University/PPMGR/Blender_Mat_Generator_PPMGR/Projects/textures
roof sheet damaged rusted metal welded 2_BaseColor.jpg,/Volumes/Data/University/PPMGR/Blender_Mat_Generator_PPMGR/Projects/textures/roof sheet damaged rusted metal welded 2_BaseColor.jpg,/Volumes/Data/University/PPMGR/Blender_Mat_Generator_PPMGR/Projects/textures
roof-tiles-1_diffuse.jpg,/Volumes/Data/University/PPMGR/Blender_Mat_Generator_PPMGR/Projects/textures/roof-tiles-1_diffuse.jpg,/Volumes/Data/University/PPMGR/Blender_Mat_Generator_PPMGR/Projects/textures
roof-tiles-2_diffuse.jpg,/Volumes/Data/University/PPMGR/Blender_Mat_Generator_PPMGR/Projects/textures/roof-tiles-2_diffuse.jpg,/Volumes/Data/University/PPMGR/Blender_Mat_Generator_PPMGR/Projects/textures
roof-tiles-3_diffuse.jpg,/Volumes/Data/University/PPMGR/Blender_Mat_Generator_PPMGR/Projects/textures/roof-tiles-3_diffuse.jpg,/Volumes/Data/University/PPMGR/Blender_Mat_Generator_PPMGR/Projects/textures
roof_10_basecolor.jpg,/Volumes/Data/University/PPMGR/Blender_Mat_Generator_PPMGR/Projects/textures/roof_10_basecolor.jpg,/Volumes/Data/University/PPMGR/Blender_Mat_Generator_PPMGR/Projects/textures
roof_11_basecolor.jpg,/Volumes/Data/University/PPMGR/Blender_Mat_Generator_PPMGR/Projects/textures/roof_11_basecolor.jpg,/Volumes/Data/University/PPMGR/Blender_Mat_Generator_PPMGR/Projects/textures
roof_13_basecolor.jpg,/Volumes/Data/University/PPMGR/Blender_Mat_Generator_PPMGR/Projects/textures/roof_13_basecolor.jpg,/Volumes/Data/University/PPMGR/Blender_Mat_Generator_PPMGR/Projects/textures
roof_14_basecolor.jpg,/Volumes/Data/University/PPMGR/Blender_Mat_Generator_PPMGR/Projects/textures/roof_14_basecolor.jpg,/Volumes/Data/University/PPMGR/Blender_Mat_Generator_PPMGR/Projects/textures
roof_15_Base_Color.jpg,/Volumes/Data/University/PPMGR/Blender_Mat_Generator_PPMGR/Projects/textures/roof_15_Base_Color.jpg,/Volumes/Data/University/PPMGR/Blender_Mat_Generator_PPMGR/Projects/textures
roof_15_basecolor.jpg,/Volumes/Data/University/PPMGR/Blender_Mat_Generator_PPMGR/Projects/textures/roof_15_basecolor.jpg,/Volumes/Data/University/PPMGR/Blender_Mat_Generator_PPMGR/Projects/textures
roof_16_Base_Color.jpg,/Volumes/Data/University/PPMGR/Blender_Mat_Generator_PPMGR/Projects/textures/roof_16_Base_Color.jpg,/Volumes/Data/University/PPMGR/Blender_Mat_Generator_PPMGR/Projects/textures
roof_17_Base_Color.jpg,/Volumes/Data/University/PPMGR/Blender_Mat_Generator_PPMGR/Projects/textures/roof_17_Base_Color.jpg,/Volumes/Data/University/PPMGR/Blender_Mat_Generator_PPMGR/Projects/textures
roof_18_Base_Color.jpg,/Volumes/Data/University/PPMGR/Blender_Mat_Generator_PPMGR/Projects/textures/roof_18_Base_Color.jpg,/Volumes/Data/University/PPMGR/Blender_Mat_Generator_PPMGR/Projects/textures
roof_19_Base_Color.jpg,/Volumes/Data/University/PPMGR/Blender_Mat_Generator_PPMGR/Projects/textures/roof_19_Base_Color.jpg,/Volumes/Data/University/PPMGR/Blender_Mat_Generator_PPMGR/Projects/textures
roof_20_Base_Color.jpg,/Volumes/Data/University/PPMGR/Blender_Mat_Generator_PPMGR/Projects/textures/roof_20_Base_Color.jpg,/Volumes/Data/University/PPMGR/Blender_Mat_Generator_PPMGR/Projects/textures
roof_21_Base_Color.jpg,/Volumes/Data/University/PPMGR/Blender_Mat_Generator_PPMGR/Projects/textures/roof_21_Base_Color.jpg,/Volumes/Data/University/PPMGR/Blender_Mat_Generator_PPMGR/Projects/textures
roof_23_Base_Color.jpg,/Volumes/Data/University/PPMGR/Blender_Mat_Generator_PPMGR/Projects/textures/roof_23_Base_Color.jpg,/Volumes/Data/University/PPMGR/Blender_Mat_Generator_PPMGR/Projects/textures
roof_24_Base_Color.jpg,/Volumes/Data/University/PPMGR/Blender_Mat_Generator_PPMGR/Projects/textures/roof_24_Base_Color.jpg,/Volumes/Data/University/PPMGR/Blender_Mat_Generator_PPMGR/Projects/textures
roof_25_Base_Color.jpg,/Volumes/Data/University/PPMGR/Blender_Mat_Generator_PPMGR/Projects/textures/roof_25_Base_Color.jpg,/Volumes/Data/University/PPMGR/Blender_Mat_Generator_PPMGR/Projects/textures
roof_26_Base_Color.jpg,/Volumes/Data/University/PPMGR/Blender_Mat_Generator_PPMGR/Projects/textures/roof_26_Base_Color.jpg,/Volumes/Data/University/PPMGR/Blender_Mat_Generator_PPMGR/Projects/textures
roof_Diffuse.jpg,/Volumes/Data/University/PPMGR/Blender_Mat_Generator_PPMGR/Projects/textures/roof_Diffuse.jpg,/Volumes/Data/University/PPMGR/Blender_Mat_Generator_PPMGR/Projects/textures
rooftile_7_basecolor-2K.jpg,/Volumes/Data/University/PPMGR/Blender_Mat_Generator_PPMGR/Projects/textures/rooftile_7_basecolor-2K.jpg,/Volumes/Data/University/PPMGR/Blender_Mat_Generator_PPMGR/Projects/textures
rooftile_8_basecolor-2K.jpg,/Volumes/Data/University/PPMGR/Blender_Mat_Generator_PPMGR/Projects/textures/rooftile_8_basecolor-2K.jpg,/Volumes/Data/University/PPMGR/Blender_Mat_Generator_PPMGR/Projects/textures
rotate squre tiles blue_BaseColor.jpg,/Volumes/Data/University/PPMGR/Blender_Mat_Generator_PPMGR/Projects/textures/rotate squre tiles blue_BaseColor.jpg,/Volumes/Data/University/PPMGR/Blender_Mat_Generator_PPMGR/Projects/textures
rotate squre tiles red_BaseColor.jpg,/Volumes/Data/University/PPMGR/Blender_Mat_Generator_PPMGR/Projects/textures/rotate squre tiles red_BaseColor.jpg,/Volumes/Data/University/PPMGR/Blender_Mat_Generator_PPMGR/Projects/textures
rotate squre tiles yellow_BaseColor.jpg,/Volumes/Data/University/PPMGR/Blender_Mat_Generator_PPMGR/Projects/textures/rotate squre tiles yellow_BaseColor.jpg,/Volumes/Data/University/PPMGR/Blender_Mat_Generator_PPMGR/Projects/textures
rough tile_BaseColor.jpg,/Volumes/Data/University/PPMGR/Blender_Mat_Generator_PPMGR/Projects/textures/rough tile_BaseColor.jpg,/Volumes/Data/University/PPMGR/Blender_Mat_Generator_PPMGR/Projects/textures
rough tile_BaseColor000.jpg,/Volumes/Data/University/PPMGR/Blender_Mat_Generator_PPMGR/Projects/textures/rough tile_BaseColor000.jpg,/Volumes/Data/University/PPMGR/Blender_Mat_Generator_PPMGR/Projects/textures
rough-wood_diffuse.jpeg,/Volumes/Data/University/PPMGR/Blender_Mat_Generator_PPMGR/Projects/textures/rough-wood_diffuse.jpeg,/Volumes/Data/University/PPMGR/Blender_Mat_Generator_PPMGR/Projects/textures
rough_block_wall_diff_8k.jpg,/Volumes/Data/University/PPMGR/Blender_Mat_Generator_PPMGR/Projects/textures/rough_block_wall_diff_8k.jpg,/Volumes/Data/University/PPMGR/Blender_Mat_Generator_PPMGR/Projects/textures
rough_cloth_Base_Color.jpg,/Volumes/Data/University/PPMGR/Blender_Mat_Generator_PPMGR/Projects/textures/rough_cloth_Base_Color.jpg,/Volumes/Data/University/PPMGR/Blender_Mat_Generator_PPMGR/Projects/textures
rough_cloth_Base_Color000.jpg,/Volumes/Data/University/PPMGR/Blender_Mat_Generator_PPMGR/Projects/textures/rough_cloth_Base_Color000.jpg,/Volumes/Data/University/PPMGR/Blender_Mat_Generator_PPMGR/Projects/textures
rough_concrete_diff_8k.jpg,/Volumes/Data/University/PPMGR/Blender_Mat_Generator_PPMGR/Projects/textures/rough_concrete_diff_8k.jpg,/Volumes/Data/University/PPMGR/Blender_Mat_Generator_PPMGR/Projects/textures
rough_plaster_03_diff_8k.jpg,/Volumes/Data/University/PPMGR/Blender_Mat_Generator_PPMGR/Projects/textures/rough_plaster_03_diff_8k.jpg,/Volumes/Data/University/PPMGR/Blender_Mat_Generator_PPMGR/Projects/textures
rough_plaster_brick_04_diff_8k.jpg,/Volumes/Data/University/PPMGR/Blender_Mat_Generator_PPMGR/Projects/textures/rough_plaster_brick_04_diff_8k.jpg,/Volumes/Data/University/PPMGR/Blender_Mat_Generator_PPMGR/Projects/textures
rough_plaster_broken_diff_8k.jpg,/Volumes/Data/University/PPMGR/Blender_Mat_Generator_PPMGR/Projects/textures/rough_plaster_broken_diff_8k.jpg,/Volumes/Data/University/PPMGR/Blender_Mat_Generator_PPMGR/Projects/textures
rough_plasterbrick_05_diff_8k.jpg,/Volumes/Data/University/PPMGR/Blender_Mat_Generator_PPMGR/Projects/textures/rough_plasterbrick_05_diff_8k.jpg,/Volumes/Data/University/PPMGR/Blender_Mat_Generator_PPMGR/Projects/textures
rough_wood_diff_8k.jpg,/Volumes/Data/University/PPMGR/Blender_Mat_Generator_PPMGR/Projects/textures/rough_wood_diff_8k.jpg,/Volumes/Data/University/PPMGR/Blender_Mat_Generator_PPMGR/Projects/textures
roughness map_Normal.jpg,/Volumes/Data/University/PPMGR/Blender_Mat_Generator_PPMGR/Projects/textures/roughness map_Normal.jpg,/Volumes/Data/University/PPMGR/Blender_Mat_Generator_PPMGR/Projects/textures
royal-paper_basecolor.jpg,/Volumes/Data/University/PPMGR/Blender_Mat_Generator_PPMGR/Projects/textures/royal-paper_basecolor.jpg,/Volumes/Data/University/PPMGR/Blender_Mat_Generator_PPMGR/Projects/textures
ru_DefaultMaterial_BaseColor.1001.jpg,/Volumes/Data/University/PPMGR/Blender_Mat_Generator_PPMGR/Projects/textures/ru_DefaultMaterial_BaseColor.1001.jpg,/Volumes/Data/University/PPMGR/Blender_Mat_Generator_PPMGR/Projects/textures
ru_DefaultMaterial_BaseColor.1001.png,/Volumes/Data/University/PPMGR/Blender_Mat_Generator_PPMGR/Projects/textures/ru_DefaultMaterial_BaseColor.1001.png,/Volumes/Data/University/PPMGR/Blender_Mat_Generator_PPMGR/Projects/textures
rubble-sd-v2_basecolor.jpg,/Volumes/Data/University/PPMGR/Blender_Mat_Generator_PPMGR/Projects/textures/rubble-sd-v2_basecolor.jpg,/Volumes/Data/University/PPMGR/Blender_Mat_Generator_PPMGR/Projects/textures
running_track_diff_8k.jpg,/Volumes/Data/University/PPMGR/Blender_Mat_Generator_PPMGR/Projects/textures/running_track_diff_8k.jpg,/Volumes/Data/University/PPMGR/Blender_Mat_Generator_PPMGR/Projects/textures
rust_coarse_01_diff_16k.jpg,/Volumes/Data/University/PPMGR/Blender_Mat_Generator_PPMGR/Projects/textures/rust_coarse_01_diff_16k.jpg,/Volumes/Data/University/PPMGR/Blender_Mat_Generator_PPMGR/Projects/textures
rusted gold_BaseColor.jpg,/Volumes/Data/University/PPMGR/Blender_Mat_Generator_PPMGR/Projects/textures/rusted gold_BaseColor.jpg,/Volumes/Data/University/PPMGR/Blender_Mat_Generator_PPMGR/Projects/textures
rusted tiles_BaseColor.jpg,/Volumes/Data/University/PPMGR/Blender_Mat_Generator_PPMGR/Projects/textures/rusted tiles_BaseColor.jpg,/Volumes/Data/University/PPMGR/Blender_Mat_Generator_PPMGR/Projects/textures
rustediron2_basecolor.jpg,/Volumes/Data/University/PPMGR/Blender_Mat_Generator_PPMGR/Projects/textures/rustediron2_basecolor.jpg,/Volumes/Data/University/PPMGR/Blender_Mat_Generator_PPMGR/Projects/textures
rustic_stone_wall_02_diff_16k.jpg,/Volumes/Data/University/PPMGR/Blender_Mat_Generator_PPMGR/Projects/textures/rustic_stone_wall_02_diff_16k.jpg,/Volumes/Data/University/PPMGR/Blender_Mat_Generator_PPMGR/Projects/textures
rustic_stone_wall_diff_8k.jpg,/Volumes/Data/University/PPMGR/Blender_Mat_Generator_PPMGR/Projects/textures/rustic_stone_wall_diff_8k.jpg,/Volumes/Data/University/PPMGR/Blender_Mat_Generator_PPMGR/Projects/textures
rusty anciant wall_BaseColor.jpg,/Volumes/Data/University/PPMGR/Blender_Mat_Generator_PPMGR/Projects/textures/rusty anciant wall_BaseColor.jpg,/Volumes/Data/University/PPMGR/Blender_Mat_Generator_PPMGR/Projects/textures
rustySciFiIndustrialWall_a03_BaseColor.jpg,/Volumes/Data/University/PPMGR/Blender_Mat_Generator_PPMGR/Projects/textures/rustySciFiIndustrialWall_a03_BaseColor.jpg,/Volumes/Data/University/PPMGR/Blender_Mat_Generator_PPMGR/Projects/textures
rusty_01_Base_Color.jpg,/Volumes/Data/University/PPMGR/Blender_Mat_Generator_PPMGR/Projects/textures/rusty_01_Base_Color.jpg,/Volumes/Data/University/PPMGR/Blender_Mat_Generator_PPMGR/Projects/textures
rusty_Circular_chainmail_Base_Color.jpg,/Volumes/Data/University/PPMGR/Blender_Mat_Generator_PPMGR/Projects/textures/rusty_Circular_chainmail_Base_Color.jpg,/Volumes/Data/University/PPMGR/Blender_Mat_Generator_PPMGR/Projects/textures
rusty_Steel_Cable_Base_Color.jpg,/Volumes/Data/University/PPMGR/Blender_Mat_Generator_PPMGR/Projects/textures/rusty_Steel_Cable_Base_Color.jpg,/Volumes/Data/University/PPMGR/Blender_Mat_Generator_PPMGR/Projects/textures
rusty_metal_02_diff_8k.jpg,/Volumes/Data/University/PPMGR/Blender_Mat_Generator_PPMGR/Projects/textures/rusty_metal_02_diff_8k.jpg,/Volumes/Data/University/PPMGR/Blender_Mat_Generator_PPMGR/Projects/textures
rusty_metal_sheet_Color.png,/Volumes/Data/University/PPMGR/Blender_Mat_Generator_PPMGR/Projects/textures/rusty_metal_sheet_Color.png,/Volumes/Data/University/PPMGR/Blender_Mat_Generator_PPMGR/Projects/textures
rusty_metal_sheet_diff_16k.jpg,/Volumes/Data/University/PPMGR/Blender_Mat_Generator_PPMGR/Projects/textures/rusty_metal_sheet_diff_16k.jpg,/Volumes/Data/University/PPMGR/Blender_Mat_Generator_PPMGR/Projects/textures
rusty_shutter__Diffuse_.jpg,/Volumes/Data/University/PPMGR/Blender_Mat_Generator_PPMGR/Projects/textures/rusty_shutter__Diffuse_.jpg,/Volumes/Data/University/PPMGR/Blender_Mat_Generator_PPMGR/Projects/textures
sakura_bark_diff_8k.jpg,/Volumes/Data/University/PPMGR/Blender_Mat_Generator_PPMGR/Projects/textures/sakura_bark_diff_8k.jpg,/Volumes/Data/University/PPMGR/Blender_Mat_Generator_PPMGR/Projects/textures
sand beach_BaseColor.jpg,/Volumes/Data/University/PPMGR/Blender_Mat_Generator_PPMGR/Projects/textures/sand beach_BaseColor.jpg,/Volumes/Data/University/PPMGR/Blender_Mat_Generator_PPMGR/Projects/textures
sand-1_diffuse.jpg,/Volumes/Data/University/PPMGR/Blender_Mat_Generator_PPMGR/Projects/textures/sand-1_diffuse.jpg,/Volumes/Data/University/PPMGR/Blender_Mat_Generator_PPMGR/Projects/textures
sand-ground_base.jpg,/Volumes/Data/University/PPMGR/Blender_Mat_Generator_PPMGR/Projects/textures/sand-ground_base.jpg,/Volumes/Data/University/PPMGR/Blender_Mat_Generator_PPMGR/Projects/textures
sand01_BaseColor.jpg,/Volumes/Data/University/PPMGR/Blender_Mat_Generator_PPMGR/Projects/textures/sand01_BaseColor.jpg,/Volumes/Data/University/PPMGR/Blender_Mat_Generator_PPMGR/Projects/textures
sand02_BaseColor.jpg,/Volumes/Data/University/PPMGR/Blender_Mat_Generator_PPMGR/Projects/textures/sand02_BaseColor.jpg,/Volumes/Data/University/PPMGR/Blender_Mat_Generator_PPMGR/Projects/textures
sand_BaseColor.jpg,/Volumes/Data/University/PPMGR/Blender_Mat_Generator_PPMGR/Projects/textures/sand_BaseColor.jpg,/Volumes/Data/University/PPMGR/Blender_Mat_Generator_PPMGR/Projects/textures
sand_color.jpg,/Volumes/Data/University/PPMGR/Blender_Mat_Generator_PPMGR/Projects/textures/sand_color.jpg,/Volumes/Data/University/PPMGR/Blender_Mat_Generator_PPMGR/Projects/textures
sand_color_COLOR.jpg,/Volumes/Data/University/PPMGR/Blender_Mat_Generator_PPMGR/Projects/textures/sand_color_COLOR.jpg,/Volumes/Data/University/PPMGR/Blender_Mat_Generator_PPMGR/Projects/textures
sandblasted-alu-diffuse.jpg,/Volumes/Data/University/PPMGR/Blender_Mat_Generator_PPMGR/Projects/textures/sandblasted-alu-diffuse.jpg,/Volumes/Data/University/PPMGR/Blender_Mat_Generator_PPMGR/Projects/textures
sandcliff01_BaseColor.jpg,/Volumes/Data/University/PPMGR/Blender_Mat_Generator_PPMGR/Projects/textures/sandcliff01_BaseColor.jpg,/Volumes/Data/University/PPMGR/Blender_Mat_Generator_PPMGR/Projects/textures
sandcliff02_BaseColor.jpg,/Volumes/Data/University/PPMGR/Blender_Mat_Generator_PPMGR/Projects/textures/sandcliff02_BaseColor.jpg,/Volumes/Data/University/PPMGR/Blender_Mat_Generator_PPMGR/Projects/textures
sandstone-rockwall-diffuse.jpg,/Volumes/Data/University/PPMGR/Blender_Mat_Generator_PPMGR/Projects/textures/sandstone-rockwall-diffuse.jpg,/Volumes/Data/University/PPMGR/Blender_Mat_Generator_PPMGR/Projects/textures
sandstone_blocks_04_diff_8k.jpg,/Volumes/Data/University/PPMGR/Blender_Mat_Generator_PPMGR/Projects/textures/sandstone_blocks_04_diff_8k.jpg,/Volumes/Data/University/PPMGR/Blender_Mat_Generator_PPMGR/Projects/textures
sandstone_blocks_05_diff_8k.jpg,/Volumes/Data/University/PPMGR/Blender_Mat_Generator_PPMGR/Projects/textures/sandstone_blocks_05_diff_8k.jpg,/Volumes/Data/University/PPMGR/Blender_Mat_Generator_PPMGR/Projects/textures
sandstone_blocks_08_diff_8k.jpg,/Volumes/Data/University/PPMGR/Blender_Mat_Generator_PPMGR/Projects/textures/sandstone_blocks_08_diff_8k.jpg,/Volumes/Data/University/PPMGR/Blender_Mat_Generator_PPMGR/Projects/textures
sandstone_brick_wall_01_diff_8k.jpg,/Volumes/Data/University/PPMGR/Blender_Mat_Generator_PPMGR/Projects/textures/sandstone_brick_wall_01_diff_8k.jpg,/Volumes/Data/University/PPMGR/Blender_Mat_Generator_PPMGR/Projects/textures
sandstone_cracks_diff_8k.jpg,/Volumes/Data/University/PPMGR/Blender_Mat_Generator_PPMGR/Projects/textures/sandstone_cracks_diff_8k.jpg,/Volumes/Data/University/PPMGR/Blender_Mat_Generator_PPMGR/Projects/textures
sauna_Room_Planks_Base_Color.jpg,/Volumes/Data/University/PPMGR/Blender_Mat_Generator_PPMGR/Projects/textures/sauna_Room_Planks_Base_Color.jpg,/Volumes/Data/University/PPMGR/Blender_Mat_Generator_PPMGR/Projects/textures
scarab_uz.png,/Volumes/Data/University/PPMGR/Blender_Mat_Generator_PPMGR/Projects/textures/scarab_uz.png,/Volumes/Data/University/PPMGR/Blender_Mat_Generator_PPMGR/Projects/textures
sci-fi plan_BaseColor.jpg,/Volumes/Data/University/PPMGR/Blender_Mat_Generator_PPMGR/Projects/textures/sci-fi plan_BaseColor.jpg,/Volumes/Data/University/PPMGR/Blender_Mat_Generator_PPMGR/Projects/textures
scoacdjp_8K_Albedo.jpg,/Volumes/Data/University/PPMGR/Blender_Mat_Generator_PPMGR/Projects/textures/scoacdjp_8K_Albedo.jpg,/Volumes/Data/University/PPMGR/Blender_Mat_Generator_PPMGR/Projects/textures
scratched rusty metal_BaseColor.jpg,/Volumes/Data/University/PPMGR/Blender_Mat_Generator_PPMGR/Projects/textures/scratched rusty metal_BaseColor.jpg,/Volumes/Data/University/PPMGR/Blender_Mat_Generator_PPMGR/Projects/textures
scuffed_cement_diff_8k.jpg,/Volumes/Data/University/PPMGR/Blender_Mat_Generator_PPMGR/Projects/textures/scuffed_cement_diff_8k.jpg,/Volumes/Data/University/PPMGR/Blender_Mat_Generator_PPMGR/Projects/textures
sea green dotted flower fabric_BaseColor.jpg,/Volumes/Data/University/PPMGR/Blender_Mat_Generator_PPMGR/Projects/textures/sea green dotted flower fabric_BaseColor.jpg,/Volumes/Data/University/PPMGR/Blender_Mat_Generator_PPMGR/Projects/textures
seamless-brick-terracota-clay-texture-high-resolution-tileable-143710075.jpg,/Volumes/Data/University/PPMGR/Blender_Mat_Generator_PPMGR/Projects/textures/seamless-brick-terracota-clay-texture-high-resolution-tileable-143710075.jpg,/Volumes/Data/University/PPMGR/Blender_Mat_Generator_PPMGR/Projects/textures
sensors_small_basecolor.jpg,/Volumes/Data/University/PPMGR/Blender_Mat_Generator_PPMGR/Projects/textures/sensors_small_basecolor.jpg,/Volumes/Data/University/PPMGR/Blender_Mat_Generator_PPMGR/Projects/textures
sewed grey fabric_Diffuse.jpg,/Volumes/Data/University/PPMGR/Blender_Mat_Generator_PPMGR/Projects/textures/sewed grey fabric_Diffuse.jpg,/Volumes/Data/University/PPMGR/Blender_Mat_Generator_PPMGR/Projects/textures
sewed grey fabric_Normal.jpg,/Volumes/Data/University/PPMGR/Blender_Mat_Generator_PPMGR/Projects/textures/sewed grey fabric_Normal.jpg,/Volumes/Data/University/PPMGR/Blender_Mat_Generator_PPMGR/Projects/textures
sewed grey fabric_OcclusionRoughnessMetallic.jpg,/Volumes/Data/University/PPMGR/Blender_Mat_Generator_PPMGR/Projects/textures/sewed grey fabric_OcclusionRoughnessMetallic.jpg,/Volumes/Data/University/PPMGR/Blender_Mat_Generator_PPMGR/Projects/textures
sewed grey fabric_OcclusionRoughnessMetallic000.jpg,/Volumes/Data/University/PPMGR/Blender_Mat_Generator_PPMGR/Projects/textures/sewed grey fabric_OcclusionRoughnessMetallic000.jpg,/Volumes/Data/University/PPMGR/Blender_Mat_Generator_PPMGR/Projects/textures
sfylfs.jpg,/Volumes/Data/University/PPMGR/Blender_Mat_Generator_PPMGR/Projects/textures/sfylfs.jpg,/Volumes/Data/University/PPMGR/Blender_Mat_Generator_PPMGR/Projects/textures
sharetextures_infected_basecolor.png,/Volumes/Data/University/PPMGR/Blender_Mat_Generator_PPMGR/Projects/textures/sharetextures_infected_basecolor.png,/Volumes/Data/University/PPMGR/Blender_Mat_Generator_PPMGR/Projects/textures
sharp denim yellow_BaseColor.jpg,/Volumes/Data/University/PPMGR/Blender_Mat_Generator_PPMGR/Projects/textures/sharp denim yellow_BaseColor.jpg,/Volumes/Data/University/PPMGR/Blender_Mat_Generator_PPMGR/Projects/textures
sharp graphic tile_BaseColor.jpg,/Volumes/Data/University/PPMGR/Blender_Mat_Generator_PPMGR/Projects/textures/sharp graphic tile_BaseColor.jpg,/Volumes/Data/University/PPMGR/Blender_Mat_Generator_PPMGR/Projects/textures
shell_floor_01_diff_8k.jpg,/Volumes/Data/University/PPMGR/Blender_Mat_Generator_PPMGR/Projects/textures/shell_floor_01_diff_8k.jpg,/Volumes/Data/University/PPMGR/Blender_Mat_Generator_PPMGR/Projects/textures
shiny_black_Steel_Plate_Base_Color.jpg,/Volumes/Data/University/PPMGR/Blender_Mat_Generator_PPMGR/Projects/textures/shiny_black_Steel_Plate_Base_Color.jpg,/Volumes/Data/University/PPMGR/Blender_Mat_Generator_PPMGR/Projects/textures
sidewalk-basecolor.jpg,/Volumes/Data/University/PPMGR/Blender_Mat_Generator_PPMGR/Projects/textures/sidewalk-basecolor.jpg,/Volumes/Data/University/PPMGR/Blender_Mat_Generator_PPMGR/Projects/textures
sidewalk1-basecolor.jpg,/Volumes/Data/University/PPMGR/Blender_Mat_Generator_PPMGR/Projects/textures/sidewalk1-basecolor.jpg,/Volumes/Data/University/PPMGR/Blender_Mat_Generator_PPMGR/Projects/textures
silk_01_color.jpg,/Volumes/Data/University/PPMGR/Blender_Mat_Generator_PPMGR/Projects/textures/silk_01_color.jpg,/Volumes/Data/University/PPMGR/Blender_Mat_Generator_PPMGR/Projects/textures
silver checker fabric_BaseColor.jpg,/Volumes/Data/University/PPMGR/Blender_Mat_Generator_PPMGR/Projects/textures/silver checker fabric_BaseColor.jpg,/Volumes/Data/University/PPMGR/Blender_Mat_Generator_PPMGR/Projects/textures
silver fur_OcclusionRoughnessMetallic.jpg,/Volumes/Data/University/PPMGR/Blender_Mat_Generator_PPMGR/Projects/textures/silver fur_OcclusionRoughnessMetallic.jpg,/Volumes/Data/University/PPMGR/Blender_Mat_Generator_PPMGR/Projects/textures
skin-10_diffuse.jpg,/Volumes/Data/University/PPMGR/Blender_Mat_Generator_PPMGR/Projects/textures/skin-10_diffuse.jpg,/Volumes/Data/University/PPMGR/Blender_Mat_Generator_PPMGR/Projects/textures
skin-11_diffuse.jpg,/Volumes/Data/University/PPMGR/Blender_Mat_Generator_PPMGR/Projects/textures/skin-11_diffuse.jpg,/Volumes/Data/University/PPMGR/Blender_Mat_Generator_PPMGR/Projects/textures
skin-12_diffuse.jpg,/Volumes/Data/University/PPMGR/Blender_Mat_Generator_PPMGR/Projects/textures/skin-12_diffuse.jpg,/Volumes/Data/University/PPMGR/Blender_Mat_Generator_PPMGR/Projects/textures
skin-13_diffuse.jpg,/Volumes/Data/University/PPMGR/Blender_Mat_Generator_PPMGR/Projects/textures/skin-13_diffuse.jpg,/Volumes/Data/University/PPMGR/Blender_Mat_Generator_PPMGR/Projects/textures
skin-14_diffuse.jpg,/Volumes/Data/University/PPMGR/Blender_Mat_Generator_PPMGR/Projects/textures/skin-14_diffuse.jpg,/Volumes/Data/University/PPMGR/Blender_Mat_Generator_PPMGR/Projects/textures
skin-15_diffuse.jpg,/Volumes/Data/University/PPMGR/Blender_Mat_Generator_PPMGR/Projects/textures/skin-15_diffuse.jpg,/Volumes/Data/University/PPMGR/Blender_Mat_Generator_PPMGR/Projects/textures
skin-1_diffuse.jpg,/Volumes/Data/University/PPMGR/Blender_Mat_Generator_PPMGR/Projects/textures/skin-1_diffuse.jpg,/Volumes/Data/University/PPMGR/Blender_Mat_Generator_PPMGR/Projects/textures
skin-2_diffuse.jpg,/Volumes/Data/University/PPMGR/Blender_Mat_Generator_PPMGR/Projects/textures/skin-2_diffuse.jpg,/Volumes/Data/University/PPMGR/Blender_Mat_Generator_PPMGR/Projects/textures
skin-3_diffuse.jpg,/Volumes/Data/University/PPMGR/Blender_Mat_Generator_PPMGR/Projects/textures/skin-3_diffuse.jpg,/Volumes/Data/University/PPMGR/Blender_Mat_Generator_PPMGR/Projects/textures
skin-4_diffuse.jpg,/Volumes/Data/University/PPMGR/Blender_Mat_Generator_PPMGR/Projects/textures/skin-4_diffuse.jpg,/Volumes/Data/University/PPMGR/Blender_Mat_Generator_PPMGR/Projects/textures
skin-5_diffuse.jpg,/Volumes/Data/University/PPMGR/Blender_Mat_Generator_PPMGR/Projects/textures/skin-5_diffuse.jpg,/Volumes/Data/University/PPMGR/Blender_Mat_Generator_PPMGR/Projects/textures
skin-6_diffuse.jpg,/Volumes/Data/University/PPMGR/Blender_Mat_Generator_PPMGR/Projects/textures/skin-6_diffuse.jpg,/Volumes/Data/University/PPMGR/Blender_Mat_Generator_PPMGR/Projects/textures
skin-7_diffuse.jpg,/Volumes/Data/University/PPMGR/Blender_Mat_Generator_PPMGR/Projects/textures/skin-7_diffuse.jpg,/Volumes/Data/University/PPMGR/Blender_Mat_Generator_PPMGR/Projects/textures
skin-8_diffuse.jpg,/Volumes/Data/University/PPMGR/Blender_Mat_Generator_PPMGR/Projects/textures/skin-8_diffuse.jpg,/Volumes/Data/University/PPMGR/Blender_Mat_Generator_PPMGR/Projects/textures
skin-9_diffuse.jpg,/Volumes/Data/University/PPMGR/Blender_Mat_Generator_PPMGR/Projects/textures/skin-9_diffuse.jpg,/Volumes/Data/University/PPMGR/Blender_Mat_Generator_PPMGR/Projects/textures
skin_color.jpg,/Volumes/Data/University/PPMGR/Blender_Mat_Generator_PPMGR/Projects/textures/skin_color.jpg,/Volumes/Data/University/PPMGR/Blender_Mat_Generator_PPMGR/Projects/textures
skuffed_scratched_plastic_BaseColor.jpg,/Volumes/Data/University/PPMGR/Blender_Mat_Generator_PPMGR/Projects/textures/skuffed_scratched_plastic_BaseColor.jpg,/Volumes/Data/University/PPMGR/Blender_Mat_Generator_PPMGR/Projects/textures
sky blue plastic_BaseColor.jpg,/Volumes/Data/University/PPMGR/Blender_Mat_Generator_PPMGR/Projects/textures/sky blue plastic_BaseColor.jpg,/Volumes/Data/University/PPMGR/Blender_Mat_Generator_PPMGR/Projects/textures
slab_tiles_diff_8k.jpg,/Volumes/Data/University/PPMGR/Blender_Mat_Generator_PPMGR/Projects/textures/slab_tiles_diff_8k.jpg,/Volumes/Data/University/PPMGR/Blender_Mat_Generator_PPMGR/Projects/textures
slate parquet a_BaseColor.jpg,/Volumes/Data/University/PPMGR/Blender_Mat_Generator_PPMGR/Projects/textures/slate parquet a_BaseColor.jpg,/Volumes/Data/University/PPMGR/Blender_Mat_Generator_PPMGR/Projects/textures
slate parquet b_BaseColor.jpg,/Volumes/Data/University/PPMGR/Blender_Mat_Generator_PPMGR/Projects/textures/slate parquet b_BaseColor.jpg,/Volumes/Data/University/PPMGR/Blender_Mat_Generator_PPMGR/Projects/textures
slate-tiles_diffuse.jpg,/Volumes/Data/University/PPMGR/Blender_Mat_Generator_PPMGR/Projects/textures/slate-tiles_diffuse.jpg,/Volumes/Data/University/PPMGR/Blender_Mat_Generator_PPMGR/Projects/textures
slate_driveway_diff_8k.jpg,/Volumes/Data/University/PPMGR/Blender_Mat_Generator_PPMGR/Projects/textures/slate_driveway_diff_8k.jpg,/Volumes/Data/University/PPMGR/Blender_Mat_Generator_PPMGR/Projects/textures
slate_floor_diff_8k.jpg,/Volumes/Data/University/PPMGR/Blender_Mat_Generator_PPMGR/Projects/textures/slate_floor_diff_8k.jpg,/Volumes/Data/University/PPMGR/Blender_Mat_Generator_PPMGR/Projects/textures
small dot fabric_BaseColor.jpg,/Volumes/Data/University/PPMGR/Blender_Mat_Generator_PPMGR/Projects/textures/small dot fabric_BaseColor.jpg,/Volumes/Data/University/PPMGR/Blender_Mat_Generator_PPMGR/Projects/textures
snake_skin_Base_Color.jpg,/Volumes/Data/University/PPMGR/Blender_Mat_Generator_PPMGR/Projects/textures/snake_skin_Base_Color.jpg,/Volumes/Data/University/PPMGR/Blender_Mat_Generator_PPMGR/Projects/textures
snake_skin_black_and_white_Base_Color.jpg,/Volumes/Data/University/PPMGR/Blender_Mat_Generator_PPMGR/Projects/textures/snake_skin_black_and_white_Base_Color.jpg,/Volumes/Data/University/PPMGR/Blender_Mat_Generator_PPMGR/Projects/textures
snake_skin_brown_Base_Color.jpg,/Volumes/Data/University/PPMGR/Blender_Mat_Generator_PPMGR/Projects/textures/snake_skin_brown_Base_Color.jpg,/Volumes/Data/University/PPMGR/Blender_Mat_Generator_PPMGR/Projects/textures
snow covered pavement_BaseColor.jpg,/Volumes/Data/University/PPMGR/Blender_Mat_Generator_PPMGR/Projects/textures/snow covered pavement_BaseColor.jpg,/Volumes/Data/University/PPMGR/Blender_Mat_Generator_PPMGR/Projects/textures
snow_field_aerial_col_8k.jpg,/Volumes/Data/University/PPMGR/Blender_Mat_Generator_PPMGR/Projects/textures/snow_field_aerial_col_8k.jpg,/Volumes/Data/University/PPMGR/Blender_Mat_Generator_PPMGR/Projects/textures
snowy ground_BaseColor.jpg,/Volumes/Data/University/PPMGR/Blender_Mat_Generator_PPMGR/Projects/textures/snowy ground_BaseColor.jpg,/Volumes/Data/University/PPMGR/Blender_Mat_Generator_PPMGR/Projects/textures
snowyblue path_Albedo.jpg,/Volumes/Data/University/PPMGR/Blender_Mat_Generator_PPMGR/Projects/textures/snowyblue path_Albedo.jpg,/Volumes/Data/University/PPMGR/Blender_Mat_Generator_PPMGR/Projects/textures
soapstone_diffuseOriginal.jpg,/Volumes/Data/University/PPMGR/Blender_Mat_Generator_PPMGR/Projects/textures/soapstone_diffuseOriginal.jpg,/Volumes/Data/University/PPMGR/Blender_Mat_Generator_PPMGR/Projects/textures
soil-10_diffuse.jpg,/Volumes/Data/University/PPMGR/Blender_Mat_Generator_PPMGR/Projects/textures/soil-10_diffuse.jpg,/Volumes/Data/University/PPMGR/Blender_Mat_Generator_PPMGR/Projects/textures
soil-11_diffuse.jpg,/Volumes/Data/University/PPMGR/Blender_Mat_Generator_PPMGR/Projects/textures/soil-11_diffuse.jpg,/Volumes/Data/University/PPMGR/Blender_Mat_Generator_PPMGR/Projects/textures
soil-12_diffuse.jpg,/Volumes/Data/University/PPMGR/Blender_Mat_Generator_PPMGR/Projects/textures/soil-12_diffuse.jpg,/Volumes/Data/University/PPMGR/Blender_Mat_Generator_PPMGR/Projects/textures
soil-13_diffuse.jpg,/Volumes/Data/University/PPMGR/Blender_Mat_Generator_PPMGR/Projects/textures/soil-13_diffuse.jpg,/Volumes/Data/University/PPMGR/Blender_Mat_Generator_PPMGR/Projects/textures
soil-14_diffuse.jpg,/Volumes/Data/University/PPMGR/Blender_Mat_Generator_PPMGR/Projects/textures/soil-14_diffuse.jpg,/Volumes/Data/University/PPMGR/Blender_Mat_Generator_PPMGR/Projects/textures
soil-1_diffuse.jpg,/Volumes/Data/University/PPMGR/Blender_Mat_Generator_PPMGR/Projects/textures/soil-1_diffuse.jpg,/Volumes/Data/University/PPMGR/Blender_Mat_Generator_PPMGR/Projects/textures
soil-2_diffuse.jpg,/Volumes/Data/University/PPMGR/Blender_Mat_Generator_PPMGR/Projects/textures/soil-2_diffuse.jpg,/Volumes/Data/University/PPMGR/Blender_Mat_Generator_PPMGR/Projects/textures
soil-3_diffuse.jpg,/Volumes/Data/University/PPMGR/Blender_Mat_Generator_PPMGR/Projects/textures/soil-3_diffuse.jpg,/Volumes/Data/University/PPMGR/Blender_Mat_Generator_PPMGR/Projects/textures
soil-4_diffuse.jpg,/Volumes/Data/University/PPMGR/Blender_Mat_Generator_PPMGR/Projects/textures/soil-4_diffuse.jpg,/Volumes/Data/University/PPMGR/Blender_Mat_Generator_PPMGR/Projects/textures
soil-5_diffuse.jpg,/Volumes/Data/University/PPMGR/Blender_Mat_Generator_PPMGR/Projects/textures/soil-5_diffuse.jpg,/Volumes/Data/University/PPMGR/Blender_Mat_Generator_PPMGR/Projects/textures
soil-6_diffuse.jpg,/Volumes/Data/University/PPMGR/Blender_Mat_Generator_PPMGR/Projects/textures/soil-6_diffuse.jpg,/Volumes/Data/University/PPMGR/Blender_Mat_Generator_PPMGR/Projects/textures
soil-7_diffuse.jpg,/Volumes/Data/University/PPMGR/Blender_Mat_Generator_PPMGR/Projects/textures/soil-7_diffuse.jpg,/Volumes/Data/University/PPMGR/Blender_Mat_Generator_PPMGR/Projects/textures
soil-8_diffuse.jpg,/Volumes/Data/University/PPMGR/Blender_Mat_Generator_PPMGR/Projects/textures/soil-8_diffuse.jpg,/Volumes/Data/University/PPMGR/Blender_Mat_Generator_PPMGR/Projects/textures
soil-9_diffuse.jpg,/Volumes/Data/University/PPMGR/Blender_Mat_Generator_PPMGR/Projects/textures/soil-9_diffuse.jpg,/Volumes/Data/University/PPMGR/Blender_Mat_Generator_PPMGR/Projects/textures
space-cruiser-panels2_albedo.jpg,/Volumes/Data/University/PPMGR/Blender_Mat_Generator_PPMGR/Projects/textures/space-cruiser-panels2_albedo.jpg,/Volumes/Data/University/PPMGR/Blender_Mat_Generator_PPMGR/Projects/textures
space_color.jpg,/Volumes/Data/University/PPMGR/Blender_Mat_Generator_PPMGR/Projects/textures/space_color.jpg,/Volumes/Data/University/PPMGR/Blender_Mat_Generator_PPMGR/Projects/textures
space_color.jpg.png,/Volumes/Data/University/PPMGR/Blender_Mat_Generator_PPMGR/Projects/textures/space_color.jpg.png,/Volumes/Data/University/PPMGR/Blender_Mat_Generator_PPMGR/Projects/textures
spaceship-panels1-albedo.jpg,/Volumes/Data/University/PPMGR/Blender_Mat_Generator_PPMGR/Projects/textures/spaceship-panels1-albedo.jpg,/Volumes/Data/University/PPMGR/Blender_Mat_Generator_PPMGR/Projects/textures
spaceship-panels1-albedo.jpg.png,/Volumes/Data/University/PPMGR/Blender_Mat_Generator_PPMGR/Projects/textures/spaceship-panels1-albedo.jpg.png,/Volumes/Data/University/PPMGR/Blender_Mat_Generator_PPMGR/Projects/textures
spaceships door_BaseColor.jpg,/Volumes/Data/University/PPMGR/Blender_Mat_Generator_PPMGR/Projects/textures/spaceships door_BaseColor.jpg,/Volumes/Data/University/PPMGR/Blender_Mat_Generator_PPMGR/Projects/textures
spaceships door_BaseColor.jpg.png,/Volumes/Data/University/PPMGR/Blender_Mat_Generator_PPMGR/Projects/textures/spaceships door_BaseColor.jpg.png,/Volumes/Data/University/PPMGR/Blender_Mat_Generator_PPMGR/Projects/textures
spera_material_tst_basecolor.jpg,/Volumes/Data/University/PPMGR/Blender_Mat_Generator_PPMGR/Projects/textures/spera_material_tst_basecolor.jpg,/Volumes/Data/University/PPMGR/Blender_Mat_Generator_PPMGR/Projects/textures
splatteredglitter over perforated pl;astic_BaseColor.jpg,/Volumes/Data/University/PPMGR/Blender_Mat_Generator_PPMGR/Projects/textures/splatteredglitter over perforated pl;astic_BaseColor.jpg,/Volumes/Data/University/PPMGR/Blender_Mat_Generator_PPMGR/Projects/textures
sponge_diffuse.jpg,/Volumes/Data/University/PPMGR/Blender_Mat_Generator_PPMGR/Projects/textures/sponge_diffuse.jpg,/Volumes/Data/University/PPMGR/Blender_Mat_Generator_PPMGR/Projects/textures
sporeColony_COLOR.jpg,/Volumes/Data/University/PPMGR/Blender_Mat_Generator_PPMGR/Projects/textures/sporeColony_COLOR.jpg,/Volumes/Data/University/PPMGR/Blender_Mat_Generator_PPMGR/Projects/textures
sporeColony_NRM.jpg,/Volumes/Data/University/PPMGR/Blender_Mat_Generator_PPMGR/Projects/textures/sporeColony_NRM.jpg,/Volumes/Data/University/PPMGR/Blender_Mat_Generator_PPMGR/Projects/textures
sppinkplastic_BaseColor.jpg,/Volumes/Data/University/PPMGR/Blender_Mat_Generator_PPMGR/Projects/textures/sppinkplastic_BaseColor.jpg,/Volumes/Data/University/PPMGR/Blender_Mat_Generator_PPMGR/Projects/textures
spurple plastic_BaseColor.jpg,/Volumes/Data/University/PPMGR/Blender_Mat_Generator_PPMGR/Projects/textures/spurple plastic_BaseColor.jpg,/Volumes/Data/University/PPMGR/Blender_Mat_Generator_PPMGR/Projects/textures
square basket-basecolor.jpg,/Volumes/Data/University/PPMGR/Blender_Mat_Generator_PPMGR/Projects/textures/square basket-basecolor.jpg,/Volumes/Data/University/PPMGR/Blender_Mat_Generator_PPMGR/Projects/textures
square fabric denim_BaseColor.jpg,/Volumes/Data/University/PPMGR/Blender_Mat_Generator_PPMGR/Projects/textures/square fabric denim_BaseColor.jpg,/Volumes/Data/University/PPMGR/Blender_Mat_Generator_PPMGR/Projects/textures
square_cobblestone_diff_8k.jpg,/Volumes/Data/University/PPMGR/Blender_Mat_Generator_PPMGR/Projects/textures/square_cobblestone_diff_8k.jpg,/Volumes/Data/University/PPMGR/Blender_Mat_Generator_PPMGR/Projects/textures
square_concerete_paving_Dirty_Base_Color.jpg,/Volumes/Data/University/PPMGR/Blender_Mat_Generator_PPMGR/Projects/textures/square_concerete_paving_Dirty_Base_Color.jpg,/Volumes/Data/University/PPMGR/Blender_Mat_Generator_PPMGR/Projects/textures
square_concerete_paving_outdoor_blocks_Base_Color.jpg,/Volumes/Data/University/PPMGR/Blender_Mat_Generator_PPMGR/Projects/textures/square_concerete_paving_outdoor_blocks_Base_Color.jpg,/Volumes/Data/University/PPMGR/Blender_Mat_Generator_PPMGR/Projects/textures
square_concrete_pavers_diff_8k.jpg,/Volumes/Data/University/PPMGR/Blender_Mat_Generator_PPMGR/Projects/textures/square_concrete_pavers_diff_8k.jpg,/Volumes/Data/University/PPMGR/Blender_Mat_Generator_PPMGR/Projects/textures
square_floor_patern_01_diff_8k.jpg,/Volumes/Data/University/PPMGR/Blender_Mat_Generator_PPMGR/Projects/textures/square_floor_patern_01_diff_8k.jpg,/Volumes/Data/University/PPMGR/Blender_Mat_Generator_PPMGR/Projects/textures
square_yellow_offset_tiles_Base_Color.jpg,/Volumes/Data/University/PPMGR/Blender_Mat_Generator_PPMGR/Projects/textures/square_yellow_offset_tiles_Base_Color.jpg,/Volumes/Data/University/PPMGR/Blender_Mat_Generator_PPMGR/Projects/textures
square_yellow_red_random_tiles_Base_Color.jpg,/Volumes/Data/University/PPMGR/Blender_Mat_Generator_PPMGR/Projects/textures/square_yellow_red_random_tiles_Base_Color.jpg,/Volumes/Data/University/PPMGR/Blender_Mat_Generator_PPMGR/Projects/textures
square_yellow_tiles_Base_Color.jpg,/Volumes/Data/University/PPMGR/Blender_Mat_Generator_PPMGR/Projects/textures/square_yellow_tiles_Base_Color.jpg,/Volumes/Data/University/PPMGR/Blender_Mat_Generator_PPMGR/Projects/textures
squre wood parquet_BaseColor.jpg,/Volumes/Data/University/PPMGR/Blender_Mat_Generator_PPMGR/Projects/textures/squre wood parquet_BaseColor.jpg,/Volumes/Data/University/PPMGR/Blender_Mat_Generator_PPMGR/Projects/textures
squre wood_BaseColor.jpg,/Volumes/Data/University/PPMGR/Blender_Mat_Generator_PPMGR/Projects/textures/squre wood_BaseColor.jpg,/Volumes/Data/University/PPMGR/Blender_Mat_Generator_PPMGR/Projects/textures
srip fabric_diffuseOriginal.jpg,/Volumes/Data/University/PPMGR/Blender_Mat_Generator_PPMGR/Projects/textures/srip fabric_diffuseOriginal.jpg,/Volumes/Data/University/PPMGR/Blender_Mat_Generator_PPMGR/Projects/textures
stacked_black_groutless_tiles_Base_Color.jpg,/Volumes/Data/University/PPMGR/Blender_Mat_Generator_PPMGR/Projects/textures/stacked_black_groutless_tiles_Base_Color.jpg,/Volumes/Data/University/PPMGR/Blender_Mat_Generator_PPMGR/Projects/textures
stacked_brown_random_tiles_Base_Color.jpg,/Volumes/Data/University/PPMGR/Blender_Mat_Generator_PPMGR/Projects/textures/stacked_brown_random_tiles_Base_Color.jpg,/Volumes/Data/University/PPMGR/Blender_Mat_Generator_PPMGR/Projects/textures
stacked_brown_square_tiles_Base_Color.jpg,/Volumes/Data/University/PPMGR/Blender_Mat_Generator_PPMGR/Projects/textures/stacked_brown_square_tiles_Base_Color.jpg,/Volumes/Data/University/PPMGR/Blender_Mat_Generator_PPMGR/Projects/textures
stacked_brown_tiles_Base_Color.jpg,/Volumes/Data/University/PPMGR/Blender_Mat_Generator_PPMGR/Projects/textures/stacked_brown_tiles_Base_Color.jpg,/Volumes/Data/University/PPMGR/Blender_Mat_Generator_PPMGR/Projects/textures
stacked_green_random_tiles_Base_Color.jpg,/Volumes/Data/University/PPMGR/Blender_Mat_Generator_PPMGR/Projects/textures/stacked_green_random_tiles_Base_Color.jpg,/Volumes/Data/University/PPMGR/Blender_Mat_Generator_PPMGR/Projects/textures
stacked_green_square_tiles_Base_Color.jpg,/Volumes/Data/University/PPMGR/Blender_Mat_Generator_PPMGR/Projects/textures/stacked_green_square_tiles_Base_Color.jpg,/Volumes/Data/University/PPMGR/Blender_Mat_Generator_PPMGR/Projects/textures
stacked_green_tiles_Base_Color.jpg,/Volumes/Data/University/PPMGR/Blender_Mat_Generator_PPMGR/Projects/textures/stacked_green_tiles_Base_Color.jpg,/Volumes/Data/University/PPMGR/Blender_Mat_Generator_PPMGR/Projects/textures
"standard galvanized steel, ideal for structures_BaseColor.jpg","/Volumes/Data/University/PPMGR/Blender_Mat_Generator_PPMGR/Projects/textures/standard galvanized steel, ideal for structures_BaseColor.jpg",/Volumes/Data/University/PPMGR/Blender_Mat_Generator_PPMGR/Projects/textures
stenen pad juistum_BaseColor.jpg,/Volumes/Data/University/PPMGR/Blender_Mat_Generator_PPMGR/Projects/textures/stenen pad juistum_BaseColor.jpg,/Volumes/Data/University/PPMGR/Blender_Mat_Generator_PPMGR/Projects/textures
ston floor_Diffuse.jpg,/Volumes/Data/University/PPMGR/Blender_Mat_Generator_PPMGR/Projects/textures/ston floor_Diffuse.jpg,/Volumes/Data/University/PPMGR/Blender_Mat_Generator_PPMGR/Projects/textures
stone floor_BaseColor.jpg,/Volumes/Data/University/PPMGR/Blender_Mat_Generator_PPMGR/Projects/textures/stone floor_BaseColor.jpg,/Volumes/Data/University/PPMGR/Blender_Mat_Generator_PPMGR/Projects/textures
stone pavement b_Diffuse.jpg,/Volumes/Data/University/PPMGR/Blender_Mat_Generator_PPMGR/Projects/textures/stone pavement b_Diffuse.jpg,/Volumes/Data/University/PPMGR/Blender_Mat_Generator_PPMGR/Projects/textures
stone pavement e_Diffuse.jpg,/Volumes/Data/University/PPMGR/Blender_Mat_Generator_PPMGR/Projects/textures/stone pavement e_Diffuse.jpg,/Volumes/Data/University/PPMGR/Blender_Mat_Generator_PPMGR/Projects/textures
stone pavement_Diffuse.jpg,/Volumes/Data/University/PPMGR/Blender_Mat_Generator_PPMGR/Projects/textures/stone pavement_Diffuse.jpg,/Volumes/Data/University/PPMGR/Blender_Mat_Generator_PPMGR/Projects/textures
stone snow pavement a_Albedo.jpg,/Volumes/Data/University/PPMGR/Blender_Mat_Generator_PPMGR/Projects/textures/stone snow pavement a_Albedo.jpg,/Volumes/Data/University/PPMGR/Blender_Mat_Generator_PPMGR/Projects/textures
stone snow pavement b_Diffuse.jpg,/Volumes/Data/University/PPMGR/Blender_Mat_Generator_PPMGR/Projects/textures/stone snow pavement b_Diffuse.jpg,/Volumes/Data/University/PPMGR/Blender_Mat_Generator_PPMGR/Projects/textures
stone snow pavement e_Diffuse.jpg,/Volumes/Data/University/PPMGR/Blender_Mat_Generator_PPMGR/Projects/textures/stone snow pavement e_Diffuse.jpg,/Volumes/Data/University/PPMGR/Blender_Mat_Generator_PPMGR/Projects/textures
stone wall three_BaseColor.jpg,/Volumes/Data/University/PPMGR/Blender_Mat_Generator_PPMGR/Projects/textures/stone wall three_BaseColor.jpg,/Volumes/Data/University/PPMGR/Blender_Mat_Generator_PPMGR/Projects/textures
stone-107_diffuse.jpg,/Volumes/Data/University/PPMGR/Blender_Mat_Generator_PPMGR/Projects/textures/stone-107_diffuse.jpg,/Volumes/Data/University/PPMGR/Blender_Mat_Generator_PPMGR/Projects/textures
stone-108_diffuse.jpg,/Volumes/Data/University/PPMGR/Blender_Mat_Generator_PPMGR/Projects/textures/stone-108_diffuse.jpg,/Volumes/Data/University/PPMGR/Blender_Mat_Generator_PPMGR/Projects/textures
stone-109_diffuse.jpg,/Volumes/Data/University/PPMGR/Blender_Mat_Generator_PPMGR/Projects/textures/stone-109_diffuse.jpg,/Volumes/Data/University/PPMGR/Blender_Mat_Generator_PPMGR/Projects/textures
stone-11_diffuse.jpg,/Volumes/Data/University/PPMGR/Blender_Mat_Generator_PPMGR/Projects/textures/stone-11_diffuse.jpg,/Volumes/Data/University/PPMGR/Blender_Mat_Generator_PPMGR/Projects/textures
stone-12_diffuse.jpg,/Volumes/Data/University/PPMGR/Blender_Mat_Generator_PPMGR/Projects/textures/stone-12_diffuse.jpg,/Volumes/Data/University/PPMGR/Blender_Mat_Generator_PPMGR/Projects/textures
stone-13_diffuse.jpg,/Volumes/Data/University/PPMGR/Blender_Mat_Generator_PPMGR/Projects/textures/stone-13_diffuse.jpg,/Volumes/Data/University/PPMGR/Blender_Mat_Generator_PPMGR/Projects/textures
stone-14_diffuse.jpg,/Volumes/Data/University/PPMGR/Blender_Mat_Generator_PPMGR/Projects/textures/stone-14_diffuse.jpg,/Volumes/Data/University/PPMGR/Blender_Mat_Generator_PPMGR/Projects/textures
stone-15_diffuse.jpg,/Volumes/Data/University/PPMGR/Blender_Mat_Generator_PPMGR/Projects/textures/stone-15_diffuse.jpg,/Volumes/Data/University/PPMGR/Blender_Mat_Generator_PPMGR/Projects/textures
stone-16_diffuse.jpg,/Volumes/Data/University/PPMGR/Blender_Mat_Generator_PPMGR/Projects/textures/stone-16_diffuse.jpg,/Volumes/Data/University/PPMGR/Blender_Mat_Generator_PPMGR/Projects/textures
stone-17_diffuse.jpg,/Volumes/Data/University/PPMGR/Blender_Mat_Generator_PPMGR/Projects/textures/stone-17_diffuse.jpg,/Volumes/Data/University/PPMGR/Blender_Mat_Generator_PPMGR/Projects/textures
stone-18_diffuse.jpg,/Volumes/Data/University/PPMGR/Blender_Mat_Generator_PPMGR/Projects/textures/stone-18_diffuse.jpg,/Volumes/Data/University/PPMGR/Blender_Mat_Generator_PPMGR/Projects/textures
stone-19_diffuse.jpg,/Volumes/Data/University/PPMGR/Blender_Mat_Generator_PPMGR/Projects/textures/stone-19_diffuse.jpg,/Volumes/Data/University/PPMGR/Blender_Mat_Generator_PPMGR/Projects/textures
stone-1_diffuse.jpg,/Volumes/Data/University/PPMGR/Blender_Mat_Generator_PPMGR/Projects/textures/stone-1_diffuse.jpg,/Volumes/Data/University/PPMGR/Blender_Mat_Generator_PPMGR/Projects/textures
stone-20_diffuse.jpg,/Volumes/Data/University/PPMGR/Blender_Mat_Generator_PPMGR/Projects/textures/stone-20_diffuse.jpg,/Volumes/Data/University/PPMGR/Blender_Mat_Generator_PPMGR/Projects/textures
stone-21_diffuse.jpg,/Volumes/Data/University/PPMGR/Blender_Mat_Generator_PPMGR/Projects/textures/stone-21_diffuse.jpg,/Volumes/Data/University/PPMGR/Blender_Mat_Generator_PPMGR/Projects/textures
stone-22_diffuse.jpg,/Volumes/Data/University/PPMGR/Blender_Mat_Generator_PPMGR/Projects/textures/stone-22_diffuse.jpg,/Volumes/Data/University/PPMGR/Blender_Mat_Generator_PPMGR/Projects/textures
stone-24_diffuse.jpg,/Volumes/Data/University/PPMGR/Blender_Mat_Generator_PPMGR/Projects/textures/stone-24_diffuse.jpg,/Volumes/Data/University/PPMGR/Blender_Mat_Generator_PPMGR/Projects/textures
stone-25_diffuse.jpg,/Volumes/Data/University/PPMGR/Blender_Mat_Generator_PPMGR/Projects/textures/stone-25_diffuse.jpg,/Volumes/Data/University/PPMGR/Blender_Mat_Generator_PPMGR/Projects/textures
stone-26_diffuse.jpg,/Volumes/Data/University/PPMGR/Blender_Mat_Generator_PPMGR/Projects/textures/stone-26_diffuse.jpg,/Volumes/Data/University/PPMGR/Blender_Mat_Generator_PPMGR/Projects/textures
stone-27_diffuse.jpg,/Volumes/Data/University/PPMGR/Blender_Mat_Generator_PPMGR/Projects/textures/stone-27_diffuse.jpg,/Volumes/Data/University/PPMGR/Blender_Mat_Generator_PPMGR/Projects/textures
stone-28_diffuse.jpg,/Volumes/Data/University/PPMGR/Blender_Mat_Generator_PPMGR/Projects/textures/stone-28_diffuse.jpg,/Volumes/Data/University/PPMGR/Blender_Mat_Generator_PPMGR/Projects/textures
stone-29_diffuse.jpg,/Volumes/Data/University/PPMGR/Blender_Mat_Generator_PPMGR/Projects/textures/stone-29_diffuse.jpg,/Volumes/Data/University/PPMGR/Blender_Mat_Generator_PPMGR/Projects/textures
stone-2_diffuse.jpg,/Volumes/Data/University/PPMGR/Blender_Mat_Generator_PPMGR/Projects/textures/stone-2_diffuse.jpg,/Volumes/Data/University/PPMGR/Blender_Mat_Generator_PPMGR/Projects/textures
stone-30_diffuse.jpg,/Volumes/Data/University/PPMGR/Blender_Mat_Generator_PPMGR/Projects/textures/stone-30_diffuse.jpg,/Volumes/Data/University/PPMGR/Blender_Mat_Generator_PPMGR/Projects/textures
stone-31_diffuse.jpg,/Volumes/Data/University/PPMGR/Blender_Mat_Generator_PPMGR/Projects/textures/stone-31_diffuse.jpg,/Volumes/Data/University/PPMGR/Blender_Mat_Generator_PPMGR/Projects/textures
stone-32_diffuse.jpg,/Volumes/Data/University/PPMGR/Blender_Mat_Generator_PPMGR/Projects/textures/stone-32_diffuse.jpg,/Volumes/Data/University/PPMGR/Blender_Mat_Generator_PPMGR/Projects/textures
stone-33_diffuse.jpg,/Volumes/Data/University/PPMGR/Blender_Mat_Generator_PPMGR/Projects/textures/stone-33_diffuse.jpg,/Volumes/Data/University/PPMGR/Blender_Mat_Generator_PPMGR/Projects/textures
stone-34_diffuse.jpg,/Volumes/Data/University/PPMGR/Blender_Mat_Generator_PPMGR/Projects/textures/stone-34_diffuse.jpg,/Volumes/Data/University/PPMGR/Blender_Mat_Generator_PPMGR/Projects/textures
stone-35_diffuse.jpg,/Volumes/Data/University/PPMGR/Blender_Mat_Generator_PPMGR/Projects/textures/stone-35_diffuse.jpg,/Volumes/Data/University/PPMGR/Blender_Mat_Generator_PPMGR/Projects/textures
stone-36_diffuse.jpg,/Volumes/Data/University/PPMGR/Blender_Mat_Generator_PPMGR/Projects/textures/stone-36_diffuse.jpg,/Volumes/Data/University/PPMGR/Blender_Mat_Generator_PPMGR/Projects/textures
stone-37_diffuse.jpg,/Volumes/Data/University/PPMGR/Blender_Mat_Generator_PPMGR/Projects/textures/stone-37_diffuse.jpg,/Volumes/Data/University/PPMGR/Blender_Mat_Generator_PPMGR/Projects/textures
stone-38_diffuse.jpg,/Volumes/Data/University/PPMGR/Blender_Mat_Generator_PPMGR/Projects/textures/stone-38_diffuse.jpg,/Volumes/Data/University/PPMGR/Blender_Mat_Generator_PPMGR/Projects/textures
stone-39_diffuse.jpg,/Volumes/Data/University/PPMGR/Blender_Mat_Generator_PPMGR/Projects/textures/stone-39_diffuse.jpg,/Volumes/Data/University/PPMGR/Blender_Mat_Generator_PPMGR/Projects/textures
stone-3_diffuse.jpg,/Volumes/Data/University/PPMGR/Blender_Mat_Generator_PPMGR/Projects/textures/stone-3_diffuse.jpg,/Volumes/Data/University/PPMGR/Blender_Mat_Generator_PPMGR/Projects/textures
stone-40_diffuse.jpg,/Volumes/Data/University/PPMGR/Blender_Mat_Generator_PPMGR/Projects/textures/stone-40_diffuse.jpg,/Volumes/Data/University/PPMGR/Blender_Mat_Generator_PPMGR/Projects/textures
stone-41_diffuse.jpg,/Volumes/Data/University/PPMGR/Blender_Mat_Generator_PPMGR/Projects/textures/stone-41_diffuse.jpg,/Volumes/Data/University/PPMGR/Blender_Mat_Generator_PPMGR/Projects/textures
stone-42_diffuse.jpg,/Volumes/Data/University/PPMGR/Blender_Mat_Generator_PPMGR/Projects/textures/stone-42_diffuse.jpg,/Volumes/Data/University/PPMGR/Blender_Mat_Generator_PPMGR/Projects/textures
stone-44_diffuse.jpg,/Volumes/Data/University/PPMGR/Blender_Mat_Generator_PPMGR/Projects/textures/stone-44_diffuse.jpg,/Volumes/Data/University/PPMGR/Blender_Mat_Generator_PPMGR/Projects/textures
stone-45_diffuse.jpg,/Volumes/Data/University/PPMGR/Blender_Mat_Generator_PPMGR/Projects/textures/stone-45_diffuse.jpg,/Volumes/Data/University/PPMGR/Blender_Mat_Generator_PPMGR/Projects/textures
stone-46_diffuse.jpg,/Volumes/Data/University/PPMGR/Blender_Mat_Generator_PPMGR/Projects/textures/stone-46_diffuse.jpg,/Volumes/Data/University/PPMGR/Blender_Mat_Generator_PPMGR/Projects/textures
stone-47_diffuse.jpg,/Volumes/Data/University/PPMGR/Blender_Mat_Generator_PPMGR/Projects/textures/stone-47_diffuse.jpg,/Volumes/Data/University/PPMGR/Blender_Mat_Generator_PPMGR/Projects/textures
stone-48_diffuse.jpg,/Volumes/Data/University/PPMGR/Blender_Mat_Generator_PPMGR/Projects/textures/stone-48_diffuse.jpg,/Volumes/Data/University/PPMGR/Blender_Mat_Generator_PPMGR/Projects/textures
stone-49_diffuse.jpg,/Volumes/Data/University/PPMGR/Blender_Mat_Generator_PPMGR/Projects/textures/stone-49_diffuse.jpg,/Volumes/Data/University/PPMGR/Blender_Mat_Generator_PPMGR/Projects/textures
stone-4_diffuse.jpg,/Volumes/Data/University/PPMGR/Blender_Mat_Generator_PPMGR/Projects/textures/stone-4_diffuse.jpg,/Volumes/Data/University/PPMGR/Blender_Mat_Generator_PPMGR/Projects/textures
stone-50_diffuse.jpg,/Volumes/Data/University/PPMGR/Blender_Mat_Generator_PPMGR/Projects/textures/stone-50_diffuse.jpg,/Volumes/Data/University/PPMGR/Blender_Mat_Generator_PPMGR/Projects/textures
stone-51_diffuse.jpg,/Volumes/Data/University/PPMGR/Blender_Mat_Generator_PPMGR/Projects/textures/stone-51_diffuse.jpg,/Volumes/Data/University/PPMGR/Blender_Mat_Generator_PPMGR/Projects/textures
stone-52_diffuse.jpg,/Volumes/Data/University/PPMGR/Blender_Mat_Generator_PPMGR/Projects/textures/stone-52_diffuse.jpg,/Volumes/Data/University/PPMGR/Blender_Mat_Generator_PPMGR/Projects/textures
stone-53_diffuse.jpg,/Volumes/Data/University/PPMGR/Blender_Mat_Generator_PPMGR/Projects/textures/stone-53_diffuse.jpg,/Volumes/Data/University/PPMGR/Blender_Mat_Generator_PPMGR/Projects/textures
stone-54_diffuse.jpg,/Volumes/Data/University/PPMGR/Blender_Mat_Generator_PPMGR/Projects/textures/stone-54_diffuse.jpg,/Volumes/Data/University/PPMGR/Blender_Mat_Generator_PPMGR/Projects/textures
stone-55_diffuse.jpg,/Volumes/Data/University/PPMGR/Blender_Mat_Generator_PPMGR/Projects/textures/stone-55_diffuse.jpg,/Volumes/Data/University/PPMGR/Blender_Mat_Generator_PPMGR/Projects/textures
stone-56_diffuse.jpg,/Volumes/Data/University/PPMGR/Blender_Mat_Generator_PPMGR/Projects/textures/stone-56_diffuse.jpg,/Volumes/Data/University/PPMGR/Blender_Mat_Generator_PPMGR/Projects/textures
stone-57_diffuse.jpg,/Volumes/Data/University/PPMGR/Blender_Mat_Generator_PPMGR/Projects/textures/stone-57_diffuse.jpg,/Volumes/Data/University/PPMGR/Blender_Mat_Generator_PPMGR/Projects/textures
stone-58_diffuse.jpg,/Volumes/Data/University/PPMGR/Blender_Mat_Generator_PPMGR/Projects/textures/stone-58_diffuse.jpg,/Volumes/Data/University/PPMGR/Blender_Mat_Generator_PPMGR/Projects/textures
stone-59_diffuse.jpg,/Volumes/Data/University/PPMGR/Blender_Mat_Generator_PPMGR/Projects/textures/stone-59_diffuse.jpg,/Volumes/Data/University/PPMGR/Blender_Mat_Generator_PPMGR/Projects/textures
stone-5_diffuse.jpg,/Volumes/Data/University/PPMGR/Blender_Mat_Generator_PPMGR/Projects/textures/stone-5_diffuse.jpg,/Volumes/Data/University/PPMGR/Blender_Mat_Generator_PPMGR/Projects/textures
stone-60_diffuse.jpg,/Volumes/Data/University/PPMGR/Blender_Mat_Generator_PPMGR/Projects/textures/stone-60_diffuse.jpg,/Volumes/Data/University/PPMGR/Blender_Mat_Generator_PPMGR/Projects/textures
stone-61_diffuse.jpg,/Volumes/Data/University/PPMGR/Blender_Mat_Generator_PPMGR/Projects/textures/stone-61_diffuse.jpg,/Volumes/Data/University/PPMGR/Blender_Mat_Generator_PPMGR/Projects/textures
stone-62_diffuse.jpg,/Volumes/Data/University/PPMGR/Blender_Mat_Generator_PPMGR/Projects/textures/stone-62_diffuse.jpg,/Volumes/Data/University/PPMGR/Blender_Mat_Generator_PPMGR/Projects/textures
stone-63_diffuse.jpg,/Volumes/Data/University/PPMGR/Blender_Mat_Generator_PPMGR/Projects/textures/stone-63_diffuse.jpg,/Volumes/Data/University/PPMGR/Blender_Mat_Generator_PPMGR/Projects/textures
stone-64_diffuse.jpg,/Volumes/Data/University/PPMGR/Blender_Mat_Generator_PPMGR/Projects/textures/stone-64_diffuse.jpg,/Volumes/Data/University/PPMGR/Blender_Mat_Generator_PPMGR/Projects/textures
stone-65_diffuse.jpg,/Volumes/Data/University/PPMGR/Blender_Mat_Generator_PPMGR/Projects/textures/stone-65_diffuse.jpg,/Volumes/Data/University/PPMGR/Blender_Mat_Generator_PPMGR/Projects/textures
stone-66_diffuse.jpg,/Volumes/Data/University/PPMGR/Blender_Mat_Generator_PPMGR/Projects/textures/stone-66_diffuse.jpg,/Volumes/Data/University/PPMGR/Blender_Mat_Generator_PPMGR/Projects/textures
stone-67_diffuse.jpg,/Volumes/Data/University/PPMGR/Blender_Mat_Generator_PPMGR/Projects/textures/stone-67_diffuse.jpg,/Volumes/Data/University/PPMGR/Blender_Mat_Generator_PPMGR/Projects/textures
stone-68_diffuse.jpg,/Volumes/Data/University/PPMGR/Blender_Mat_Generator_PPMGR/Projects/textures/stone-68_diffuse.jpg,/Volumes/Data/University/PPMGR/Blender_Mat_Generator_PPMGR/Projects/textures
stone-6_diffuse.jpg,/Volumes/Data/University/PPMGR/Blender_Mat_Generator_PPMGR/Projects/textures/stone-6_diffuse.jpg,/Volumes/Data/University/PPMGR/Blender_Mat_Generator_PPMGR/Projects/textures
stone-70_diffuse.jpg,/Volumes/Data/University/PPMGR/Blender_Mat_Generator_PPMGR/Projects/textures/stone-70_diffuse.jpg,/Volumes/Data/University/PPMGR/Blender_Mat_Generator_PPMGR/Projects/textures
stone-71_diffuse.jpg,/Volumes/Data/University/PPMGR/Blender_Mat_Generator_PPMGR/Projects/textures/stone-71_diffuse.jpg,/Volumes/Data/University/PPMGR/Blender_Mat_Generator_PPMGR/Projects/textures
stone-72_diffuse.jpg,/Volumes/Data/University/PPMGR/Blender_Mat_Generator_PPMGR/Projects/textures/stone-72_diffuse.jpg,/Volumes/Data/University/PPMGR/Blender_Mat_Generator_PPMGR/Projects/textures
stone-73_diffuse.jpg,/Volumes/Data/University/PPMGR/Blender_Mat_Generator_PPMGR/Projects/textures/stone-73_diffuse.jpg,/Volumes/Data/University/PPMGR/Blender_Mat_Generator_PPMGR/Projects/textures
stone-74_diffuse.jpg,/Volumes/Data/University/PPMGR/Blender_Mat_Generator_PPMGR/Projects/textures/stone-74_diffuse.jpg,/Volumes/Data/University/PPMGR/Blender_Mat_Generator_PPMGR/Projects/textures
stone-75_diffuse.jpg,/Volumes/Data/University/PPMGR/Blender_Mat_Generator_PPMGR/Projects/textures/stone-75_diffuse.jpg,/Volumes/Data/University/PPMGR/Blender_Mat_Generator_PPMGR/Projects/textures
stone-76_diffuse.jpg,/Volumes/Data/University/PPMGR/Blender_Mat_Generator_PPMGR/Projects/textures/stone-76_diffuse.jpg,/Volumes/Data/University/PPMGR/Blender_Mat_Generator_PPMGR/Projects/textures
stone-77_diffuse.jpg,/Volumes/Data/University/PPMGR/Blender_Mat_Generator_PPMGR/Projects/textures/stone-77_diffuse.jpg,/Volumes/Data/University/PPMGR/Blender_Mat_Generator_PPMGR/Projects/textures
stone-78_diffuse.jpg,/Volumes/Data/University/PPMGR/Blender_Mat_Generator_PPMGR/Projects/textures/stone-78_diffuse.jpg,/Volumes/Data/University/PPMGR/Blender_Mat_Generator_PPMGR/Projects/textures
stone-79_diffuse.jpg,/Volumes/Data/University/PPMGR/Blender_Mat_Generator_PPMGR/Projects/textures/stone-79_diffuse.jpg,/Volumes/Data/University/PPMGR/Blender_Mat_Generator_PPMGR/Projects/textures
stone-80_diffuse.jpg,/Volumes/Data/University/PPMGR/Blender_Mat_Generator_PPMGR/Projects/textures/stone-80_diffuse.jpg,/Volumes/Data/University/PPMGR/Blender_Mat_Generator_PPMGR/Projects/textures
stone-81_diffuse.jpg,/Volumes/Data/University/PPMGR/Blender_Mat_Generator_PPMGR/Projects/textures/stone-81_diffuse.jpg,/Volumes/Data/University/PPMGR/Blender_Mat_Generator_PPMGR/Projects/textures
stone-82_diffuse.jpg,/Volumes/Data/University/PPMGR/Blender_Mat_Generator_PPMGR/Projects/textures/stone-82_diffuse.jpg,/Volumes/Data/University/PPMGR/Blender_Mat_Generator_PPMGR/Projects/textures
stone-83_diffuse.jpg,/Volumes/Data/University/PPMGR/Blender_Mat_Generator_PPMGR/Projects/textures/stone-83_diffuse.jpg,/Volumes/Data/University/PPMGR/Blender_Mat_Generator_PPMGR/Projects/textures
stone-84_diffuse.jpg,/Volumes/Data/University/PPMGR/Blender_Mat_Generator_PPMGR/Projects/textures/stone-84_diffuse.jpg,/Volumes/Data/University/PPMGR/Blender_Mat_Generator_PPMGR/Projects/textures
stone-85_diffuse.jpg,/Volumes/Data/University/PPMGR/Blender_Mat_Generator_PPMGR/Projects/textures/stone-85_diffuse.jpg,/Volumes/Data/University/PPMGR/Blender_Mat_Generator_PPMGR/Projects/textures
stone-87_diffuse.jpg,/Volumes/Data/University/PPMGR/Blender_Mat_Generator_PPMGR/Projects/textures/stone-87_diffuse.jpg,/Volumes/Data/University/PPMGR/Blender_Mat_Generator_PPMGR/Projects/textures
stone-88_diffuse.jpg,/Volumes/Data/University/PPMGR/Blender_Mat_Generator_PPMGR/Projects/textures/stone-88_diffuse.jpg,/Volumes/Data/University/PPMGR/Blender_Mat_Generator_PPMGR/Projects/textures
stone-89_diffuse.jpg,/Volumes/Data/University/PPMGR/Blender_Mat_Generator_PPMGR/Projects/textures/stone-89_diffuse.jpg,/Volumes/Data/University/PPMGR/Blender_Mat_Generator_PPMGR/Projects/textures
stone-8_diffuse.jpg,/Volumes/Data/University/PPMGR/Blender_Mat_Generator_PPMGR/Projects/textures/stone-8_diffuse.jpg,/Volumes/Data/University/PPMGR/Blender_Mat_Generator_PPMGR/Projects/textures
stone-90_diffuse.jpg,/Volumes/Data/University/PPMGR/Blender_Mat_Generator_PPMGR/Projects/textures/stone-90_diffuse.jpg,/Volumes/Data/University/PPMGR/Blender_Mat_Generator_PPMGR/Projects/textures
stone-91_diffuse.jpg,/Volumes/Data/University/PPMGR/Blender_Mat_Generator_PPMGR/Projects/textures/stone-91_diffuse.jpg,/Volumes/Data/University/PPMGR/Blender_Mat_Generator_PPMGR/Projects/textures
stone-92_diffuse.jpg,/Volumes/Data/University/PPMGR/Blender_Mat_Generator_PPMGR/Projects/textures/stone-92_diffuse.jpg,/Volumes/Data/University/PPMGR/Blender_Mat_Generator_PPMGR/Projects/textures
stone-93_diffuse.jpg,/Volumes/Data/University/PPMGR/Blender_Mat_Generator_PPMGR/Projects/textures/stone-93_diffuse.jpg,/Volumes/Data/University/PPMGR/Blender_Mat_Generator_PPMGR/Projects/textures
stone-94_diffuse.jpg,/Volumes/Data/University/PPMGR/Blender_Mat_Generator_PPMGR/Projects/textures/stone-94_diffuse.jpg,/Volumes/Data/University/PPMGR/Blender_Mat_Generator_PPMGR/Projects/textures
stone-95_diffuse.jpg,/Volumes/Data/University/PPMGR/Blender_Mat_Generator_PPMGR/Projects/textures/stone-95_diffuse.jpg,/Volumes/Data/University/PPMGR/Blender_Mat_Generator_PPMGR/Projects/textures
stone-96_diffuse.jpg,/Volumes/Data/University/PPMGR/Blender_Mat_Generator_PPMGR/Projects/textures/stone-96_diffuse.jpg,/Volumes/Data/University/PPMGR/Blender_Mat_Generator_PPMGR/Projects/textures
stone-9_diffuse.jpg,/Volumes/Data/University/PPMGR/Blender_Mat_Generator_PPMGR/Projects/textures/stone-9_diffuse.jpg,/Volumes/Data/University/PPMGR/Blender_Mat_Generator_PPMGR/Projects/textures
stone-carving_diffuse.jpg,/Volumes/Data/University/PPMGR/Blender_Mat_Generator_PPMGR/Projects/textures/stone-carving_diffuse.jpg,/Volumes/Data/University/PPMGR/Blender_Mat_Generator_PPMGR/Projects/textures
stone_4K_Color.jpg,/Volumes/Data/University/PPMGR/Blender_Mat_Generator_PPMGR/Projects/textures/stone_4K_Color.jpg,/Volumes/Data/University/PPMGR/Blender_Mat_Generator_PPMGR/Projects/textures
stone_color_2k.jpg,/Volumes/Data/University/PPMGR/Blender_Mat_Generator_PPMGR/Projects/textures/stone_color_2k.jpg,/Volumes/Data/University/PPMGR/Blender_Mat_Generator_PPMGR/Projects/textures
stone_embedded_concrete_diff_8k.jpg,/Volumes/Data/University/PPMGR/Blender_Mat_Generator_PPMGR/Projects/textures/stone_embedded_concrete_diff_8k.jpg,/Volumes/Data/University/PPMGR/Blender_Mat_Generator_PPMGR/Projects/textures
stone_floor_diff_8k.jpg,/Volumes/Data/University/PPMGR/Blender_Mat_Generator_PPMGR/Projects/textures/stone_floor_diff_8k.jpg,/Volumes/Data/University/PPMGR/Blender_Mat_Generator_PPMGR/Projects/textures
stone_pathway_diff_8k.jpg,/Volumes/Data/University/PPMGR/Blender_Mat_Generator_PPMGR/Projects/textures/stone_pathway_diff_8k.jpg,/Volumes/Data/University/PPMGR/Blender_Mat_Generator_PPMGR/Projects/textures
stone_paviment.jpg,/Volumes/Data/University/PPMGR/Blender_Mat_Generator_PPMGR/Projects/textures/stone_paviment.jpg,/Volumes/Data/University/PPMGR/Blender_Mat_Generator_PPMGR/Projects/textures
stone_tiles_03_diff_8k.jpg,/Volumes/Data/University/PPMGR/Blender_Mat_Generator_PPMGR/Projects/textures/stone_tiles_03_diff_8k.jpg,/Volumes/Data/University/PPMGR/Blender_Mat_Generator_PPMGR/Projects/textures
stone_tiles_diff_8k.jpg,/Volumes/Data/University/PPMGR/Blender_Mat_Generator_PPMGR/Projects/textures/stone_tiles_diff_8k.jpg,/Volumes/Data/University/PPMGR/Blender_Mat_Generator_PPMGR/Projects/textures
stone_trimsheet_basecolor.jpg,/Volumes/Data/University/PPMGR/Blender_Mat_Generator_PPMGR/Projects/textures/stone_trimsheet_basecolor.jpg,/Volumes/Data/University/PPMGR/Blender_Mat_Generator_PPMGR/Projects/textures
stone_wall_01_color.jpg,/Volumes/Data/University/PPMGR/Blender_Mat_Generator_PPMGR/Projects/textures/stone_wall_01_color.jpg,/Volumes/Data/University/PPMGR/Blender_Mat_Generator_PPMGR/Projects/textures
stone_wall_02_diff_8k.jpg,/Volumes/Data/University/PPMGR/Blender_Mat_Generator_PPMGR/Projects/textures/stone_wall_02_diff_8k.jpg,/Volumes/Data/University/PPMGR/Blender_Mat_Generator_PPMGR/Projects/textures
stone_wall_03_color.jpg,/Volumes/Data/University/PPMGR/Blender_Mat_Generator_PPMGR/Projects/textures/stone_wall_03_color.jpg,/Volumes/Data/University/PPMGR/Blender_Mat_Generator_PPMGR/Projects/textures
stone_wall_03_diff_8k.jpg,/Volumes/Data/University/PPMGR/Blender_Mat_Generator_PPMGR/Projects/textures/stone_wall_03_diff_8k.jpg,/Volumes/Data/University/PPMGR/Blender_Mat_Generator_PPMGR/Projects/textures
stone_wall_middle_eastern_pattern_diffuse_texture__15fc5365-f5cf-4edd-bfa9-e5a9fe0cf786.jpg,/Volumes/Data/University/PPMGR/Blender_Mat_Generator_PPMGR/Projects/textures/stone_wall_middle_eastern_pattern_diffuse_texture__15fc5365-f5cf-4edd-bfa9-e5a9fe0cf786.jpg,/Volumes/Data/University/PPMGR/Blender_Mat_Generator_PPMGR/Projects/textures
stone_wall_middle_eastern_pattern_diffuse_texture__15fc5365.002.jpg,/Volumes/Data/University/PPMGR/Blender_Mat_Generator_PPMGR/Projects/textures/stone_wall_middle_eastern_pattern_diffuse_texture__15fc5365.002.jpg,/Volumes/Data/University/PPMGR/Blender_Mat_Generator_PPMGR/Projects/textures
stone_wall_middle_eastern_pattern_diffuse_texture__15fc5365.jpg,/Volumes/Data/University/PPMGR/Blender_Mat_Generator_PPMGR/Projects/textures/stone_wall_middle_eastern_pattern_diffuse_texture__15fc5365.jpg,/Volumes/Data/University/PPMGR/Blender_Mat_Generator_PPMGR/Projects/textures
stone_wall_middle_eastern_pattern_diffuse_texture__15fc5365_hei.jpg,/Volumes/Data/University/PPMGR/Blender_Mat_Generator_PPMGR/Projects/textures/stone_wall_middle_eastern_pattern_diffuse_texture__15fc5365_hei.jpg,/Volumes/Data/University/PPMGR/Blender_Mat_Generator_PPMGR/Projects/textures
stonewall-sd-v5_basecolor.jpg,/Volumes/Data/University/PPMGR/Blender_Mat_Generator_PPMGR/Projects/textures/stonewall-sd-v5_basecolor.jpg,/Volumes/Data/University/PPMGR/Blender_Mat_Generator_PPMGR/Projects/textures
stony_dirt_path_diff_8k.jpg,/Volumes/Data/University/PPMGR/Blender_Mat_Generator_PPMGR/Projects/textures/stony_dirt_path_diff_8k.jpg,/Volumes/Data/University/PPMGR/Blender_Mat_Generator_PPMGR/Projects/textures
straberry_diffuseOriginal.jpg,/Volumes/Data/University/PPMGR/Blender_Mat_Generator_PPMGR/Projects/textures/straberry_diffuseOriginal.jpg,/Volumes/Data/University/PPMGR/Blender_Mat_Generator_PPMGR/Projects/textures
straw fabric denim yellow_BaseColor.jpg,/Volumes/Data/University/PPMGR/Blender_Mat_Generator_PPMGR/Projects/textures/straw fabric denim yellow_BaseColor.jpg,/Volumes/Data/University/PPMGR/Blender_Mat_Generator_PPMGR/Projects/textures
straw fabric denim_BaseColor.jpg,/Volumes/Data/University/PPMGR/Blender_Mat_Generator_PPMGR/Projects/textures/straw fabric denim_BaseColor.jpg,/Volumes/Data/University/PPMGR/Blender_Mat_Generator_PPMGR/Projects/textures
straw gray white dot  tiles_BaseColor.jpg,/Volumes/Data/University/PPMGR/Blender_Mat_Generator_PPMGR/Projects/textures/straw gray white dot  tiles_BaseColor.jpg,/Volumes/Data/University/PPMGR/Blender_Mat_Generator_PPMGR/Projects/textures
strip thin fabric_BaseColor.jpg,/Volumes/Data/University/PPMGR/Blender_Mat_Generator_PPMGR/Projects/textures/strip thin fabric_BaseColor.jpg,/Volumes/Data/University/PPMGR/Blender_Mat_Generator_PPMGR/Projects/textures
stripe_concerete_tiles_color.jpg,/Volumes/Data/University/PPMGR/Blender_Mat_Generator_PPMGR/Projects/textures/stripe_concerete_tiles_color.jpg,/Volumes/Data/University/PPMGR/Blender_Mat_Generator_PPMGR/Projects/textures
stygianOre_COLOR.jpg,/Volumes/Data/University/PPMGR/Blender_Mat_Generator_PPMGR/Projects/textures/stygianOre_COLOR.jpg,/Volumes/Data/University/PPMGR/Blender_Mat_Generator_PPMGR/Projects/textures
stylish_ancient_tiles_checker_Base_Color.jpg,/Volumes/Data/University/PPMGR/Blender_Mat_Generator_PPMGR/Projects/textures/stylish_ancient_tiles_checker_Base_Color.jpg,/Volumes/Data/University/PPMGR/Blender_Mat_Generator_PPMGR/Projects/textures
stylish_ancient_tiles_mix_Base_Color.jpg,/Volumes/Data/University/PPMGR/Blender_Mat_Generator_PPMGR/Projects/textures/stylish_ancient_tiles_mix_Base_Color.jpg,/Volumes/Data/University/PPMGR/Blender_Mat_Generator_PPMGR/Projects/textures
stylize wall_Diffuse.jpg,/Volumes/Data/University/PPMGR/Blender_Mat_Generator_PPMGR/Projects/textures/stylize wall_Diffuse.jpg,/Volumes/Data/University/PPMGR/Blender_Mat_Generator_PPMGR/Projects/textures
stylizedQuirkyWall_a01_BaseColor.jpg,/Volumes/Data/University/PPMGR/Blender_Mat_Generator_PPMGR/Projects/textures/stylizedQuirkyWall_a01_BaseColor.jpg,/Volumes/Data/University/PPMGR/Blender_Mat_Generator_PPMGR/Projects/textures
stylizedScales_color.jpg,/Volumes/Data/University/PPMGR/Blender_Mat_Generator_PPMGR/Projects/textures/stylizedScales_color.jpg,/Volumes/Data/University/PPMGR/Blender_Mat_Generator_PPMGR/Projects/textures
stylized_Ice_Base_Color.jpg,/Volumes/Data/University/PPMGR/Blender_Mat_Generator_PPMGR/Projects/textures/stylized_Ice_Base_Color.jpg,/Volumes/Data/University/PPMGR/Blender_Mat_Generator_PPMGR/Projects/textures
styrofoam_color.jpg,/Volumes/Data/University/PPMGR/Blender_Mat_Generator_PPMGR/Projects/textures/styrofoam_color.jpg,/Volumes/Data/University/PPMGR/Blender_Mat_Generator_PPMGR/Projects/textures
sulfurWasteland_COLOR.jpg,/Volumes/Data/University/PPMGR/Blender_Mat_Generator_PPMGR/Projects/textures/sulfurWasteland_COLOR.jpg,/Volumes/Data/University/PPMGR/Blender_Mat_Generator_PPMGR/Projects/textures
sumaira_Diffuse.jpg,/Volumes/Data/University/PPMGR/Blender_Mat_Generator_PPMGR/Projects/textures/sumaira_Diffuse.jpg,/Volumes/Data/University/PPMGR/Blender_Mat_Generator_PPMGR/Projects/textures
supersize buclé-diffuse.jpg,/Volumes/Data/University/PPMGR/Blender_Mat_Generator_PPMGR/Projects/textures/supersize buclé-diffuse.jpg,/Volumes/Data/University/PPMGR/Blender_Mat_Generator_PPMGR/Projects/textures
sweet-dessert-seamless-pattern_1639-43847.jpg,/Volumes/Data/University/PPMGR/Blender_Mat_Generator_PPMGR/Projects/textures/sweet-dessert-seamless-pattern_1639-43847.jpg,/Volumes/Data/University/PPMGR/Blender_Mat_Generator_PPMGR/Projects/textures
synthetic_wood_diff_8k.jpg,/Volumes/Data/University/PPMGR/Blender_Mat_Generator_PPMGR/Projects/textures/synthetic_wood_diff_8k.jpg,/Volumes/Data/University/PPMGR/Blender_Mat_Generator_PPMGR/Projects/textures
t_brick_floor_002_diffuse_8k.jpg,/Volumes/Data/University/PPMGR/Blender_Mat_Generator_PPMGR/Projects/textures/t_brick_floor_002_diffuse_8k.jpg,/Volumes/Data/University/PPMGR/Blender_Mat_Generator_PPMGR/Projects/textures
talimba_basecolor.jpg,/Volumes/Data/University/PPMGR/Blender_Mat_Generator_PPMGR/Projects/textures/talimba_basecolor.jpg,/Volumes/Data/University/PPMGR/Blender_Mat_Generator_PPMGR/Projects/textures
tarmac color.jpg,/Volumes/Data/University/PPMGR/Blender_Mat_Generator_PPMGR/Projects/textures/tarmac color.jpg,/Volumes/Data/University/PPMGR/Blender_Mat_Generator_PPMGR/Projects/textures
tarp_Albedo.jpg,/Volumes/Data/University/PPMGR/Blender_Mat_Generator_PPMGR/Projects/textures/tarp_Albedo.jpg,/Volumes/Data/University/PPMGR/Blender_Mat_Generator_PPMGR/Projects/textures
taylor.jpg,/Volumes/Data/University/PPMGR/Blender_Mat_Generator_PPMGR/Projects/textures/taylor.jpg,/Volumes/Data/University/PPMGR/Blender_Mat_Generator_PPMGR/Projects/textures
td0nfjlr_8K_Albedo.jpg,/Volumes/Data/University/PPMGR/Blender_Mat_Generator_PPMGR/Projects/textures/td0nfjlr_8K_Albedo.jpg,/Volumes/Data/University/PPMGR/Blender_Mat_Generator_PPMGR/Projects/textures
teak_2_basecolor.jpg,/Volumes/Data/University/PPMGR/Blender_Mat_Generator_PPMGR/Projects/textures/teak_2_basecolor.jpg,/Volumes/Data/University/PPMGR/Blender_Mat_Generator_PPMGR/Projects/textures
terazo tile  diamond_BaseColor.jpg,/Volumes/Data/University/PPMGR/Blender_Mat_Generator_PPMGR/Projects/textures/terazo tile  diamond_BaseColor.jpg,/Volumes/Data/University/PPMGR/Blender_Mat_Generator_PPMGR/Projects/textures
terazo tile 1_BaseColor.jpg,/Volumes/Data/University/PPMGR/Blender_Mat_Generator_PPMGR/Projects/textures/terazo tile 1_BaseColor.jpg,/Volumes/Data/University/PPMGR/Blender_Mat_Generator_PPMGR/Projects/textures
terazo tile 2_BaseColor.jpg,/Volumes/Data/University/PPMGR/Blender_Mat_Generator_PPMGR/Projects/textures/terazo tile 2_BaseColor.jpg,/Volumes/Data/University/PPMGR/Blender_Mat_Generator_PPMGR/Projects/textures
terazo tile 3_BaseColor.jpg,/Volumes/Data/University/PPMGR/Blender_Mat_Generator_PPMGR/Projects/textures/terazo tile 3_BaseColor.jpg,/Volumes/Data/University/PPMGR/Blender_Mat_Generator_PPMGR/Projects/textures
terazo tile 4_BaseColor.jpg,/Volumes/Data/University/PPMGR/Blender_Mat_Generator_PPMGR/Projects/textures/terazo tile 4_BaseColor.jpg,/Volumes/Data/University/PPMGR/Blender_Mat_Generator_PPMGR/Projects/textures
terazo tile 5_BaseColor.jpg,/Volumes/Data/University/PPMGR/Blender_Mat_Generator_PPMGR/Projects/textures/terazo tile 5_BaseColor.jpg,/Volumes/Data/University/PPMGR/Blender_Mat_Generator_PPMGR/Projects/textures
terazo tile 6_BaseColor.jpg,/Volumes/Data/University/PPMGR/Blender_Mat_Generator_PPMGR/Projects/textures/terazo tile 6_BaseColor.jpg,/Volumes/Data/University/PPMGR/Blender_Mat_Generator_PPMGR/Projects/textures
terazo tile 7_BaseColor.jpg,/Volumes/Data/University/PPMGR/Blender_Mat_Generator_PPMGR/Projects/textures/terazo tile 7_BaseColor.jpg,/Volumes/Data/University/PPMGR/Blender_Mat_Generator_PPMGR/Projects/textures
terazo tile zig zag  blue 3_BaseColor.jpg,/Volumes/Data/University/PPMGR/Blender_Mat_Generator_PPMGR/Projects/textures/terazo tile zig zag  blue 3_BaseColor.jpg,/Volumes/Data/University/PPMGR/Blender_Mat_Generator_PPMGR/Projects/textures
terazo tile zig zag 2_BaseColor.jpg,/Volumes/Data/University/PPMGR/Blender_Mat_Generator_PPMGR/Projects/textures/terazo tile zig zag 2_BaseColor.jpg,/Volumes/Data/University/PPMGR/Blender_Mat_Generator_PPMGR/Projects/textures
terazo tile zigzag_BaseColor.jpg,/Volumes/Data/University/PPMGR/Blender_Mat_Generator_PPMGR/Projects/textures/terazo tile zigzag_BaseColor.jpg,/Volumes/Data/University/PPMGR/Blender_Mat_Generator_PPMGR/Projects/textures
terrain_red_01_diff_8k.jpg,/Volumes/Data/University/PPMGR/Blender_Mat_Generator_PPMGR/Projects/textures/terrain_red_01_diff_8k.jpg,/Volumes/Data/University/PPMGR/Blender_Mat_Generator_PPMGR/Projects/textures
terrazo tile pieces floor 2_BaseColor.jpg,/Volumes/Data/University/PPMGR/Blender_Mat_Generator_PPMGR/Projects/textures/terrazo tile pieces floor 2_BaseColor.jpg,/Volumes/Data/University/PPMGR/Blender_Mat_Generator_PPMGR/Projects/textures
terrazo tile pieces floor_BaseColor.jpg,/Volumes/Data/University/PPMGR/Blender_Mat_Generator_PPMGR/Projects/textures/terrazo tile pieces floor_BaseColor.jpg,/Volumes/Data/University/PPMGR/Blender_Mat_Generator_PPMGR/Projects/textures
terrazzo_13_basecolor.jpg,/Volumes/Data/University/PPMGR/Blender_Mat_Generator_PPMGR/Projects/textures/terrazzo_13_basecolor.jpg,/Volumes/Data/University/PPMGR/Blender_Mat_Generator_PPMGR/Projects/textures
terrazzo_rugged_white_Base_Color.jpg,/Volumes/Data/University/PPMGR/Blender_Mat_Generator_PPMGR/Projects/textures/terrazzo_rugged_white_Base_Color.jpg,/Volumes/Data/University/PPMGR/Blender_Mat_Generator_PPMGR/Projects/textures
terrazzo_tile_1_basecolor.jpg,/Volumes/Data/University/PPMGR/Blender_Mat_Generator_PPMGR/Projects/textures/terrazzo_tile_1_basecolor.jpg,/Volumes/Data/University/PPMGR/Blender_Mat_Generator_PPMGR/Projects/textures
terrazzo_tile_2_basecolor.jpg,/Volumes/Data/University/PPMGR/Blender_Mat_Generator_PPMGR/Projects/textures/terrazzo_tile_2_basecolor.jpg,/Volumes/Data/University/PPMGR/Blender_Mat_Generator_PPMGR/Projects/textures
terrazzo_tile_3_basecolor.jpg,/Volumes/Data/University/PPMGR/Blender_Mat_Generator_PPMGR/Projects/textures/terrazzo_tile_3_basecolor.jpg,/Volumes/Data/University/PPMGR/Blender_Mat_Generator_PPMGR/Projects/textures
terrazzo_tile_basecolor.jpg,/Volumes/Data/University/PPMGR/Blender_Mat_Generator_PPMGR/Projects/textures/terrazzo_tile_basecolor.jpg,/Volumes/Data/University/PPMGR/Blender_Mat_Generator_PPMGR/Projects/textures
test_diffuseOriginal.jpg,/Volumes/Data/University/PPMGR/Blender_Mat_Generator_PPMGR/Projects/textures/test_diffuseOriginal.jpg,/Volumes/Data/University/PPMGR/Blender_Mat_Generator_PPMGR/Projects/textures
tgrey plastic_BaseColor.jpg,/Volumes/Data/University/PPMGR/Blender_Mat_Generator_PPMGR/Projects/textures/tgrey plastic_BaseColor.jpg,/Volumes/Data/University/PPMGR/Blender_Mat_Generator_PPMGR/Projects/textures
theHatchery_COLOR.jpg,/Volumes/Data/University/PPMGR/Blender_Mat_Generator_PPMGR/Projects/textures/theHatchery_COLOR.jpg,/Volumes/Data/University/PPMGR/Blender_Mat_Generator_PPMGR/Projects/textures
tiger skin_Diffuse.jpg,/Volumes/Data/University/PPMGR/Blender_Mat_Generator_PPMGR/Projects/textures/tiger skin_Diffuse.jpg,/Volumes/Data/University/PPMGR/Blender_Mat_Generator_PPMGR/Projects/textures
tile wet_BaseColor.jpg,/Volumes/Data/University/PPMGR/Blender_Mat_Generator_PPMGR/Projects/textures/tile wet_BaseColor.jpg,/Volumes/Data/University/PPMGR/Blender_Mat_Generator_PPMGR/Projects/textures
tile-10_diffuse.jpg,/Volumes/Data/University/PPMGR/Blender_Mat_Generator_PPMGR/Projects/textures/tile-10_diffuse.jpg,/Volumes/Data/University/PPMGR/Blender_Mat_Generator_PPMGR/Projects/textures
tile1.png,/Volumes/Data/University/PPMGR/Blender_Mat_Generator_PPMGR/Projects/textures/tile1.png,/Volumes/Data/University/PPMGR/Blender_Mat_Generator_PPMGR/Projects/textures
tile2.png,/Volumes/Data/University/PPMGR/Blender_Mat_Generator_PPMGR/Projects/textures/tile2.png,/Volumes/Data/University/PPMGR/Blender_Mat_Generator_PPMGR/Projects/textures
tile3.jpg,/Volumes/Data/University/PPMGR/Blender_Mat_Generator_PPMGR/Projects/textures/tile3.jpg,/Volumes/Data/University/PPMGR/Blender_Mat_Generator_PPMGR/Projects/textures
tile4.jpg,/Volumes/Data/University/PPMGR/Blender_Mat_Generator_PPMGR/Projects/textures/tile4.jpg,/Volumes/Data/University/PPMGR/Blender_Mat_Generator_PPMGR/Projects/textures
tile_restaurante323423__BaseColor.jpg,/Volumes/Data/University/PPMGR/Blender_Mat_Generator_PPMGR/Projects/textures/tile_restaurante323423__BaseColor.jpg,/Volumes/Data/University/PPMGR/Blender_Mat_Generator_PPMGR/Projects/textures
tiled_floor_001_diffuse_8k.jpg,/Volumes/Data/University/PPMGR/Blender_Mat_Generator_PPMGR/Projects/textures/tiled_floor_001_diffuse_8k.jpg,/Volumes/Data/University/PPMGR/Blender_Mat_Generator_PPMGR/Projects/textures
tiled_plane_DefaultMaterial_BaseColor.jpg,/Volumes/Data/University/PPMGR/Blender_Mat_Generator_PPMGR/Projects/textures/tiled_plane_DefaultMaterial_BaseColor.jpg,/Volumes/Data/University/PPMGR/Blender_Mat_Generator_PPMGR/Projects/textures
tiles-11_diffuse.jpg,/Volumes/Data/University/PPMGR/Blender_Mat_Generator_PPMGR/Projects/textures/tiles-11_diffuse.jpg,/Volumes/Data/University/PPMGR/Blender_Mat_Generator_PPMGR/Projects/textures
tiles-12_diffuse.jpg,/Volumes/Data/University/PPMGR/Blender_Mat_Generator_PPMGR/Projects/textures/tiles-12_diffuse.jpg,/Volumes/Data/University/PPMGR/Blender_Mat_Generator_PPMGR/Projects/textures
tiles-13_diffuse.jpg,/Volumes/Data/University/PPMGR/Blender_Mat_Generator_PPMGR/Projects/textures/tiles-13_diffuse.jpg,/Volumes/Data/University/PPMGR/Blender_Mat_Generator_PPMGR/Projects/textures
tiles-14_diffuse.jpg,/Volumes/Data/University/PPMGR/Blender_Mat_Generator_PPMGR/Projects/textures/tiles-14_diffuse.jpg,/Volumes/Data/University/PPMGR/Blender_Mat_Generator_PPMGR/Projects/textures
tiles-15_diffuse.JPG,/Volumes/Data/University/PPMGR/Blender_Mat_Generator_PPMGR/Projects/textures/tiles-15_diffuse.JPG,/Volumes/Data/University/PPMGR/Blender_Mat_Generator_PPMGR/Projects/textures
tiles-1_diffuse.jpg,/Volumes/Data/University/PPMGR/Blender_Mat_Generator_PPMGR/Projects/textures/tiles-1_diffuse.jpg,/Volumes/Data/University/PPMGR/Blender_Mat_Generator_PPMGR/Projects/textures
tiles-2_diffuse.jpg,/Volumes/Data/University/PPMGR/Blender_Mat_Generator_PPMGR/Projects/textures/tiles-2_diffuse.jpg,/Volumes/Data/University/PPMGR/Blender_Mat_Generator_PPMGR/Projects/textures
tiles-3_diffuse.jpg,/Volumes/Data/University/PPMGR/Blender_Mat_Generator_PPMGR/Projects/textures/tiles-3_diffuse.jpg,/Volumes/Data/University/PPMGR/Blender_Mat_Generator_PPMGR/Projects/textures
tiles-4_diffuse.jpg,/Volumes/Data/University/PPMGR/Blender_Mat_Generator_PPMGR/Projects/textures/tiles-4_diffuse.jpg,/Volumes/Data/University/PPMGR/Blender_Mat_Generator_PPMGR/Projects/textures
tiles-5_diffuse.jpg,/Volumes/Data/University/PPMGR/Blender_Mat_Generator_PPMGR/Projects/textures/tiles-5_diffuse.jpg,/Volumes/Data/University/PPMGR/Blender_Mat_Generator_PPMGR/Projects/textures
tiles-6_diffuse.jpg,/Volumes/Data/University/PPMGR/Blender_Mat_Generator_PPMGR/Projects/textures/tiles-6_diffuse.jpg,/Volumes/Data/University/PPMGR/Blender_Mat_Generator_PPMGR/Projects/textures
tiles-7_diffuse.jpg,/Volumes/Data/University/PPMGR/Blender_Mat_Generator_PPMGR/Projects/textures/tiles-7_diffuse.jpg,/Volumes/Data/University/PPMGR/Blender_Mat_Generator_PPMGR/Projects/textures
tiles-8_diffuse.jpeg,/Volumes/Data/University/PPMGR/Blender_Mat_Generator_PPMGR/Projects/textures/tiles-8_diffuse.jpeg,/Volumes/Data/University/PPMGR/Blender_Mat_Generator_PPMGR/Projects/textures
tiles-9_diffuse.jpg,/Volumes/Data/University/PPMGR/Blender_Mat_Generator_PPMGR/Projects/textures/tiles-9_diffuse.jpg,/Volumes/Data/University/PPMGR/Blender_Mat_Generator_PPMGR/Projects/textures
tiles_0041_Base_Color.jpg,/Volumes/Data/University/PPMGR/Blender_Mat_Generator_PPMGR/Projects/textures/tiles_0041_Base_Color.jpg,/Volumes/Data/University/PPMGR/Blender_Mat_Generator_PPMGR/Projects/textures
tiles_0042_Base_Color.jpg,/Volumes/Data/University/PPMGR/Blender_Mat_Generator_PPMGR/Projects/textures/tiles_0042_Base_Color.jpg,/Volumes/Data/University/PPMGR/Blender_Mat_Generator_PPMGR/Projects/textures
tiles_0043_Base_Color.jpg,/Volumes/Data/University/PPMGR/Blender_Mat_Generator_PPMGR/Projects/textures/tiles_0043_Base_Color.jpg,/Volumes/Data/University/PPMGR/Blender_Mat_Generator_PPMGR/Projects/textures
tiles_0044_Base_Color.jpg,/Volumes/Data/University/PPMGR/Blender_Mat_Generator_PPMGR/Projects/textures/tiles_0044_Base_Color.jpg,/Volumes/Data/University/PPMGR/Blender_Mat_Generator_PPMGR/Projects/textures
tiles_0044_Diffuse.jpg,/Volumes/Data/University/PPMGR/Blender_Mat_Generator_PPMGR/Projects/textures/tiles_0044_Diffuse.jpg,/Volumes/Data/University/PPMGR/Blender_Mat_Generator_PPMGR/Projects/textures
tiles_0045_Base_Color.jpg,/Volumes/Data/University/PPMGR/Blender_Mat_Generator_PPMGR/Projects/textures/tiles_0045_Base_Color.jpg,/Volumes/Data/University/PPMGR/Blender_Mat_Generator_PPMGR/Projects/textures
tiles_0046_Base_Color.jpg,/Volumes/Data/University/PPMGR/Blender_Mat_Generator_PPMGR/Projects/textures/tiles_0046_Base_Color.jpg,/Volumes/Data/University/PPMGR/Blender_Mat_Generator_PPMGR/Projects/textures
tiles_0047_Base_Color.jpg,/Volumes/Data/University/PPMGR/Blender_Mat_Generator_PPMGR/Projects/textures/tiles_0047_Base_Color.jpg,/Volumes/Data/University/PPMGR/Blender_Mat_Generator_PPMGR/Projects/textures
tiles_0048_Base_Color.jpg,/Volumes/Data/University/PPMGR/Blender_Mat_Generator_PPMGR/Projects/textures/tiles_0048_Base_Color.jpg,/Volumes/Data/University/PPMGR/Blender_Mat_Generator_PPMGR/Projects/textures
tiles_0049_Base_Color.jpg,/Volumes/Data/University/PPMGR/Blender_Mat_Generator_PPMGR/Projects/textures/tiles_0049_Base_Color.jpg,/Volumes/Data/University/PPMGR/Blender_Mat_Generator_PPMGR/Projects/textures
tiles_0050_Base_Color.jpg,/Volumes/Data/University/PPMGR/Blender_Mat_Generator_PPMGR/Projects/textures/tiles_0050_Base_Color.jpg,/Volumes/Data/University/PPMGR/Blender_Mat_Generator_PPMGR/Projects/textures
tiles_0091_Base_Color.jpg,/Volumes/Data/University/PPMGR/Blender_Mat_Generator_PPMGR/Projects/textures/tiles_0091_Base_Color.jpg,/Volumes/Data/University/PPMGR/Blender_Mat_Generator_PPMGR/Projects/textures
tiles_0092_Base_Color.jpg,/Volumes/Data/University/PPMGR/Blender_Mat_Generator_PPMGR/Projects/textures/tiles_0092_Base_Color.jpg,/Volumes/Data/University/PPMGR/Blender_Mat_Generator_PPMGR/Projects/textures
tiles_0093_Base_Color.jpg,/Volumes/Data/University/PPMGR/Blender_Mat_Generator_PPMGR/Projects/textures/tiles_0093_Base_Color.jpg,/Volumes/Data/University/PPMGR/Blender_Mat_Generator_PPMGR/Projects/textures
tiles_0094_Base_Color.jpg,/Volumes/Data/University/PPMGR/Blender_Mat_Generator_PPMGR/Projects/textures/tiles_0094_Base_Color.jpg,/Volumes/Data/University/PPMGR/Blender_Mat_Generator_PPMGR/Projects/textures
tiles_0095_Base_Color.jpg,/Volumes/Data/University/PPMGR/Blender_Mat_Generator_PPMGR/Projects/textures/tiles_0095_Base_Color.jpg,/Volumes/Data/University/PPMGR/Blender_Mat_Generator_PPMGR/Projects/textures
tiles_0096_Base_Color.jpg,/Volumes/Data/University/PPMGR/Blender_Mat_Generator_PPMGR/Projects/textures/tiles_0096_Base_Color.jpg,/Volumes/Data/University/PPMGR/Blender_Mat_Generator_PPMGR/Projects/textures
tiles_0097_Base_Color.jpg,/Volumes/Data/University/PPMGR/Blender_Mat_Generator_PPMGR/Projects/textures/tiles_0097_Base_Color.jpg,/Volumes/Data/University/PPMGR/Blender_Mat_Generator_PPMGR/Projects/textures
tiles_0098_Base_Color.jpg,/Volumes/Data/University/PPMGR/Blender_Mat_Generator_PPMGR/Projects/textures/tiles_0098_Base_Color.jpg,/Volumes/Data/University/PPMGR/Blender_Mat_Generator_PPMGR/Projects/textures
tiles_0100_Base_Color.jpg,/Volumes/Data/University/PPMGR/Blender_Mat_Generator_PPMGR/Projects/textures/tiles_0100_Base_Color.jpg,/Volumes/Data/University/PPMGR/Blender_Mat_Generator_PPMGR/Projects/textures
tiles_BaseColor.jpg,/Volumes/Data/University/PPMGR/Blender_Mat_Generator_PPMGR/Projects/textures/tiles_BaseColor.jpg,/Volumes/Data/University/PPMGR/Blender_Mat_Generator_PPMGR/Projects/textures
tiles_white_mini-4k_basecolor.jpg,/Volumes/Data/University/PPMGR/Blender_Mat_Generator_PPMGR/Projects/textures/tiles_white_mini-4k_basecolor.jpg,/Volumes/Data/University/PPMGR/Blender_Mat_Generator_PPMGR/Projects/textures
tiles_with_gold_dirty_basecolor.jpg,/Volumes/Data/University/PPMGR/Blender_Mat_Generator_PPMGR/Projects/textures/tiles_with_gold_dirty_basecolor.jpg,/Volumes/Data/University/PPMGR/Blender_Mat_Generator_PPMGR/Projects/textures
tiling_11_basecolor.jpg,/Volumes/Data/University/PPMGR/Blender_Mat_Generator_PPMGR/Projects/textures/tiling_11_basecolor.jpg,/Volumes/Data/University/PPMGR/Blender_Mat_Generator_PPMGR/Projects/textures
tiling_12_basecolor.jpg,/Volumes/Data/University/PPMGR/Blender_Mat_Generator_PPMGR/Projects/textures/tiling_12_basecolor.jpg,/Volumes/Data/University/PPMGR/Blender_Mat_Generator_PPMGR/Projects/textures
tiling_13_basecolor.jpg,/Volumes/Data/University/PPMGR/Blender_Mat_Generator_PPMGR/Projects/textures/tiling_13_basecolor.jpg,/Volumes/Data/University/PPMGR/Blender_Mat_Generator_PPMGR/Projects/textures
tiling_1_basecolor.jpg,/Volumes/Data/University/PPMGR/Blender_Mat_Generator_PPMGR/Projects/textures/tiling_1_basecolor.jpg,/Volumes/Data/University/PPMGR/Blender_Mat_Generator_PPMGR/Projects/textures
tiling_24_basecolor-2K.jpg,/Volumes/Data/University/PPMGR/Blender_Mat_Generator_PPMGR/Projects/textures/tiling_24_basecolor-2K.jpg,/Volumes/Data/University/PPMGR/Blender_Mat_Generator_PPMGR/Projects/textures
tiling_2_basecolor.jpg,/Volumes/Data/University/PPMGR/Blender_Mat_Generator_PPMGR/Projects/textures/tiling_2_basecolor.jpg,/Volumes/Data/University/PPMGR/Blender_Mat_Generator_PPMGR/Projects/textures
tiling_3_basecolor.jpg,/Volumes/Data/University/PPMGR/Blender_Mat_Generator_PPMGR/Projects/textures/tiling_3_basecolor.jpg,/Volumes/Data/University/PPMGR/Blender_Mat_Generator_PPMGR/Projects/textures
tiling_4_basecolor.jpg,/Volumes/Data/University/PPMGR/Blender_Mat_Generator_PPMGR/Projects/textures/tiling_4_basecolor.jpg,/Volumes/Data/University/PPMGR/Blender_Mat_Generator_PPMGR/Projects/textures
tiling_51_basecolor-4K.jpg,/Volumes/Data/University/PPMGR/Blender_Mat_Generator_PPMGR/Projects/textures/tiling_51_basecolor-4K.jpg,/Volumes/Data/University/PPMGR/Blender_Mat_Generator_PPMGR/Projects/textures
tiling_52_basecolor-4K.jpg,/Volumes/Data/University/PPMGR/Blender_Mat_Generator_PPMGR/Projects/textures/tiling_52_basecolor-4K.jpg,/Volumes/Data/University/PPMGR/Blender_Mat_Generator_PPMGR/Projects/textures
tiling_54_basecolor-4K.jpg,/Volumes/Data/University/PPMGR/Blender_Mat_Generator_PPMGR/Projects/textures/tiling_54_basecolor-4K.jpg,/Volumes/Data/University/PPMGR/Blender_Mat_Generator_PPMGR/Projects/textures
tiling_55_basecolor-4K.jpg,/Volumes/Data/University/PPMGR/Blender_Mat_Generator_PPMGR/Projects/textures/tiling_55_basecolor-4K.jpg,/Volumes/Data/University/PPMGR/Blender_Mat_Generator_PPMGR/Projects/textures
tiling_56_basecolor-4K.jpg,/Volumes/Data/University/PPMGR/Blender_Mat_Generator_PPMGR/Projects/textures/tiling_56_basecolor-4K.jpg,/Volumes/Data/University/PPMGR/Blender_Mat_Generator_PPMGR/Projects/textures
tiling_57_basecolor-4K.jpg,/Volumes/Data/University/PPMGR/Blender_Mat_Generator_PPMGR/Projects/textures/tiling_57_basecolor-4K.jpg,/Volumes/Data/University/PPMGR/Blender_Mat_Generator_PPMGR/Projects/textures
tiling_5_basecolor.jpg,/Volumes/Data/University/PPMGR/Blender_Mat_Generator_PPMGR/Projects/textures/tiling_5_basecolor.jpg,/Volumes/Data/University/PPMGR/Blender_Mat_Generator_PPMGR/Projects/textures
tiling_6_basecolor.jpg,/Volumes/Data/University/PPMGR/Blender_Mat_Generator_PPMGR/Projects/textures/tiling_6_basecolor.jpg,/Volumes/Data/University/PPMGR/Blender_Mat_Generator_PPMGR/Projects/textures
tiling_7_basecolor.jpg,/Volumes/Data/University/PPMGR/Blender_Mat_Generator_PPMGR/Projects/textures/tiling_7_basecolor.jpg,/Volumes/Data/University/PPMGR/Blender_Mat_Generator_PPMGR/Projects/textures
tiling_8_basecolor.jpg,/Volumes/Data/University/PPMGR/Blender_Mat_Generator_PPMGR/Projects/textures/tiling_8_basecolor.jpg,/Volumes/Data/University/PPMGR/Blender_Mat_Generator_PPMGR/Projects/textures
traingle_studs_Base_Color.jpg,/Volumes/Data/University/PPMGR/Blender_Mat_Generator_PPMGR/Projects/textures/traingle_studs_Base_Color.jpg,/Volumes/Data/University/PPMGR/Blender_Mat_Generator_PPMGR/Projects/textures
trama4096.jpg,/Volumes/Data/University/PPMGR/Blender_Mat_Generator_PPMGR/Projects/textures/trama4096.jpg,/Volumes/Data/University/PPMGR/Blender_Mat_Generator_PPMGR/Projects/textures
tree-bark-1_diffuse.jpg,/Volumes/Data/University/PPMGR/Blender_Mat_Generator_PPMGR/Projects/textures/tree-bark-1_diffuse.jpg,/Volumes/Data/University/PPMGR/Blender_Mat_Generator_PPMGR/Projects/textures
tree_bark_03_diff_8k.jpg,/Volumes/Data/University/PPMGR/Blender_Mat_Generator_PPMGR/Projects/textures/tree_bark_03_diff_8k.jpg,/Volumes/Data/University/PPMGR/Blender_Mat_Generator_PPMGR/Projects/textures
tri gray white dot  tiles_BaseColor.jpg,/Volumes/Data/University/PPMGR/Blender_Mat_Generator_PPMGR/Projects/textures/tri gray white dot  tiles_BaseColor.jpg,/Volumes/Data/University/PPMGR/Blender_Mat_Generator_PPMGR/Projects/textures
tribalWood_COLOR.jpg,/Volumes/Data/University/PPMGR/Blender_Mat_Generator_PPMGR/Projects/textures/tribalWood_COLOR.jpg,/Volumes/Data/University/PPMGR/Blender_Mat_Generator_PPMGR/Projects/textures
tundraLand_COLOR.jpg,/Volumes/Data/University/PPMGR/Blender_Mat_Generator_PPMGR/Projects/textures/tundraLand_COLOR.jpg,/Volumes/Data/University/PPMGR/Blender_Mat_Generator_PPMGR/Projects/textures
tv_picture.jpg,/Volumes/Data/University/PPMGR/Blender_Mat_Generator_PPMGR/Projects/textures/tv_picture.jpg,/Volumes/Data/University/PPMGR/Blender_Mat_Generator_PPMGR/Projects/textures
tv_picture.jpg.png,/Volumes/Data/University/PPMGR/Blender_Mat_Generator_PPMGR/Projects/textures/tv_picture.jpg.png,/Volumes/Data/University/PPMGR/Blender_Mat_Generator_PPMGR/Projects/textures
tyre-1_diffuse.jpg,/Volumes/Data/University/PPMGR/Blender_Mat_Generator_PPMGR/Projects/textures/tyre-1_diffuse.jpg,/Volumes/Data/University/PPMGR/Blender_Mat_Generator_PPMGR/Projects/textures
tyre-2_diffuse.jpg,/Volumes/Data/University/PPMGR/Blender_Mat_Generator_PPMGR/Projects/textures/tyre-2_diffuse.jpg,/Volumes/Data/University/PPMGR/Blender_Mat_Generator_PPMGR/Projects/textures
ui1jfaady_8K_Albedo.jpg,/Volumes/Data/University/PPMGR/Blender_Mat_Generator_PPMGR/Projects/textures/ui1jfaady_8K_Albedo.jpg,/Volumes/Data/University/PPMGR/Blender_Mat_Generator_PPMGR/Projects/textures
unitilt_Diffuse.jpg,/Volumes/Data/University/PPMGR/Blender_Mat_Generator_PPMGR/Projects/textures/unitilt_Diffuse.jpg,/Volumes/Data/University/PPMGR/Blender_Mat_Generator_PPMGR/Projects/textures
untitled.jpg,/Volumes/Data/University/PPMGR/Blender_Mat_Generator_PPMGR/Projects/textures/untitled.jpg,/Volumes/Data/University/PPMGR/Blender_Mat_Generator_PPMGR/Projects/textures
untitled_DefaultMaterial_BaseColor.jpg,/Volumes/Data/University/PPMGR/Blender_Mat_Generator_PPMGR/Projects/textures/untitled_DefaultMaterial_BaseColor.jpg,/Volumes/Data/University/PPMGR/Blender_Mat_Generator_PPMGR/Projects/textures
var3_basecolor.jpg,/Volumes/Data/University/PPMGR/Blender_Mat_Generator_PPMGR/Projects/textures/var3_basecolor.jpg,/Volumes/Data/University/PPMGR/Blender_Mat_Generator_PPMGR/Projects/textures
var4_basecolor.jpg,/Volumes/Data/University/PPMGR/Blender_Mat_Generator_PPMGR/Projects/textures/var4_basecolor.jpg,/Volumes/Data/University/PPMGR/Blender_Mat_Generator_PPMGR/Projects/textures
variant square wood_BaseColor.jpg,/Volumes/Data/University/PPMGR/Blender_Mat_Generator_PPMGR/Projects/textures/variant square wood_BaseColor.jpg,/Volumes/Data/University/PPMGR/Blender_Mat_Generator_PPMGR/Projects/textures
vavona_Base Color.jpg,/Volumes/Data/University/PPMGR/Blender_Mat_Generator_PPMGR/Projects/textures/vavona_Base Color.jpg,/Volumes/Data/University/PPMGR/Blender_Mat_Generator_PPMGR/Projects/textures
vd3lecfs_4K_Albedo.jpg,/Volumes/Data/University/PPMGR/Blender_Mat_Generator_PPMGR/Projects/textures/vd3lecfs_4K_Albedo.jpg,/Volumes/Data/University/PPMGR/Blender_Mat_Generator_PPMGR/Projects/textures
velvet quilt 2-BaseColor.jpg,/Volumes/Data/University/PPMGR/Blender_Mat_Generator_PPMGR/Projects/textures/velvet quilt 2-BaseColor.jpg,/Volumes/Data/University/PPMGR/Blender_Mat_Generator_PPMGR/Projects/textures
vent-pipe_basecolor.jpg,/Volumes/Data/University/PPMGR/Blender_Mat_Generator_PPMGR/Projects/textures/vent-pipe_basecolor.jpg,/Volumes/Data/University/PPMGR/Blender_Mat_Generator_PPMGR/Projects/textures
versaillesmarble_1_basecolor_4k.jpg,/Volumes/Data/University/PPMGR/Blender_Mat_Generator_PPMGR/Projects/textures/versaillesmarble_1_basecolor_4k.jpg,/Volumes/Data/University/PPMGR/Blender_Mat_Generator_PPMGR/Projects/textures
vertically_elogated_Diamond_Ceramic_Tiles_Base_Color.jpg,/Volumes/Data/University/PPMGR/Blender_Mat_Generator_PPMGR/Projects/textures/vertically_elogated_Diamond_Ceramic_Tiles_Base_Color.jpg,/Volumes/Data/University/PPMGR/Blender_Mat_Generator_PPMGR/Projects/textures
vhhleat_2K_Albedo.jpg,/Volumes/Data/University/PPMGR/Blender_Mat_Generator_PPMGR/Projects/textures/vhhleat_2K_Albedo.jpg,/Volumes/Data/University/PPMGR/Blender_Mat_Generator_PPMGR/Projects/textures
victorian_tiles_Base_Color.jpg,/Volumes/Data/University/PPMGR/Blender_Mat_Generator_PPMGR/Projects/textures/victorian_tiles_Base_Color.jpg,/Volumes/Data/University/PPMGR/Blender_Mat_Generator_PPMGR/Projects/textures
vintage_black_hexa_tile_Base_Color.jpg,/Volumes/Data/University/PPMGR/Blender_Mat_Generator_PPMGR/Projects/textures/vintage_black_hexa_tile_Base_Color.jpg,/Volumes/Data/University/PPMGR/Blender_Mat_Generator_PPMGR/Projects/textures
vintage_checker_hexa_tile_Base_Color.jpg,/Volumes/Data/University/PPMGR/Blender_Mat_Generator_PPMGR/Projects/textures/vintage_checker_hexa_tile_Base_Color.jpg,/Volumes/Data/University/PPMGR/Blender_Mat_Generator_PPMGR/Projects/textures
vintage_green_tile_Base_Color.jpg,/Volumes/Data/University/PPMGR/Blender_Mat_Generator_PPMGR/Projects/textures/vintage_green_tile_Base_Color.jpg,/Volumes/Data/University/PPMGR/Blender_Mat_Generator_PPMGR/Projects/textures
vjdqcba_8K_Albedo.jpg,/Volumes/Data/University/PPMGR/Blender_Mat_Generator_PPMGR/Projects/textures/vjdqcba_8K_Albedo.jpg,/Volumes/Data/University/PPMGR/Blender_Mat_Generator_PPMGR/Projects/textures
vl0qfanfw_8K_Albedo.jpg,/Volumes/Data/University/PPMGR/Blender_Mat_Generator_PPMGR/Projects/textures/vl0qfanfw_8K_Albedo.jpg,/Volumes/Data/University/PPMGR/Blender_Mat_Generator_PPMGR/Projects/textures
vl1kchulw_4K_Albedo.jpg,/Volumes/Data/University/PPMGR/Blender_Mat_Generator_PPMGR/Projects/textures/vl1kchulw_4K_Albedo.jpg,/Volumes/Data/University/PPMGR/Blender_Mat_Generator_PPMGR/Projects/textures
vmcjdbyfw_8K_Albedo.jpg,/Volumes/Data/University/PPMGR/Blender_Mat_Generator_PPMGR/Projects/textures/vmcjdbyfw_8K_Albedo.jpg,/Volumes/Data/University/PPMGR/Blender_Mat_Generator_PPMGR/Projects/textures
vmkdbaq_8K_Albedo.jpg,/Volumes/Data/University/PPMGR/Blender_Mat_Generator_PPMGR/Projects/textures/vmkdbaq_8K_Albedo.jpg,/Volumes/Data/University/PPMGR/Blender_Mat_Generator_PPMGR/Projects/textures
wagyu_beaf_Base_Color.jpg,/Volumes/Data/University/PPMGR/Blender_Mat_Generator_PPMGR/Projects/textures/wagyu_beaf_Base_Color.jpg,/Volumes/Data/University/PPMGR/Blender_Mat_Generator_PPMGR/Projects/textures
wall tile_BaseColor.jpg,/Volumes/Data/University/PPMGR/Blender_Mat_Generator_PPMGR/Projects/textures/wall tile_BaseColor.jpg,/Volumes/Data/University/PPMGR/Blender_Mat_Generator_PPMGR/Projects/textures
wall-1_diffuse.jpg,/Volumes/Data/University/PPMGR/Blender_Mat_Generator_PPMGR/Projects/textures/wall-1_diffuse.jpg,/Volumes/Data/University/PPMGR/Blender_Mat_Generator_PPMGR/Projects/textures
wall-3_diffuse.JPG,/Volumes/Data/University/PPMGR/Blender_Mat_Generator_PPMGR/Projects/textures/wall-3_diffuse.JPG,/Volumes/Data/University/PPMGR/Blender_Mat_Generator_PPMGR/Projects/textures
wall-basecolor.jpg,/Volumes/Data/University/PPMGR/Blender_Mat_Generator_PPMGR/Projects/textures/wall-basecolor.jpg,/Volumes/Data/University/PPMGR/Blender_Mat_Generator_PPMGR/Projects/textures
wall_01_diffuseOriginal.jpg,/Volumes/Data/University/PPMGR/Blender_Mat_Generator_PPMGR/Projects/textures/wall_01_diffuseOriginal.jpg,/Volumes/Data/University/PPMGR/Blender_Mat_Generator_PPMGR/Projects/textures
wall_Partially_plasterd_Base_Color.jpg,/Volumes/Data/University/PPMGR/Blender_Mat_Generator_PPMGR/Projects/textures/wall_Partially_plasterd_Base_Color.jpg,/Volumes/Data/University/PPMGR/Blender_Mat_Generator_PPMGR/Projects/textures
wall_bricks_plaster_diff_8k.jpg,/Volumes/Data/University/PPMGR/Blender_Mat_Generator_PPMGR/Projects/textures/wall_bricks_plaster_diff_8k.jpg,/Volumes/Data/University/PPMGR/Blender_Mat_Generator_PPMGR/Projects/textures
wall_decor_circles_black_Base_Color.jpg,/Volumes/Data/University/PPMGR/Blender_Mat_Generator_PPMGR/Projects/textures/wall_decor_circles_black_Base_Color.jpg,/Volumes/Data/University/PPMGR/Blender_Mat_Generator_PPMGR/Projects/textures
wall_decor_circles_white_Base_Color.jpg,/Volumes/Data/University/PPMGR/Blender_Mat_Generator_PPMGR/Projects/textures/wall_decor_circles_white_Base_Color.jpg,/Volumes/Data/University/PPMGR/Blender_Mat_Generator_PPMGR/Projects/textures
wall_diffuse.jpg,/Volumes/Data/University/PPMGR/Blender_Mat_Generator_PPMGR/Projects/textures/wall_diffuse.jpg,/Volumes/Data/University/PPMGR/Blender_Mat_Generator_PPMGR/Projects/textures
wall_stripes_v1_2k_Base_Color.jpg,/Volumes/Data/University/PPMGR/Blender_Mat_Generator_PPMGR/Projects/textures/wall_stripes_v1_2k_Base_Color.jpg,/Volumes/Data/University/PPMGR/Blender_Mat_Generator_PPMGR/Projects/textures
wallpaper_photo_rose-01_1.jpg,/Volumes/Data/University/PPMGR/Blender_Mat_Generator_PPMGR/Projects/textures/wallpaper_photo_rose-01_1.jpg,/Volumes/Data/University/PPMGR/Blender_Mat_Generator_PPMGR/Projects/textures
walnut-basecolor.jpg,/Volumes/Data/University/PPMGR/Blender_Mat_Generator_PPMGR/Projects/textures/walnut-basecolor.jpg,/Volumes/Data/University/PPMGR/Blender_Mat_Generator_PPMGR/Projects/textures
walnut-premium-oil.jpg,/Volumes/Data/University/PPMGR/Blender_Mat_Generator_PPMGR/Projects/textures/walnut-premium-oil.jpg,/Volumes/Data/University/PPMGR/Blender_Mat_Generator_PPMGR/Projects/textures
water tiles_BaseColor.jpg,/Volumes/Data/University/PPMGR/Blender_Mat_Generator_PPMGR/Projects/textures/water tiles_BaseColor.jpg,/Volumes/Data/University/PPMGR/Blender_Mat_Generator_PPMGR/Projects/textures
waves_and_circle_wall_tiles_Base_Color.jpg,/Volumes/Data/University/PPMGR/Blender_Mat_Generator_PPMGR/Projects/textures/waves_and_circle_wall_tiles_Base_Color.jpg,/Volumes/Data/University/PPMGR/Blender_Mat_Generator_PPMGR/Projects/textures
waxy_Realistic_Stylized_bark_Base_Color.jpg,/Volumes/Data/University/PPMGR/Blender_Mat_Generator_PPMGR/Projects/textures/waxy_Realistic_Stylized_bark_Base_Color.jpg,/Volumes/Data/University/PPMGR/Blender_Mat_Generator_PPMGR/Projects/textures
weathered_brown_planks_diff_16k.jpg,/Volumes/Data/University/PPMGR/Blender_Mat_Generator_PPMGR/Projects/textures/weathered_brown_planks_diff_16k.jpg,/Volumes/Data/University/PPMGR/Blender_Mat_Generator_PPMGR/Projects/textures
weathered_planks_diff_8k.jpg,/Volumes/Data/University/PPMGR/Blender_Mat_Generator_PPMGR/Projects/textures/weathered_planks_diff_8k.jpg,/Volumes/Data/University/PPMGR/Blender_Mat_Generator_PPMGR/Projects/textures
weave thicker col.jpg,/Volumes/Data/University/PPMGR/Blender_Mat_Generator_PPMGR/Projects/textures/weave thicker col.jpg,/Volumes/Data/University/PPMGR/Blender_Mat_Generator_PPMGR/Projects/textures
wenge dark oak-diffuse.jpg,/Volumes/Data/University/PPMGR/Blender_Mat_Generator_PPMGR/Projects/textures/wenge dark oak-diffuse.jpg,/Volumes/Data/University/PPMGR/Blender_Mat_Generator_PPMGR/Projects/textures
wet dark square wood parquet_BaseColor.jpg,/Volumes/Data/University/PPMGR/Blender_Mat_Generator_PPMGR/Projects/textures/wet dark square wood parquet_BaseColor.jpg,/Volumes/Data/University/PPMGR/Blender_Mat_Generator_PPMGR/Projects/textures
wet dirt_Diffuse.jpg,/Volumes/Data/University/PPMGR/Blender_Mat_Generator_PPMGR/Projects/textures/wet dirt_Diffuse.jpg,/Volumes/Data/University/PPMGR/Blender_Mat_Generator_PPMGR/Projects/textures
wet dirt_Normal.jpg,/Volumes/Data/University/PPMGR/Blender_Mat_Generator_PPMGR/Projects/textures/wet dirt_Normal.jpg,/Volumes/Data/University/PPMGR/Blender_Mat_Generator_PPMGR/Projects/textures
wet ground with rock_BaseColor.jpg,/Volumes/Data/University/PPMGR/Blender_Mat_Generator_PPMGR/Projects/textures/wet ground with rock_BaseColor.jpg,/Volumes/Data/University/PPMGR/Blender_Mat_Generator_PPMGR/Projects/textures
wet ground_Diffuse.jpg,/Volumes/Data/University/PPMGR/Blender_Mat_Generator_PPMGR/Projects/textures/wet ground_Diffuse.jpg,/Volumes/Data/University/PPMGR/Blender_Mat_Generator_PPMGR/Projects/textures
wety floor_BaseColor.jpg,/Volumes/Data/University/PPMGR/Blender_Mat_Generator_PPMGR/Projects/textures/wety floor_BaseColor.jpg,/Volumes/Data/University/PPMGR/Blender_Mat_Generator_PPMGR/Projects/textures
white  dot matric fabric_BaseColor.jpg,/Volumes/Data/University/PPMGR/Blender_Mat_Generator_PPMGR/Projects/textures/white  dot matric fabric_BaseColor.jpg,/Volumes/Data/University/PPMGR/Blender_Mat_Generator_PPMGR/Projects/textures
white box tiles_BaseColor.jpg,/Volumes/Data/University/PPMGR/Blender_Mat_Generator_PPMGR/Projects/textures/white box tiles_BaseColor.jpg,/Volumes/Data/University/PPMGR/Blender_Mat_Generator_PPMGR/Projects/textures
white ceramic tile2_Diffuse.jpg,/Volumes/Data/University/PPMGR/Blender_Mat_Generator_PPMGR/Projects/textures/white ceramic tile2_Diffuse.jpg,/Volumes/Data/University/PPMGR/Blender_Mat_Generator_PPMGR/Projects/textures
white check  fabric_BaseColor.jpg,/Volumes/Data/University/PPMGR/Blender_Mat_Generator_PPMGR/Projects/textures/white check  fabric_BaseColor.jpg,/Volumes/Data/University/PPMGR/Blender_Mat_Generator_PPMGR/Projects/textures
white check medium fabric_BaseColor.jpg,/Volumes/Data/University/PPMGR/Blender_Mat_Generator_PPMGR/Projects/textures/white check medium fabric_BaseColor.jpg,/Volumes/Data/University/PPMGR/Blender_Mat_Generator_PPMGR/Projects/textures
white concrete_BaseColor.jpg,/Volumes/Data/University/PPMGR/Blender_Mat_Generator_PPMGR/Projects/textures/white concrete_BaseColor.jpg,/Volumes/Data/University/PPMGR/Blender_Mat_Generator_PPMGR/Projects/textures
white double zig zag fabric_BaseColor.jpg,/Volumes/Data/University/PPMGR/Blender_Mat_Generator_PPMGR/Projects/textures/white double zig zag fabric_BaseColor.jpg,/Volumes/Data/University/PPMGR/Blender_Mat_Generator_PPMGR/Projects/textures
white strip thick fabric_BaseColor.jpg,/Volumes/Data/University/PPMGR/Blender_Mat_Generator_PPMGR/Projects/textures/white strip thick fabric_BaseColor.jpg,/Volumes/Data/University/PPMGR/Blender_Mat_Generator_PPMGR/Projects/textures
white strip thin fabric_BaseColor.jpg,/Volumes/Data/University/PPMGR/Blender_Mat_Generator_PPMGR/Projects/textures/white strip thin fabric_BaseColor.jpg,/Volumes/Data/University/PPMGR/Blender_Mat_Generator_PPMGR/Projects/textures
white zig zag fabric_BaseColor.jpg,/Volumes/Data/University/PPMGR/Blender_Mat_Generator_PPMGR/Projects/textures/white zig zag fabric_BaseColor.jpg,/Volumes/Data/University/PPMGR/Blender_Mat_Generator_PPMGR/Projects/textures
white-oak.jpg,/Volumes/Data/University/PPMGR/Blender_Mat_Generator_PPMGR/Projects/textures/white-oak.jpg,/Volumes/Data/University/PPMGR/Blender_Mat_Generator_PPMGR/Projects/textures
whiteGreyMarble-basecolor.jpg,/Volumes/Data/University/PPMGR/Blender_Mat_Generator_PPMGR/Projects/textures/whiteGreyMarble-basecolor.jpg,/Volumes/Data/University/PPMGR/Blender_Mat_Generator_PPMGR/Projects/textures
white_Bathroom_tiles_Base_Color.jpg,/Volumes/Data/University/PPMGR/Blender_Mat_Generator_PPMGR/Projects/textures/white_Bathroom_tiles_Base_Color.jpg,/Volumes/Data/University/PPMGR/Blender_Mat_Generator_PPMGR/Projects/textures
white_Peeling_Paint_Base_Color.jpg,/Volumes/Data/University/PPMGR/Blender_Mat_Generator_PPMGR/Projects/textures/white_Peeling_Paint_Base_Color.jpg,/Volumes/Data/University/PPMGR/Blender_Mat_Generator_PPMGR/Projects/textures
white_Rusty_Peeling_Paint_Base_Color.jpg,/Volumes/Data/University/PPMGR/Blender_Mat_Generator_PPMGR/Projects/textures/white_Rusty_Peeling_Paint_Base_Color.jpg,/Volumes/Data/University/PPMGR/Blender_Mat_Generator_PPMGR/Projects/textures
white_cracked_Square_tiles_Base_Color.jpg,/Volumes/Data/University/PPMGR/Blender_Mat_Generator_PPMGR/Projects/textures/white_cracked_Square_tiles_Base_Color.jpg,/Volumes/Data/University/PPMGR/Blender_Mat_Generator_PPMGR/Projects/textures
white_plaster_02_diff_8k.jpg,/Volumes/Data/University/PPMGR/Blender_Mat_Generator_PPMGR/Projects/textures/white_plaster_02_diff_8k.jpg,/Volumes/Data/University/PPMGR/Blender_Mat_Generator_PPMGR/Projects/textures
white_plaster_rough_01_diff_8k.jpg,/Volumes/Data/University/PPMGR/Blender_Mat_Generator_PPMGR/Projects/textures/white_plaster_rough_01_diff_8k.jpg,/Volumes/Data/University/PPMGR/Blender_Mat_Generator_PPMGR/Projects/textures
white_plaster_rough_02_diff_8k.jpg,/Volumes/Data/University/PPMGR/Blender_Mat_Generator_PPMGR/Projects/textures/white_plaster_rough_02_diff_8k.jpg,/Volumes/Data/University/PPMGR/Blender_Mat_Generator_PPMGR/Projects/textures
white_star_shaped_Tiles_Base_Color.jpg,/Volumes/Data/University/PPMGR/Blender_Mat_Generator_PPMGR/Projects/textures/white_star_shaped_Tiles_Base_Color.jpg,/Volumes/Data/University/PPMGR/Blender_Mat_Generator_PPMGR/Projects/textures
white_wood_Base_color.jpg,/Volumes/Data/University/PPMGR/Blender_Mat_Generator_PPMGR/Projects/textures/white_wood_Base_color.jpg,/Volumes/Data/University/PPMGR/Blender_Mat_Generator_PPMGR/Projects/textures
white_woven_jumper_fabric_Base_Color.jpg,/Volumes/Data/University/PPMGR/Blender_Mat_Generator_PPMGR/Projects/textures/white_woven_jumper_fabric_Base_Color.jpg,/Volumes/Data/University/PPMGR/Blender_Mat_Generator_PPMGR/Projects/textures
whitemarble_3_basecolor-2K.png,/Volumes/Data/University/PPMGR/Blender_Mat_Generator_PPMGR/Projects/textures/whitemarble_3_basecolor-2K.png,/Volumes/Data/University/PPMGR/Blender_Mat_Generator_PPMGR/Projects/textures
whiterope_Base_color.jpg,/Volumes/Data/University/PPMGR/Blender_Mat_Generator_PPMGR/Projects/textures/whiterope_Base_color.jpg,/Volumes/Data/University/PPMGR/Blender_Mat_Generator_PPMGR/Projects/textures
winter_leaves_diff_8k.jpg,/Volumes/Data/University/PPMGR/Blender_Mat_Generator_PPMGR/Projects/textures/winter_leaves_diff_8k.jpg,/Volumes/Data/University/PPMGR/Blender_Mat_Generator_PPMGR/Projects/textures
wires-01_basecolor.jpg,/Volumes/Data/University/PPMGR/Blender_Mat_Generator_PPMGR/Projects/textures/wires-01_basecolor.jpg,/Volumes/Data/University/PPMGR/Blender_Mat_Generator_PPMGR/Projects/textures
wires-01_basecolor.jpg.png,/Volumes/Data/University/PPMGR/Blender_Mat_Generator_PPMGR/Projects/textures/wires-01_basecolor.jpg.png,/Volumes/Data/University/PPMGR/Blender_Mat_Generator_PPMGR/Projects/textures
wires-02-colour-old_4k_basecolor.jpg,/Volumes/Data/University/PPMGR/Blender_Mat_Generator_PPMGR/Projects/textures/wires-02-colour-old_4k_basecolor.jpg,/Volumes/Data/University/PPMGR/Blender_Mat_Generator_PPMGR/Projects/textures
wires-02-colour-old_4k_basecolor.jpg.png,/Volumes/Data/University/PPMGR/Blender_Mat_Generator_PPMGR/Projects/textures/wires-02-colour-old_4k_basecolor.jpg.png,/Volumes/Data/University/PPMGR/Blender_Mat_Generator_PPMGR/Projects/textures
wires-02-uniform-old_4k_basecolor.jpg,/Volumes/Data/University/PPMGR/Blender_Mat_Generator_PPMGR/Projects/textures/wires-02-uniform-old_4k_basecolor.jpg,/Volumes/Data/University/PPMGR/Blender_Mat_Generator_PPMGR/Projects/textures
wires-02-uniform-old_4k_basecolor.jpg.png,/Volumes/Data/University/PPMGR/Blender_Mat_Generator_PPMGR/Projects/textures/wires-02-uniform-old_4k_basecolor.jpg.png,/Volumes/Data/University/PPMGR/Blender_Mat_Generator_PPMGR/Projects/textures
wires_v1_2k_Base_Color.jpg,/Volumes/Data/University/PPMGR/Blender_Mat_Generator_PPMGR/Projects/textures/wires_v1_2k_Base_Color.jpg,/Volumes/Data/University/PPMGR/Blender_Mat_Generator_PPMGR/Projects/textures
wires_v1_2k_Base_Color.jpg.png,/Volumes/Data/University/PPMGR/Blender_Mat_Generator_PPMGR/Projects/textures/wires_v1_2k_Base_Color.jpg.png,/Volumes/Data/University/PPMGR/Blender_Mat_Generator_PPMGR/Projects/textures
withered_grass_diff_8k.jpg,/Volumes/Data/University/PPMGR/Blender_Mat_Generator_PPMGR/Projects/textures/withered_grass_diff_8k.jpg,/Volumes/Data/University/PPMGR/Blender_Mat_Generator_PPMGR/Projects/textures
wlrvaf3_8K_Albedo.jpg,/Volumes/Data/University/PPMGR/Blender_Mat_Generator_PPMGR/Projects/textures/wlrvaf3_8K_Albedo.jpg,/Volumes/Data/University/PPMGR/Blender_Mat_Generator_PPMGR/Projects/textures
womWalkway_COLOR.jpg,/Volumes/Data/University/PPMGR/Blender_Mat_Generator_PPMGR/Projects/textures/womWalkway_COLOR.jpg,/Volumes/Data/University/PPMGR/Blender_Mat_Generator_PPMGR/Projects/textures
wood 07_color.jpg,/Volumes/Data/University/PPMGR/Blender_Mat_Generator_PPMGR/Projects/textures/wood 07_color.jpg,/Volumes/Data/University/PPMGR/Blender_Mat_Generator_PPMGR/Projects/textures
wood 1_Diffuse.jpg,/Volumes/Data/University/PPMGR/Blender_Mat_Generator_PPMGR/Projects/textures/wood 1_Diffuse.jpg,/Volumes/Data/University/PPMGR/Blender_Mat_Generator_PPMGR/Projects/textures
wood tile_BaseColor.jpg,/Volumes/Data/University/PPMGR/Blender_Mat_Generator_PPMGR/Projects/textures/wood tile_BaseColor.jpg,/Volumes/Data/University/PPMGR/Blender_Mat_Generator_PPMGR/Projects/textures
wood-100_diffuse.jpg,/Volumes/Data/University/PPMGR/Blender_Mat_Generator_PPMGR/Projects/textures/wood-100_diffuse.jpg,/Volumes/Data/University/PPMGR/Blender_Mat_Generator_PPMGR/Projects/textures
wood-100_diffuse.jpg.png,/Volumes/Data/University/PPMGR/Blender_Mat_Generator_PPMGR/Projects/textures/wood-100_diffuse.jpg.png,/Volumes/Data/University/PPMGR/Blender_Mat_Generator_PPMGR/Projects/textures
wood-101_diffuse.jpg,/Volumes/Data/University/PPMGR/Blender_Mat_Generator_PPMGR/Projects/textures/wood-101_diffuse.jpg,/Volumes/Data/University/PPMGR/Blender_Mat_Generator_PPMGR/Projects/textures
wood-102_diffuse.jpg,/Volumes/Data/University/PPMGR/Blender_Mat_Generator_PPMGR/Projects/textures/wood-102_diffuse.jpg,/Volumes/Data/University/PPMGR/Blender_Mat_Generator_PPMGR/Projects/textures
wood-103_diffuse.jpg,/Volumes/Data/University/PPMGR/Blender_Mat_Generator_PPMGR/Projects/textures/wood-103_diffuse.jpg,/Volumes/Data/University/PPMGR/Blender_Mat_Generator_PPMGR/Projects/textures
wood-104_diffuse.jpg,/Volumes/Data/University/PPMGR/Blender_Mat_Generator_PPMGR/Projects/textures/wood-104_diffuse.jpg,/Volumes/Data/University/PPMGR/Blender_Mat_Generator_PPMGR/Projects/textures
wood-105_diffuse.jpg,/Volumes/Data/University/PPMGR/Blender_Mat_Generator_PPMGR/Projects/textures/wood-105_diffuse.jpg,/Volumes/Data/University/PPMGR/Blender_Mat_Generator_PPMGR/Projects/textures
wood-105_diffuse.jpg.png,/Volumes/Data/University/PPMGR/Blender_Mat_Generator_PPMGR/Projects/textures/wood-105_diffuse.jpg.png,/Volumes/Data/University/PPMGR/Blender_Mat_Generator_PPMGR/Projects/textures
wood-107_diffuse.jpg,/Volumes/Data/University/PPMGR/Blender_Mat_Generator_PPMGR/Projects/textures/wood-107_diffuse.jpg,/Volumes/Data/University/PPMGR/Blender_Mat_Generator_PPMGR/Projects/textures
wood-107_diffuse.jpg.png,/Volumes/Data/University/PPMGR/Blender_Mat_Generator_PPMGR/Projects/textures/wood-107_diffuse.jpg.png,/Volumes/Data/University/PPMGR/Blender_Mat_Generator_PPMGR/Projects/textures
wood-108_diffuse.jpg,/Volumes/Data/University/PPMGR/Blender_Mat_Generator_PPMGR/Projects/textures/wood-108_diffuse.jpg,/Volumes/Data/University/PPMGR/Blender_Mat_Generator_PPMGR/Projects/textures
wood-109_diffuse.jpg,/Volumes/Data/University/PPMGR/Blender_Mat_Generator_PPMGR/Projects/textures/wood-109_diffuse.jpg,/Volumes/Data/University/PPMGR/Blender_Mat_Generator_PPMGR/Projects/textures
wood-10_diffuse.jpg,/Volumes/Data/University/PPMGR/Blender_Mat_Generator_PPMGR/Projects/textures/wood-10_diffuse.jpg,/Volumes/Data/University/PPMGR/Blender_Mat_Generator_PPMGR/Projects/textures
wood-110_diffuse.jpg,/Volumes/Data/University/PPMGR/Blender_Mat_Generator_PPMGR/Projects/textures/wood-110_diffuse.jpg,/Volumes/Data/University/PPMGR/Blender_Mat_Generator_PPMGR/Projects/textures
wood-111_diffuse.jpg,/Volumes/Data/University/PPMGR/Blender_Mat_Generator_PPMGR/Projects/textures/wood-111_diffuse.jpg,/Volumes/Data/University/PPMGR/Blender_Mat_Generator_PPMGR/Projects/textures
wood-112_diffuse.jpg,/Volumes/Data/University/PPMGR/Blender_Mat_Generator_PPMGR/Projects/textures/wood-112_diffuse.jpg,/Volumes/Data/University/PPMGR/Blender_Mat_Generator_PPMGR/Projects/textures
wood-112_diffuse.jpg.png,/Volumes/Data/University/PPMGR/Blender_Mat_Generator_PPMGR/Projects/textures/wood-112_diffuse.jpg.png,/Volumes/Data/University/PPMGR/Blender_Mat_Generator_PPMGR/Projects/textures
wood-113_diffuse.jpg,/Volumes/Data/University/PPMGR/Blender_Mat_Generator_PPMGR/Projects/textures/wood-113_diffuse.jpg,/Volumes/Data/University/PPMGR/Blender_Mat_Generator_PPMGR/Projects/textures
wood-115_diffuse.jpg,/Volumes/Data/University/PPMGR/Blender_Mat_Generator_PPMGR/Projects/textures/wood-115_diffuse.jpg,/Volumes/Data/University/PPMGR/Blender_Mat_Generator_PPMGR/Projects/textures
wood-116_diffuse.jpg,/Volumes/Data/University/PPMGR/Blender_Mat_Generator_PPMGR/Projects/textures/wood-116_diffuse.jpg,/Volumes/Data/University/PPMGR/Blender_Mat_Generator_PPMGR/Projects/textures
wood-117_diffuse.jpg,/Volumes/Data/University/PPMGR/Blender_Mat_Generator_PPMGR/Projects/textures/wood-117_diffuse.jpg,/Volumes/Data/University/PPMGR/Blender_Mat_Generator_PPMGR/Projects/textures
wood-118_diffuse.jpg,/Volumes/Data/University/PPMGR/Blender_Mat_Generator_PPMGR/Projects/textures/wood-118_diffuse.jpg,/Volumes/Data/University/PPMGR/Blender_Mat_Generator_PPMGR/Projects/textures
wood-119_diffuse.jpg,/Volumes/Data/University/PPMGR/Blender_Mat_Generator_PPMGR/Projects/textures/wood-119_diffuse.jpg,/Volumes/Data/University/PPMGR/Blender_Mat_Generator_PPMGR/Projects/textures
wood-11_diffuse.jpg,/Volumes/Data/University/PPMGR/Blender_Mat_Generator_PPMGR/Projects/textures/wood-11_diffuse.jpg,/Volumes/Data/University/PPMGR/Blender_Mat_Generator_PPMGR/Projects/textures
wood-12_diffuse.jpg,/Volumes/Data/University/PPMGR/Blender_Mat_Generator_PPMGR/Projects/textures/wood-12_diffuse.jpg,/Volumes/Data/University/PPMGR/Blender_Mat_Generator_PPMGR/Projects/textures
wood-13_diffuse.jpg,/Volumes/Data/University/PPMGR/Blender_Mat_Generator_PPMGR/Projects/textures/wood-13_diffuse.jpg,/Volumes/Data/University/PPMGR/Blender_Mat_Generator_PPMGR/Projects/textures
wood-14_diffuse.jpg,/Volumes/Data/University/PPMGR/Blender_Mat_Generator_PPMGR/Projects/textures/wood-14_diffuse.jpg,/Volumes/Data/University/PPMGR/Blender_Mat_Generator_PPMGR/Projects/textures
wood-15_diffuse.jpg,/Volumes/Data/University/PPMGR/Blender_Mat_Generator_PPMGR/Projects/textures/wood-15_diffuse.jpg,/Volumes/Data/University/PPMGR/Blender_Mat_Generator_PPMGR/Projects/textures
wood-16_diffuse.jpg,/Volumes/Data/University/PPMGR/Blender_Mat_Generator_PPMGR/Projects/textures/wood-16_diffuse.jpg,/Volumes/Data/University/PPMGR/Blender_Mat_Generator_PPMGR/Projects/textures
wood-16_diffuse.jpg.png,/Volumes/Data/University/PPMGR/Blender_Mat_Generator_PPMGR/Projects/textures/wood-16_diffuse.jpg.png,/Volumes/Data/University/PPMGR/Blender_Mat_Generator_PPMGR/Projects/textures
wood-17_diffuse.jpg,/Volumes/Data/University/PPMGR/Blender_Mat_Generator_PPMGR/Projects/textures/wood-17_diffuse.jpg,/Volumes/Data/University/PPMGR/Blender_Mat_Generator_PPMGR/Projects/textures
wood-19_diffuse.jpg,/Volumes/Data/University/PPMGR/Blender_Mat_Generator_PPMGR/Projects/textures/wood-19_diffuse.jpg,/Volumes/Data/University/PPMGR/Blender_Mat_Generator_PPMGR/Projects/textures
wood-1_diffuse.jpg,/Volumes/Data/University/PPMGR/Blender_Mat_Generator_PPMGR/Projects/textures/wood-1_diffuse.jpg,/Volumes/Data/University/PPMGR/Blender_Mat_Generator_PPMGR/Projects/textures
wood-20_diffuse.jpg,/Volumes/Data/University/PPMGR/Blender_Mat_Generator_PPMGR/Projects/textures/wood-20_diffuse.jpg,/Volumes/Data/University/PPMGR/Blender_Mat_Generator_PPMGR/Projects/textures
wood-21_diffuse.jpg,/Volumes/Data/University/PPMGR/Blender_Mat_Generator_PPMGR/Projects/textures/wood-21_diffuse.jpg,/Volumes/Data/University/PPMGR/Blender_Mat_Generator_PPMGR/Projects/textures
wood-22_diffuse.jpg,/Volumes/Data/University/PPMGR/Blender_Mat_Generator_PPMGR/Projects/textures/wood-22_diffuse.jpg,/Volumes/Data/University/PPMGR/Blender_Mat_Generator_PPMGR/Projects/textures
wood-23_diffuse.jpg,/Volumes/Data/University/PPMGR/Blender_Mat_Generator_PPMGR/Projects/textures/wood-23_diffuse.jpg,/Volumes/Data/University/PPMGR/Blender_Mat_Generator_PPMGR/Projects/textures
wood-24_diffuse.jpg,/Volumes/Data/University/PPMGR/Blender_Mat_Generator_PPMGR/Projects/textures/wood-24_diffuse.jpg,/Volumes/Data/University/PPMGR/Blender_Mat_Generator_PPMGR/Projects/textures
wood-25_diffuse.jpg,/Volumes/Data/University/PPMGR/Blender_Mat_Generator_PPMGR/Projects/textures/wood-25_diffuse.jpg,/Volumes/Data/University/PPMGR/Blender_Mat_Generator_PPMGR/Projects/textures
wood-26_diffuse.jpg,/Volumes/Data/University/PPMGR/Blender_Mat_Generator_PPMGR/Projects/textures/wood-26_diffuse.jpg,/Volumes/Data/University/PPMGR/Blender_Mat_Generator_PPMGR/Projects/textures
wood-27_diffuse.jpg,/Volumes/Data/University/PPMGR/Blender_Mat_Generator_PPMGR/Projects/textures/wood-27_diffuse.jpg,/Volumes/Data/University/PPMGR/Blender_Mat_Generator_PPMGR/Projects/textures
wood-28_diffuse.jpg,/Volumes/Data/University/PPMGR/Blender_Mat_Generator_PPMGR/Projects/textures/wood-28_diffuse.jpg,/Volumes/Data/University/PPMGR/Blender_Mat_Generator_PPMGR/Projects/textures
wood-29_diffuse.jpg,/Volumes/Data/University/PPMGR/Blender_Mat_Generator_PPMGR/Projects/textures/wood-29_diffuse.jpg,/Volumes/Data/University/PPMGR/Blender_Mat_Generator_PPMGR/Projects/textures
wood-2_diffuse.jpg,/Volumes/Data/University/PPMGR/Blender_Mat_Generator_PPMGR/Projects/textures/wood-2_diffuse.jpg,/Volumes/Data/University/PPMGR/Blender_Mat_Generator_PPMGR/Projects/textures
wood-30_diffuse.jpg,/Volumes/Data/University/PPMGR/Blender_Mat_Generator_PPMGR/Projects/textures/wood-30_diffuse.jpg,/Volumes/Data/University/PPMGR/Blender_Mat_Generator_PPMGR/Projects/textures
wood-31_diffuse.jpg,/Volumes/Data/University/PPMGR/Blender_Mat_Generator_PPMGR/Projects/textures/wood-31_diffuse.jpg,/Volumes/Data/University/PPMGR/Blender_Mat_Generator_PPMGR/Projects/textures
wood-32_diffuse.jpg,/Volumes/Data/University/PPMGR/Blender_Mat_Generator_PPMGR/Projects/textures/wood-32_diffuse.jpg,/Volumes/Data/University/PPMGR/Blender_Mat_Generator_PPMGR/Projects/textures
wood-33_diffuse.jpg,/Volumes/Data/University/PPMGR/Blender_Mat_Generator_PPMGR/Projects/textures/wood-33_diffuse.jpg,/Volumes/Data/University/PPMGR/Blender_Mat_Generator_PPMGR/Projects/textures
wood-34_diffuse.jpg,/Volumes/Data/University/PPMGR/Blender_Mat_Generator_PPMGR/Projects/textures/wood-34_diffuse.jpg,/Volumes/Data/University/PPMGR/Blender_Mat_Generator_PPMGR/Projects/textures
wood-35_diffuse.jpg,/Volumes/Data/University/PPMGR/Blender_Mat_Generator_PPMGR/Projects/textures/wood-35_diffuse.jpg,/Volumes/Data/University/PPMGR/Blender_Mat_Generator_PPMGR/Projects/textures
wood-36_diffuse.jpg,/Volumes/Data/University/PPMGR/Blender_Mat_Generator_PPMGR/Projects/textures/wood-36_diffuse.jpg,/Volumes/Data/University/PPMGR/Blender_Mat_Generator_PPMGR/Projects/textures
wood-37_diffuse.jpg,/Volumes/Data/University/PPMGR/Blender_Mat_Generator_PPMGR/Projects/textures/wood-37_diffuse.jpg,/Volumes/Data/University/PPMGR/Blender_Mat_Generator_PPMGR/Projects/textures
wood-38_diffuse.jpg,/Volumes/Data/University/PPMGR/Blender_Mat_Generator_PPMGR/Projects/textures/wood-38_diffuse.jpg,/Volumes/Data/University/PPMGR/Blender_Mat_Generator_PPMGR/Projects/textures
wood-39_diffuse.jpg,/Volumes/Data/University/PPMGR/Blender_Mat_Generator_PPMGR/Projects/textures/wood-39_diffuse.jpg,/Volumes/Data/University/PPMGR/Blender_Mat_Generator_PPMGR/Projects/textures
wood-3_diffuse.jpg,/Volumes/Data/University/PPMGR/Blender_Mat_Generator_PPMGR/Projects/textures/wood-3_diffuse.jpg,/Volumes/Data/University/PPMGR/Blender_Mat_Generator_PPMGR/Projects/textures
wood-40_diffuse.jpg,/Volumes/Data/University/PPMGR/Blender_Mat_Generator_PPMGR/Projects/textures/wood-40_diffuse.jpg,/Volumes/Data/University/PPMGR/Blender_Mat_Generator_PPMGR/Projects/textures
wood-41_diffuse.jpg,/Volumes/Data/University/PPMGR/Blender_Mat_Generator_PPMGR/Projects/textures/wood-41_diffuse.jpg,/Volumes/Data/University/PPMGR/Blender_Mat_Generator_PPMGR/Projects/textures
wood-42_diffuse.jpg,/Volumes/Data/University/PPMGR/Blender_Mat_Generator_PPMGR/Projects/textures/wood-42_diffuse.jpg,/Volumes/Data/University/PPMGR/Blender_Mat_Generator_PPMGR/Projects/textures
wood-43_diffuse.jpg,/Volumes/Data/University/PPMGR/Blender_Mat_Generator_PPMGR/Projects/textures/wood-43_diffuse.jpg,/Volumes/Data/University/PPMGR/Blender_Mat_Generator_PPMGR/Projects/textures
wood-44_diffuse.jpg,/Volumes/Data/University/PPMGR/Blender_Mat_Generator_PPMGR/Projects/textures/wood-44_diffuse.jpg,/Volumes/Data/University/PPMGR/Blender_Mat_Generator_PPMGR/Projects/textures
wood-45_diffuse.jpg,/Volumes/Data/University/PPMGR/Blender_Mat_Generator_PPMGR/Projects/textures/wood-45_diffuse.jpg,/Volumes/Data/University/PPMGR/Blender_Mat_Generator_PPMGR/Projects/textures
wood-46_diffuse.jpg,/Volumes/Data/University/PPMGR/Blender_Mat_Generator_PPMGR/Projects/textures/wood-46_diffuse.jpg,/Volumes/Data/University/PPMGR/Blender_Mat_Generator_PPMGR/Projects/textures
wood-47_diffuse.jpg,/Volumes/Data/University/PPMGR/Blender_Mat_Generator_PPMGR/Projects/textures/wood-47_diffuse.jpg,/Volumes/Data/University/PPMGR/Blender_Mat_Generator_PPMGR/Projects/textures
wood-48_diffuse.jpg,/Volumes/Data/University/PPMGR/Blender_Mat_Generator_PPMGR/Projects/textures/wood-48_diffuse.jpg,/Volumes/Data/University/PPMGR/Blender_Mat_Generator_PPMGR/Projects/textures
wood-49_diffuse.jpg,/Volumes/Data/University/PPMGR/Blender_Mat_Generator_PPMGR/Projects/textures/wood-49_diffuse.jpg,/Volumes/Data/University/PPMGR/Blender_Mat_Generator_PPMGR/Projects/textures
wood-50_diffuse.jpg,/Volumes/Data/University/PPMGR/Blender_Mat_Generator_PPMGR/Projects/textures/wood-50_diffuse.jpg,/Volumes/Data/University/PPMGR/Blender_Mat_Generator_PPMGR/Projects/textures
wood-51_diffuse.jpg,/Volumes/Data/University/PPMGR/Blender_Mat_Generator_PPMGR/Projects/textures/wood-51_diffuse.jpg,/Volumes/Data/University/PPMGR/Blender_Mat_Generator_PPMGR/Projects/textures
wood-52_diffuse.jpg,/Volumes/Data/University/PPMGR/Blender_Mat_Generator_PPMGR/Projects/textures/wood-52_diffuse.jpg,/Volumes/Data/University/PPMGR/Blender_Mat_Generator_PPMGR/Projects/textures
wood-53_diffuse.jpg,/Volumes/Data/University/PPMGR/Blender_Mat_Generator_PPMGR/Projects/textures/wood-53_diffuse.jpg,/Volumes/Data/University/PPMGR/Blender_Mat_Generator_PPMGR/Projects/textures
wood-54_diffuse.jpg,/Volumes/Data/University/PPMGR/Blender_Mat_Generator_PPMGR/Projects/textures/wood-54_diffuse.jpg,/Volumes/Data/University/PPMGR/Blender_Mat_Generator_PPMGR/Projects/textures
wood-55_diffuse.jpg,/Volumes/Data/University/PPMGR/Blender_Mat_Generator_PPMGR/Projects/textures/wood-55_diffuse.jpg,/Volumes/Data/University/PPMGR/Blender_Mat_Generator_PPMGR/Projects/textures
wood-56_diffuse.jpg,/Volumes/Data/University/PPMGR/Blender_Mat_Generator_PPMGR/Projects/textures/wood-56_diffuse.jpg,/Volumes/Data/University/PPMGR/Blender_Mat_Generator_PPMGR/Projects/textures
wood-57_diffuse.jpg,/Volumes/Data/University/PPMGR/Blender_Mat_Generator_PPMGR/Projects/textures/wood-57_diffuse.jpg,/Volumes/Data/University/PPMGR/Blender_Mat_Generator_PPMGR/Projects/textures
wood-58_diffuse.jpg,/Volumes/Data/University/PPMGR/Blender_Mat_Generator_PPMGR/Projects/textures/wood-58_diffuse.jpg,/Volumes/Data/University/PPMGR/Blender_Mat_Generator_PPMGR/Projects/textures
wood-59_diffuse.jpg,/Volumes/Data/University/PPMGR/Blender_Mat_Generator_PPMGR/Projects/textures/wood-59_diffuse.jpg,/Volumes/Data/University/PPMGR/Blender_Mat_Generator_PPMGR/Projects/textures
wood-5_diffuse.jpg,/Volumes/Data/University/PPMGR/Blender_Mat_Generator_PPMGR/Projects/textures/wood-5_diffuse.jpg,/Volumes/Data/University/PPMGR/Blender_Mat_Generator_PPMGR/Projects/textures
wood-60_diffuse.jpg,/Volumes/Data/University/PPMGR/Blender_Mat_Generator_PPMGR/Projects/textures/wood-60_diffuse.jpg,/Volumes/Data/University/PPMGR/Blender_Mat_Generator_PPMGR/Projects/textures
wood-61_diffuse.jpg,/Volumes/Data/University/PPMGR/Blender_Mat_Generator_PPMGR/Projects/textures/wood-61_diffuse.jpg,/Volumes/Data/University/PPMGR/Blender_Mat_Generator_PPMGR/Projects/textures
wood-61_diffuse.jpg.png,/Volumes/Data/University/PPMGR/Blender_Mat_Generator_PPMGR/Projects/textures/wood-61_diffuse.jpg.png,/Volumes/Data/University/PPMGR/Blender_Mat_Generator_PPMGR/Projects/textures
wood-62_diffuse.jpg,/Volumes/Data/University/PPMGR/Blender_Mat_Generator_PPMGR/Projects/textures/wood-62_diffuse.jpg,/Volumes/Data/University/PPMGR/Blender_Mat_Generator_PPMGR/Projects/textures
wood-63_diffuse.jpg,/Volumes/Data/University/PPMGR/Blender_Mat_Generator_PPMGR/Projects/textures/wood-63_diffuse.jpg,/Volumes/Data/University/PPMGR/Blender_Mat_Generator_PPMGR/Projects/textures
wood-64_diffuse.jpg,/Volumes/Data/University/PPMGR/Blender_Mat_Generator_PPMGR/Projects/textures/wood-64_diffuse.jpg,/Volumes/Data/University/PPMGR/Blender_Mat_Generator_PPMGR/Projects/textures
wood-65_diffuse.jpg,/Volumes/Data/University/PPMGR/Blender_Mat_Generator_PPMGR/Projects/textures/wood-65_diffuse.jpg,/Volumes/Data/University/PPMGR/Blender_Mat_Generator_PPMGR/Projects/textures
wood-66_diffuse.jpg,/Volumes/Data/University/PPMGR/Blender_Mat_Generator_PPMGR/Projects/textures/wood-66_diffuse.jpg,/Volumes/Data/University/PPMGR/Blender_Mat_Generator_PPMGR/Projects/textures
wood-68_diffuse.jpg,/Volumes/Data/University/PPMGR/Blender_Mat_Generator_PPMGR/Projects/textures/wood-68_diffuse.jpg,/Volumes/Data/University/PPMGR/Blender_Mat_Generator_PPMGR/Projects/textures
wood-69_diffuse.jpg,/Volumes/Data/University/PPMGR/Blender_Mat_Generator_PPMGR/Projects/textures/wood-69_diffuse.jpg,/Volumes/Data/University/PPMGR/Blender_Mat_Generator_PPMGR/Projects/textures
wood-70_diffuse.jpg,/Volumes/Data/University/PPMGR/Blender_Mat_Generator_PPMGR/Projects/textures/wood-70_diffuse.jpg,/Volumes/Data/University/PPMGR/Blender_Mat_Generator_PPMGR/Projects/textures
wood-71_diffuse.jpg,/Volumes/Data/University/PPMGR/Blender_Mat_Generator_PPMGR/Projects/textures/wood-71_diffuse.jpg,/Volumes/Data/University/PPMGR/Blender_Mat_Generator_PPMGR/Projects/textures
wood-72_diffuse.jpg,/Volumes/Data/University/PPMGR/Blender_Mat_Generator_PPMGR/Projects/textures/wood-72_diffuse.jpg,/Volumes/Data/University/PPMGR/Blender_Mat_Generator_PPMGR/Projects/textures
wood-73_diffuse.jpg,/Volumes/Data/University/PPMGR/Blender_Mat_Generator_PPMGR/Projects/textures/wood-73_diffuse.jpg,/Volumes/Data/University/PPMGR/Blender_Mat_Generator_PPMGR/Projects/textures
wood-74_diffuse.jpg,/Volumes/Data/University/PPMGR/Blender_Mat_Generator_PPMGR/Projects/textures/wood-74_diffuse.jpg,/Volumes/Data/University/PPMGR/Blender_Mat_Generator_PPMGR/Projects/textures
wood-75_diffuse.jpg,/Volumes/Data/University/PPMGR/Blender_Mat_Generator_PPMGR/Projects/textures/wood-75_diffuse.jpg,/Volumes/Data/University/PPMGR/Blender_Mat_Generator_PPMGR/Projects/textures
wood-76_diffuse.jpg,/Volumes/Data/University/PPMGR/Blender_Mat_Generator_PPMGR/Projects/textures/wood-76_diffuse.jpg,/Volumes/Data/University/PPMGR/Blender_Mat_Generator_PPMGR/Projects/textures
wood-77_diffuse.jpg,/Volumes/Data/University/PPMGR/Blender_Mat_Generator_PPMGR/Projects/textures/wood-77_diffuse.jpg,/Volumes/Data/University/PPMGR/Blender_Mat_Generator_PPMGR/Projects/textures
wood-78_diffuse.jpg,/Volumes/Data/University/PPMGR/Blender_Mat_Generator_PPMGR/Projects/textures/wood-78_diffuse.jpg,/Volumes/Data/University/PPMGR/Blender_Mat_Generator_PPMGR/Projects/textures
wood-79_diffuse.jpg,/Volumes/Data/University/PPMGR/Blender_Mat_Generator_PPMGR/Projects/textures/wood-79_diffuse.jpg,/Volumes/Data/University/PPMGR/Blender_Mat_Generator_PPMGR/Projects/textures
wood-80_diffuse.jpg,/Volumes/Data/University/PPMGR/Blender_Mat_Generator_PPMGR/Projects/textures/wood-80_diffuse.jpg,/Volumes/Data/University/PPMGR/Blender_Mat_Generator_PPMGR/Projects/textures
wood-81_diffuse.jpg,/Volumes/Data/University/PPMGR/Blender_Mat_Generator_PPMGR/Projects/textures/wood-81_diffuse.jpg,/Volumes/Data/University/PPMGR/Blender_Mat_Generator_PPMGR/Projects/textures
wood-82_diffuse.jpg,/Volumes/Data/University/PPMGR/Blender_Mat_Generator_PPMGR/Projects/textures/wood-82_diffuse.jpg,/Volumes/Data/University/PPMGR/Blender_Mat_Generator_PPMGR/Projects/textures
wood-83_diffuse.jpg,/Volumes/Data/University/PPMGR/Blender_Mat_Generator_PPMGR/Projects/textures/wood-83_diffuse.jpg,/Volumes/Data/University/PPMGR/Blender_Mat_Generator_PPMGR/Projects/textures
wood-84_diffuse.jpg,/Volumes/Data/University/PPMGR/Blender_Mat_Generator_PPMGR/Projects/textures/wood-84_diffuse.jpg,/Volumes/Data/University/PPMGR/Blender_Mat_Generator_PPMGR/Projects/textures
wood-85_diffuse.jpg,/Volumes/Data/University/PPMGR/Blender_Mat_Generator_PPMGR/Projects/textures/wood-85_diffuse.jpg,/Volumes/Data/University/PPMGR/Blender_Mat_Generator_PPMGR/Projects/textures
wood-86_diffuse.jpg,/Volumes/Data/University/PPMGR/Blender_Mat_Generator_PPMGR/Projects/textures/wood-86_diffuse.jpg,/Volumes/Data/University/PPMGR/Blender_Mat_Generator_PPMGR/Projects/textures
wood-87_diffuse.jpg,/Volumes/Data/University/PPMGR/Blender_Mat_Generator_PPMGR/Projects/textures/wood-87_diffuse.jpg,/Volumes/Data/University/PPMGR/Blender_Mat_Generator_PPMGR/Projects/textures
wood-88_diffuse.jpg,/Volumes/Data/University/PPMGR/Blender_Mat_Generator_PPMGR/Projects/textures/wood-88_diffuse.jpg,/Volumes/Data/University/PPMGR/Blender_Mat_Generator_PPMGR/Projects/textures
wood-89_diffuse.jpg,/Volumes/Data/University/PPMGR/Blender_Mat_Generator_PPMGR/Projects/textures/wood-89_diffuse.jpg,/Volumes/Data/University/PPMGR/Blender_Mat_Generator_PPMGR/Projects/textures
wood-8_diffuse.jpg,/Volumes/Data/University/PPMGR/Blender_Mat_Generator_PPMGR/Projects/textures/wood-8_diffuse.jpg,/Volumes/Data/University/PPMGR/Blender_Mat_Generator_PPMGR/Projects/textures
wood-90_diffuse.jpg,/Volumes/Data/University/PPMGR/Blender_Mat_Generator_PPMGR/Projects/textures/wood-90_diffuse.jpg,/Volumes/Data/University/PPMGR/Blender_Mat_Generator_PPMGR/Projects/textures
wood-91_diffuse.jpg,/Volumes/Data/University/PPMGR/Blender_Mat_Generator_PPMGR/Projects/textures/wood-91_diffuse.jpg,/Volumes/Data/University/PPMGR/Blender_Mat_Generator_PPMGR/Projects/textures
wood-91_diffuse.jpg.png,/Volumes/Data/University/PPMGR/Blender_Mat_Generator_PPMGR/Projects/textures/wood-91_diffuse.jpg.png,/Volumes/Data/University/PPMGR/Blender_Mat_Generator_PPMGR/Projects/textures
wood-92_diffuse.jpg,/Volumes/Data/University/PPMGR/Blender_Mat_Generator_PPMGR/Projects/textures/wood-92_diffuse.jpg,/Volumes/Data/University/PPMGR/Blender_Mat_Generator_PPMGR/Projects/textures
wood-93_diffuse.jpg,/Volumes/Data/University/PPMGR/Blender_Mat_Generator_PPMGR/Projects/textures/wood-93_diffuse.jpg,/Volumes/Data/University/PPMGR/Blender_Mat_Generator_PPMGR/Projects/textures
wood-94_diffuse.jpg,/Volumes/Data/University/PPMGR/Blender_Mat_Generator_PPMGR/Projects/textures/wood-94_diffuse.jpg,/Volumes/Data/University/PPMGR/Blender_Mat_Generator_PPMGR/Projects/textures
wood-95_diffuse.jpg,/Volumes/Data/University/PPMGR/Blender_Mat_Generator_PPMGR/Projects/textures/wood-95_diffuse.jpg,/Volumes/Data/University/PPMGR/Blender_Mat_Generator_PPMGR/Projects/textures
wood-96_diffuse.jpg,/Volumes/Data/University/PPMGR/Blender_Mat_Generator_PPMGR/Projects/textures/wood-96_diffuse.jpg,/Volumes/Data/University/PPMGR/Blender_Mat_Generator_PPMGR/Projects/textures
wood-97_diffuse.jpg,/Volumes/Data/University/PPMGR/Blender_Mat_Generator_PPMGR/Projects/textures/wood-97_diffuse.jpg,/Volumes/Data/University/PPMGR/Blender_Mat_Generator_PPMGR/Projects/textures
wood-98_diffuse.jpg,/Volumes/Data/University/PPMGR/Blender_Mat_Generator_PPMGR/Projects/textures/wood-98_diffuse.jpg,/Volumes/Data/University/PPMGR/Blender_Mat_Generator_PPMGR/Projects/textures
wood-99_diffuse.jpg,/Volumes/Data/University/PPMGR/Blender_Mat_Generator_PPMGR/Projects/textures/wood-99_diffuse.jpg,/Volumes/Data/University/PPMGR/Blender_Mat_Generator_PPMGR/Projects/textures
wood-9_diffuse.jpg,/Volumes/Data/University/PPMGR/Blender_Mat_Generator_PPMGR/Projects/textures/wood-9_diffuse.jpg,/Volumes/Data/University/PPMGR/Blender_Mat_Generator_PPMGR/Projects/textures
wood_03_color.jpg,/Volumes/Data/University/PPMGR/Blender_Mat_Generator_PPMGR/Projects/textures/wood_03_color.jpg,/Volumes/Data/University/PPMGR/Blender_Mat_Generator_PPMGR/Projects/textures
wood_04_color.jpg,/Volumes/Data/University/PPMGR/Blender_Mat_Generator_PPMGR/Projects/textures/wood_04_color.jpg,/Volumes/Data/University/PPMGR/Blender_Mat_Generator_PPMGR/Projects/textures
wood_10_color.jpg,/Volumes/Data/University/PPMGR/Blender_Mat_Generator_PPMGR/Projects/textures/wood_10_color.jpg,/Volumes/Data/University/PPMGR/Blender_Mat_Generator_PPMGR/Projects/textures
wood_11_color.jpg,/Volumes/Data/University/PPMGR/Blender_Mat_Generator_PPMGR/Projects/textures/wood_11_color.jpg,/Volumes/Data/University/PPMGR/Blender_Mat_Generator_PPMGR/Projects/textures
wood_Albedo.jpg,/Volumes/Data/University/PPMGR/Blender_Mat_Generator_PPMGR/Projects/textures/wood_Albedo.jpg,/Volumes/Data/University/PPMGR/Blender_Mat_Generator_PPMGR/Projects/textures
wood_Base_color.jpg,/Volumes/Data/University/PPMGR/Blender_Mat_Generator_PPMGR/Projects/textures/wood_Base_color.jpg,/Volumes/Data/University/PPMGR/Blender_Mat_Generator_PPMGR/Projects/textures
wood__diffuse.jpg,/Volumes/Data/University/PPMGR/Blender_Mat_Generator_PPMGR/Projects/textures/wood__diffuse.jpg,/Volumes/Data/University/PPMGR/Blender_Mat_Generator_PPMGR/Projects/textures
wood_chips_diff_8k.jpg,/Volumes/Data/University/PPMGR/Blender_Mat_Generator_PPMGR/Projects/textures/wood_chips_diff_8k.jpg,/Volumes/Data/University/PPMGR/Blender_Mat_Generator_PPMGR/Projects/textures
wood_diffuse.jpg,/Volumes/Data/University/PPMGR/Blender_Mat_Generator_PPMGR/Projects/textures/wood_diffuse.jpg,/Volumes/Data/University/PPMGR/Blender_Mat_Generator_PPMGR/Projects/textures
wood_floor_deck_diff_8k.jpg,/Volumes/Data/University/PPMGR/Blender_Mat_Generator_PPMGR/Projects/textures/wood_floor_deck_diff_8k.jpg,/Volumes/Data/University/PPMGR/Blender_Mat_Generator_PPMGR/Projects/textures
wood_material_basecolor.jpg,/Volumes/Data/University/PPMGR/Blender_Mat_Generator_PPMGR/Projects/textures/wood_material_basecolor.jpg,/Volumes/Data/University/PPMGR/Blender_Mat_Generator_PPMGR/Projects/textures
wood_peeling_paint_weathered_diff_8k.jpg,/Volumes/Data/University/PPMGR/Blender_Mat_Generator_PPMGR/Projects/textures/wood_peeling_paint_weathered_diff_8k.jpg,/Volumes/Data/University/PPMGR/Blender_Mat_Generator_PPMGR/Projects/textures
wood_plank_diffuse.jpg,/Volumes/Data/University/PPMGR/Blender_Mat_Generator_PPMGR/Projects/textures/wood_plank_diffuse.jpg,/Volumes/Data/University/PPMGR/Blender_Mat_Generator_PPMGR/Projects/textures
wood_plank_wall_diff_8k.jpg,/Volumes/Data/University/PPMGR/Blender_Mat_Generator_PPMGR/Projects/textures/wood_plank_wall_diff_8k.jpg,/Volumes/Data/University/PPMGR/Blender_Mat_Generator_PPMGR/Projects/textures
wood_planks_diffuse.jpg,/Volumes/Data/University/PPMGR/Blender_Mat_Generator_PPMGR/Projects/textures/wood_planks_diffuse.jpg,/Volumes/Data/University/PPMGR/Blender_Mat_Generator_PPMGR/Projects/textures
wood_planks_dirt_diff_8k.jpg,/Volumes/Data/University/PPMGR/Blender_Mat_Generator_PPMGR/Projects/textures/wood_planks_dirt_diff_8k.jpg,/Volumes/Data/University/PPMGR/Blender_Mat_Generator_PPMGR/Projects/textures
wood_stone_pathway_diff_8k.jpg,/Volumes/Data/University/PPMGR/Blender_Mat_Generator_PPMGR/Projects/textures/wood_stone_pathway_diff_8k.jpg,/Volumes/Data/University/PPMGR/Blender_Mat_Generator_PPMGR/Projects/textures
wood_table_001_diff_16k.jpg,/Volumes/Data/University/PPMGR/Blender_Mat_Generator_PPMGR/Projects/textures/wood_table_001_diff_16k.jpg,/Volumes/Data/University/PPMGR/Blender_Mat_Generator_PPMGR/Projects/textures
wood_table_worn_diff_8k.jpg,/Volumes/Data/University/PPMGR/Blender_Mat_Generator_PPMGR/Projects/textures/wood_table_worn_diff_8k.jpg,/Volumes/Data/University/PPMGR/Blender_Mat_Generator_PPMGR/Projects/textures
wood_trunk_wall_diff_8k.jpg,/Volumes/Data/University/PPMGR/Blender_Mat_Generator_PPMGR/Projects/textures/wood_trunk_wall_diff_8k.jpg,/Volumes/Data/University/PPMGR/Blender_Mat_Generator_PPMGR/Projects/textures
woodceiling_1_basecolor-2K.png,/Volumes/Data/University/PPMGR/Blender_Mat_Generator_PPMGR/Projects/textures/woodceiling_1_basecolor-2K.png,/Volumes/Data/University/PPMGR/Blender_Mat_Generator_PPMGR/Projects/textures
woodceiling_1_basecolor-2K.png.png,/Volumes/Data/University/PPMGR/Blender_Mat_Generator_PPMGR/Projects/textures/woodceiling_1_basecolor-2K.png.png,/Volumes/Data/University/PPMGR/Blender_Mat_Generator_PPMGR/Projects/textures
woodcreator_1_basecolor.jpg,/Volumes/Data/University/PPMGR/Blender_Mat_Generator_PPMGR/Projects/textures/woodcreator_1_basecolor.jpg,/Volumes/Data/University/PPMGR/Blender_Mat_Generator_PPMGR/Projects/textures
woodcreator_basecolor.jpg,/Volumes/Data/University/PPMGR/Blender_Mat_Generator_PPMGR/Projects/textures/woodcreator_basecolor.jpg,/Volumes/Data/University/PPMGR/Blender_Mat_Generator_PPMGR/Projects/textures
wooden Parquet _BaseColor.jpg,/Volumes/Data/University/PPMGR/Blender_Mat_Generator_PPMGR/Projects/textures/wooden Parquet _BaseColor.jpg,/Volumes/Data/University/PPMGR/Blender_Mat_Generator_PPMGR/Projects/textures
wooden plank light_BaseColor.jpg,/Volumes/Data/University/PPMGR/Blender_Mat_Generator_PPMGR/Projects/textures/wooden plank light_BaseColor.jpg,/Volumes/Data/University/PPMGR/Blender_Mat_Generator_PPMGR/Projects/textures
wooden_garage_door_diff_8k.jpg,/Volumes/Data/University/PPMGR/Blender_Mat_Generator_PPMGR/Projects/textures/wooden_garage_door_diff_8k.jpg,/Volumes/Data/University/PPMGR/Blender_Mat_Generator_PPMGR/Projects/textures
wooden_planks_08_color.jpg,/Volumes/Data/University/PPMGR/Blender_Mat_Generator_PPMGR/Projects/textures/wooden_planks_08_color.jpg,/Volumes/Data/University/PPMGR/Blender_Mat_Generator_PPMGR/Projects/textures
wooden_planks_moss_color.jpg,/Volumes/Data/University/PPMGR/Blender_Mat_Generator_PPMGR/Projects/textures/wooden_planks_moss_color.jpg,/Volumes/Data/University/PPMGR/Blender_Mat_Generator_PPMGR/Projects/textures
wooden_rough_planks_diff_8k.jpg,/Volumes/Data/University/PPMGR/Blender_Mat_Generator_PPMGR/Projects/textures/wooden_rough_planks_diff_8k.jpg,/Volumes/Data/University/PPMGR/Blender_Mat_Generator_PPMGR/Projects/textures
woodenpine wood plank b_BaseColor.jpg,/Volumes/Data/University/PPMGR/Blender_Mat_Generator_PPMGR/Projects/textures/woodenpine wood plank b_BaseColor.jpg,/Volumes/Data/University/PPMGR/Blender_Mat_Generator_PPMGR/Projects/textures
woodenpine wood plank c_BaseColor.jpg,/Volumes/Data/University/PPMGR/Blender_Mat_Generator_PPMGR/Projects/textures/woodenpine wood plank c_BaseColor.jpg,/Volumes/Data/University/PPMGR/Blender_Mat_Generator_PPMGR/Projects/textures
woodenpine wood plank grey_BaseColor.jpg,/Volumes/Data/University/PPMGR/Blender_Mat_Generator_PPMGR/Projects/textures/woodenpine wood plank grey_BaseColor.jpg,/Volumes/Data/University/PPMGR/Blender_Mat_Generator_PPMGR/Projects/textures
woodenpine wood plank_BaseColor.jpg,/Volumes/Data/University/PPMGR/Blender_Mat_Generator_PPMGR/Projects/textures/woodenpine wood plank_BaseColor.jpg,/Volumes/Data/University/PPMGR/Blender_Mat_Generator_PPMGR/Projects/textures
woodparquet_56_basecolor-2K-2K.png,/Volumes/Data/University/PPMGR/Blender_Mat_Generator_PPMGR/Projects/textures/woodparquet_56_basecolor-2K-2K.png,/Volumes/Data/University/PPMGR/Blender_Mat_Generator_PPMGR/Projects/textures
woodparquet_57_basecolor-2K-2K.png,/Volumes/Data/University/PPMGR/Blender_Mat_Generator_PPMGR/Projects/textures/woodparquet_57_basecolor-2K-2K.png,/Volumes/Data/University/PPMGR/Blender_Mat_Generator_PPMGR/Projects/textures
woodparquet_58_basecolor-2K-2K.png,/Volumes/Data/University/PPMGR/Blender_Mat_Generator_PPMGR/Projects/textures/woodparquet_58_basecolor-2K-2K.png,/Volumes/Data/University/PPMGR/Blender_Mat_Generator_PPMGR/Projects/textures
woodparquet_59_basecolor-2K-2K.png,/Volumes/Data/University/PPMGR/Blender_Mat_Generator_PPMGR/Projects/textures/woodparquet_59_basecolor-2K-2K.png,/Volumes/Data/University/PPMGR/Blender_Mat_Generator_PPMGR/Projects/textures
woodparquet_60_basecolor-2K-2K.png,/Volumes/Data/University/PPMGR/Blender_Mat_Generator_PPMGR/Projects/textures/woodparquet_60_basecolor-2K-2K.png,/Volumes/Data/University/PPMGR/Blender_Mat_Generator_PPMGR/Projects/textures
woodparquet_60_basecolor-2K-2K.png.png,/Volumes/Data/University/PPMGR/Blender_Mat_Generator_PPMGR/Projects/textures/woodparquet_60_basecolor-2K-2K.png.png,/Volumes/Data/University/PPMGR/Blender_Mat_Generator_PPMGR/Projects/textures
woodparquet_62_BaseColor-2K.png,/Volumes/Data/University/PPMGR/Blender_Mat_Generator_PPMGR/Projects/textures/woodparquet_62_BaseColor-2K.png,/Volumes/Data/University/PPMGR/Blender_Mat_Generator_PPMGR/Projects/textures
woodparquet_63_BaseColor-2K.png,/Volumes/Data/University/PPMGR/Blender_Mat_Generator_PPMGR/Projects/textures/woodparquet_63_BaseColor-2K.png,/Volumes/Data/University/PPMGR/Blender_Mat_Generator_PPMGR/Projects/textures
woodparquet_64_BaseColor-2K.png,/Volumes/Data/University/PPMGR/Blender_Mat_Generator_PPMGR/Projects/textures/woodparquet_64_BaseColor-2K.png,/Volumes/Data/University/PPMGR/Blender_Mat_Generator_PPMGR/Projects/textures
woodparquet_65_BaseColor-2K.png,/Volumes/Data/University/PPMGR/Blender_Mat_Generator_PPMGR/Projects/textures/woodparquet_65_BaseColor-2K.png,/Volumes/Data/University/PPMGR/Blender_Mat_Generator_PPMGR/Projects/textures
woodparquet_66_BaseColor-2K.png,/Volumes/Data/University/PPMGR/Blender_Mat_Generator_PPMGR/Projects/textures/woodparquet_66_BaseColor-2K.png,/Volumes/Data/University/PPMGR/Blender_Mat_Generator_PPMGR/Projects/textures
woodparquet_67_BaseColor-2K.jpg,/Volumes/Data/University/PPMGR/Blender_Mat_Generator_PPMGR/Projects/textures/woodparquet_67_BaseColor-2K.jpg,/Volumes/Data/University/PPMGR/Blender_Mat_Generator_PPMGR/Projects/textures
woodparquet_68_BaseColor-2K.jpg,/Volumes/Data/University/PPMGR/Blender_Mat_Generator_PPMGR/Projects/textures/woodparquet_68_BaseColor-2K.jpg,/Volumes/Data/University/PPMGR/Blender_Mat_Generator_PPMGR/Projects/textures
woodparquet_70_BaseColor-2K.jpg,/Volumes/Data/University/PPMGR/Blender_Mat_Generator_PPMGR/Projects/textures/woodparquet_70_BaseColor-2K.jpg,/Volumes/Data/University/PPMGR/Blender_Mat_Generator_PPMGR/Projects/textures
woodparquet_71_BaseColor-2K.jpg,/Volumes/Data/University/PPMGR/Blender_Mat_Generator_PPMGR/Projects/textures/woodparquet_71_BaseColor-2K.jpg,/Volumes/Data/University/PPMGR/Blender_Mat_Generator_PPMGR/Projects/textures
woodparquet_72_basecolor-4K.jpg,/Volumes/Data/University/PPMGR/Blender_Mat_Generator_PPMGR/Projects/textures/woodparquet_72_basecolor-4K.jpg,/Volumes/Data/University/PPMGR/Blender_Mat_Generator_PPMGR/Projects/textures
woodparquet_73_basecolor-4K.jpg,/Volumes/Data/University/PPMGR/Blender_Mat_Generator_PPMGR/Projects/textures/woodparquet_73_basecolor-4K.jpg,/Volumes/Data/University/PPMGR/Blender_Mat_Generator_PPMGR/Projects/textures
woodparquet_74_BaseColor.jpg,/Volumes/Data/University/PPMGR/Blender_Mat_Generator_PPMGR/Projects/textures/woodparquet_74_BaseColor.jpg,/Volumes/Data/University/PPMGR/Blender_Mat_Generator_PPMGR/Projects/textures
woodparquet_75_BaseColor.jpg,/Volumes/Data/University/PPMGR/Blender_Mat_Generator_PPMGR/Projects/textures/woodparquet_75_BaseColor.jpg,/Volumes/Data/University/PPMGR/Blender_Mat_Generator_PPMGR/Projects/textures
woodparquet_76_BaseColor.jpg,/Volumes/Data/University/PPMGR/Blender_Mat_Generator_PPMGR/Projects/textures/woodparquet_76_BaseColor.jpg,/Volumes/Data/University/PPMGR/Blender_Mat_Generator_PPMGR/Projects/textures
woodparquet_77_BaseColor.jpg,/Volumes/Data/University/PPMGR/Blender_Mat_Generator_PPMGR/Projects/textures/woodparquet_77_BaseColor.jpg,/Volumes/Data/University/PPMGR/Blender_Mat_Generator_PPMGR/Projects/textures
woodparquet_78_BaseColor.jpg,/Volumes/Data/University/PPMGR/Blender_Mat_Generator_PPMGR/Projects/textures/woodparquet_78_BaseColor.jpg,/Volumes/Data/University/PPMGR/Blender_Mat_Generator_PPMGR/Projects/textures
woodparquet_79_BaseColor.jpg,/Volumes/Data/University/PPMGR/Blender_Mat_Generator_PPMGR/Projects/textures/woodparquet_79_BaseColor.jpg,/Volumes/Data/University/PPMGR/Blender_Mat_Generator_PPMGR/Projects/textures
woodparquet_80_BaseColor.jpg,/Volumes/Data/University/PPMGR/Blender_Mat_Generator_PPMGR/Projects/textures/woodparquet_80_BaseColor.jpg,/Volumes/Data/University/PPMGR/Blender_Mat_Generator_PPMGR/Projects/textures
woodparquet_81_BaseColor.jpg,/Volumes/Data/University/PPMGR/Blender_Mat_Generator_PPMGR/Projects/textures/woodparquet_81_BaseColor.jpg,/Volumes/Data/University/PPMGR/Blender_Mat_Generator_PPMGR/Projects/textures
woodparquet_83_BaseColor.jpg,/Volumes/Data/University/PPMGR/Blender_Mat_Generator_PPMGR/Projects/textures/woodparquet_83_BaseColor.jpg,/Volumes/Data/University/PPMGR/Blender_Mat_Generator_PPMGR/Projects/textures
woodparquet_84_BaseColor.jpg,/Volumes/Data/University/PPMGR/Blender_Mat_Generator_PPMGR/Projects/textures/woodparquet_84_BaseColor.jpg,/Volumes/Data/University/PPMGR/Blender_Mat_Generator_PPMGR/Projects/textures
woodparquet_85_BaseColor.jpg,/Volumes/Data/University/PPMGR/Blender_Mat_Generator_PPMGR/Projects/textures/woodparquet_85_BaseColor.jpg,/Volumes/Data/University/PPMGR/Blender_Mat_Generator_PPMGR/Projects/textures
woodparquet_86_BaseColor.jpg,/Volumes/Data/University/PPMGR/Blender_Mat_Generator_PPMGR/Projects/textures/woodparquet_86_BaseColor.jpg,/Volumes/Data/University/PPMGR/Blender_Mat_Generator_PPMGR/Projects/textures
woodparquet_87_BaseColor.jpg,/Volumes/Data/University/PPMGR/Blender_Mat_Generator_PPMGR/Projects/textures/woodparquet_87_BaseColor.jpg,/Volumes/Data/University/PPMGR/Blender_Mat_Generator_PPMGR/Projects/textures
woodparquet_88_BaseColor.jpg,/Volumes/Data/University/PPMGR/Blender_Mat_Generator_PPMGR/Projects/textures/woodparquet_88_BaseColor.jpg,/Volumes/Data/University/PPMGR/Blender_Mat_Generator_PPMGR/Projects/textures
woodparquet_89_BaseColor.jpg,/Volumes/Data/University/PPMGR/Blender_Mat_Generator_PPMGR/Projects/textures/woodparquet_89_BaseColor.jpg,/Volumes/Data/University/PPMGR/Blender_Mat_Generator_PPMGR/Projects/textures
woodparquet_90_BaseColor.jpg,/Volumes/Data/University/PPMGR/Blender_Mat_Generator_PPMGR/Projects/textures/woodparquet_90_BaseColor.jpg,/Volumes/Data/University/PPMGR/Blender_Mat_Generator_PPMGR/Projects/textures
woodplanks_color.jpg,/Volumes/Data/University/PPMGR/Blender_Mat_Generator_PPMGR/Projects/textures/woodplanks_color.jpg,/Volumes/Data/University/PPMGR/Blender_Mat_Generator_PPMGR/Projects/textures
woodplanks_color.jpg.png,/Volumes/Data/University/PPMGR/Blender_Mat_Generator_PPMGR/Projects/textures/woodplanks_color.jpg.png,/Volumes/Data/University/PPMGR/Blender_Mat_Generator_PPMGR/Projects/textures
wool_PBR_Diffuse.jpg,/Volumes/Data/University/PPMGR/Blender_Mat_Generator_PPMGR/Projects/textures/wool_PBR_Diffuse.jpg,/Volumes/Data/University/PPMGR/Blender_Mat_Generator_PPMGR/Projects/textures
wool_basecolor.jpg,/Volumes/Data/University/PPMGR/Blender_Mat_Generator_PPMGR/Projects/textures/wool_basecolor.jpg,/Volumes/Data/University/PPMGR/Blender_Mat_Generator_PPMGR/Projects/textures
wornWalkway_COLOR.jpg,/Volumes/Data/University/PPMGR/Blender_Mat_Generator_PPMGR/Projects/textures/wornWalkway_COLOR.jpg,/Volumes/Data/University/PPMGR/Blender_Mat_Generator_PPMGR/Projects/textures
worn_patterned_pavers_diff_16k.jpg,/Volumes/Data/University/PPMGR/Blender_Mat_Generator_PPMGR/Projects/textures/worn_patterned_pavers_diff_16k.jpg,/Volumes/Data/University/PPMGR/Blender_Mat_Generator_PPMGR/Projects/textures
worn_rock_natural_01_diff_8k.jpg,/Volumes/Data/University/PPMGR/Blender_Mat_Generator_PPMGR/Projects/textures/worn_rock_natural_01_diff_8k.jpg,/Volumes/Data/University/PPMGR/Blender_Mat_Generator_PPMGR/Projects/textures
woven rattan jute_BaseColor.png,/Volumes/Data/University/PPMGR/Blender_Mat_Generator_PPMGR/Projects/textures/woven rattan jute_BaseColor.png,/Volumes/Data/University/PPMGR/Blender_Mat_Generator_PPMGR/Projects/textures
wovenPatches_COLOR.jpg,/Volumes/Data/University/PPMGR/Blender_Mat_Generator_PPMGR/Projects/textures/wovenPatches_COLOR.jpg,/Volumes/Data/University/PPMGR/Blender_Mat_Generator_PPMGR/Projects/textures
xdfedbe_4K_Albedo.jpg,/Volumes/Data/University/PPMGR/Blender_Mat_Generator_PPMGR/Projects/textures/xdfedbe_4K_Albedo.jpg,/Volumes/Data/University/PPMGR/Blender_Mat_Generator_PPMGR/Projects/textures
xevkfgos_8K_Albedo.jpg,/Volumes/Data/University/PPMGR/Blender_Mat_Generator_PPMGR/Projects/textures/xevkfgos_8K_Albedo.jpg,/Volumes/Data/University/PPMGR/Blender_Mat_Generator_PPMGR/Projects/textures
xfgpebk_8K_Albedo.jpg,/Volumes/Data/University/PPMGR/Blender_Mat_Generator_PPMGR/Projects/textures/xfgpebk_8K_Albedo.jpg,/Volumes/Data/University/PPMGR/Blender_Mat_Generator_PPMGR/Projects/textures
yellow black tiles hexa_BaseColor.jpg,/Volumes/Data/University/PPMGR/Blender_Mat_Generator_PPMGR/Projects/textures/yellow black tiles hexa_BaseColor.jpg,/Volumes/Data/University/PPMGR/Blender_Mat_Generator_PPMGR/Projects/textures
yellow check hatch fabric_BaseColor.jpg,/Volumes/Data/University/PPMGR/Blender_Mat_Generator_PPMGR/Projects/textures/yellow check hatch fabric_BaseColor.jpg,/Volumes/Data/University/PPMGR/Blender_Mat_Generator_PPMGR/Projects/textures
yellowErodeRock-basecolor.jpg,/Volumes/Data/University/PPMGR/Blender_Mat_Generator_PPMGR/Projects/textures/yellowErodeRock-basecolor.jpg,/Volumes/Data/University/PPMGR/Blender_Mat_Generator_PPMGR/Projects/textures
yellow_balck_Tiles_Base_Color.jpg,/Volumes/Data/University/PPMGR/Blender_Mat_Generator_PPMGR/Projects/textures/yellow_balck_Tiles_Base_Color.jpg,/Volumes/Data/University/PPMGR/Blender_Mat_Generator_PPMGR/Projects/textures
yellow_dots_big_basecolor.jpg,/Volumes/Data/University/PPMGR/Blender_Mat_Generator_PPMGR/Projects/textures/yellow_dots_big_basecolor.jpg,/Volumes/Data/University/PPMGR/Blender_Mat_Generator_PPMGR/Projects/textures
yellow_dots_small_basecolor.jpg,/Volumes/Data/University/PPMGR/Blender_Mat_Generator_PPMGR/Projects/textures/yellow_dots_small_basecolor.jpg,/Volumes/Data/University/PPMGR/Blender_Mat_Generator_PPMGR/Projects/textures
yellow_plaster_02_diff_8k.jpg,/Volumes/Data/University/PPMGR/Blender_Mat_Generator_PPMGR/Projects/textures/yellow_plaster_02_diff_8k.jpg,/Volumes/Data/University/PPMGR/Blender_Mat_Generator_PPMGR/Projects/textures
yellow_plaster_diff_8k.jpg,/Volumes/Data/University/PPMGR/Blender_Mat_Generator_PPMGR/Projects/textures/yellow_plaster_diff_8k.jpg,/Volumes/Data/University/PPMGR/Blender_Mat_Generator_PPMGR/Projects/textures
yellow_stone_wall_diff_8k.jpg,/Volumes/Data/University/PPMGR/Blender_Mat_Generator_PPMGR/Projects/textures/yellow_stone_wall_diff_8k.jpg,/Volumes/Data/University/PPMGR/Blender_Mat_Generator_PPMGR/Projects/textures
zigzag fabric denim_BaseColor.jpg,/Volumes/Data/University/PPMGR/Blender_Mat_Generator_PPMGR/Projects/textures/zigzag fabric denim_BaseColor.jpg,/Volumes/Data/University/PPMGR/Blender_Mat_Generator_PPMGR/Projects/textures
zigzag_pattern_checker_tile_Base_Color.jpg,/Volumes/Data/University/PPMGR/Blender_Mat_Generator_PPMGR/Projects/textures/zigzag_pattern_checker_tile_Base_Color.jpg,/Volumes/Data/University/PPMGR/Blender_Mat_Generator_PPMGR/Projects/textures
zigzag_pattern_greenish_tile_Base_Color.jpg,/Volumes/Data/University/PPMGR/Blender_Mat_Generator_PPMGR/Projects/textures/zigzag_pattern_greenish_tile_Base_Color.jpg,/Volumes/Data/University/PPMGR/Blender_Mat_Generator_PPMGR/Projects/textures
Індійське Дерево_0231.jpg,/Volumes/Data/University/PPMGR/Blender_Mat_Generator_PPMGR/Projects/textures/Індійське Дерево_0231.jpg,/Volumes/Data/University/PPMGR/Blender_Mat_Generator_PPMGR/Projects/textures
Дуб Хелена_0026.jpg,/Volumes/Data/University/PPMGR/Blender_Mat_Generator_PPMGR/Projects/textures/Дуб Хелена_0026.jpg,/Volumes/Data/University/PPMGR/Blender_Mat_Generator_PPMGR/Projects/textures
Дуб Шамоні Темний_0030.jpg.png,/Volumes/Data/University/PPMGR/Blender_Mat_Generator_PPMGR/Projects/textures/Дуб Шамоні Темний_0030.jpg.png,/Volumes/Data/University/PPMGR/Blender_Mat_Generator_PPMGR/Projects/textures
Дуб Шамоні Темний_0030.jpg,/Volumes/Data/University/PPMGR/Blender_Mat_Generator_PPMGR/Projects/textures/Дуб Шамоні Темний_0030.jpg,/Volumes/Data/University/PPMGR/Blender_Mat_Generator_PPMGR/Projects/textures
Дуб артизан.jpg,/Volumes/Data/University/PPMGR/Blender_Mat_Generator_PPMGR/Projects/textures/Дуб артизан.jpg,/Volumes/Data/University/PPMGR/Blender_Mat_Generator_PPMGR/Projects/textures
Дуб артизан.jpg.001.png,/Volumes/Data/University/PPMGR/Blender_Mat_Generator_PPMGR/Projects/textures/Дуб артизан.jpg.001.png,/Volumes/Data/University/PPMGR/Blender_Mat_Generator_PPMGR/Projects/textures
Дуб-Cонома-0331-1.jpg,/Volumes/Data/University/PPMGR/Blender_Mat_Generator_PPMGR/Projects/textures/Дуб-Cонома-0331-1.jpg,/Volumes/Data/University/PPMGR/Blender_Mat_Generator_PPMGR/Projects/textures
Ріголетто Світлий_0431.JPG,/Volumes/Data/University/PPMGR/Blender_Mat_Generator_PPMGR/Projects/textures/Ріголетто Світлий_0431.JPG,/Volumes/Data/University/PPMGR/Blender_Mat_Generator_PPMGR/Projects/textures
Слива Валіс_0307.jpg,/Volumes/Data/University/PPMGR/Blender_Mat_Generator_PPMGR/Projects/textures/Слива Валіс_0307.jpg,/Volumes/Data/University/PPMGR/Blender_Mat_Generator_PPMGR/Projects/textures
